id,name,feed_url,outcome,http_status,format,entries,checked_at,final_url
"3dcfc8c2a8debb01","ACADIENSIS","https://journals.lib.unb.ca/index.php/Acadiensis/gateway/plugin/WebFeedGatewayPlugin/atom","feed-with-entries","200","atom","12","2026-10-04T12:56:31.984464+00:00","https://journals.lib.unb.ca/index.php/Acadiensis/gateway/plugin/WebFeedGatewayPlugin/atom"
"842b7c900cd51583","ACCIDENT ANALYSIS AND PREVENTION","https://rss.sciencedirect.com/publication/science/00014575","feed-with-entries","200","rss","61","2026-10-04T12:58:46.515802+00:00","https://rss.sciencedirect.com/publication/science/00014575"
"b148cc16a3f4781b","Acciones e Investigaciones Sociales","https://papiro.unizar.es/ojs/index.php/ais/es/gateway/plugin/WebFeedGatewayPlugin/atom","feed-with-entries","200","atom","100","2026-10-04T12:57:23.183721+00:00","https://papiro.unizar.es/ojs/index.php/ais/es/gateway/plugin/WebFeedGatewayPlugin/atom"
"b0b45ef421856dcc","ACM Transactions on Computational Logic","https://dl.acm.org/action/showFeed?type=etoc&feed=rss&jc=tocl","feed-with-entries","200","rdf","5","2026-10-04T12:55:17.749727+00:00","https://dl.acm.org/action/showFeed?type=etoc&feed=rss&jc=tocl"
"5cfbab610ee76927","ACM Transactions on Economics and Computation","https://dl.acm.org/action/showFeed?type=etoc&feed=rss&jc=teac","feed-with-entries","200","rdf","7","2026-10-04T13:00:52.276682+00:00","https://dl.acm.org/action/showFeed?type=etoc&feed=rss&jc=teac"
"d6fd2fda4386635b","ACM TRANSACTIONS ON MATHEMATICAL SOFTWARE","https://dl.acm.org/action/showFeed?type=etoc&feed=rss&jc=toms","feed-with-entries","200","rdf","10","2026-10-04T13:01:14.810121+00:00","https://dl.acm.org/action/showFeed?type=etoc&feed=rss&jc=toms"
"48d4f47252e04102","ACM Transactions on Spatial Algorithms and Systems","https://dl.acm.org/action/showFeed?type=etoc&feed=rss&jc=tsas","feed-with-entries","200","rdf","6","2026-10-04T13:01:25.442415+00:00","https://dl.acm.org/action/showFeed?type=etoc&feed=rss&jc=tsas"
"9d484b7218ed3dba","ACTA AGROBOTANICA","https://pbsociety.org.pl/journals/index.php/aa/gateway/plugin/WebFeedGatewayPlugin/atom","http-error","500","","","2026-10-04T12:57:24.031175+00:00",""
"f6d001c71e22af25","Acta Angiologica","https://journals.viamedica.pl/acta_angiologica/gateway/plugin/WebFeedGatewayPlugin/atom","feed-with-entries","200","atom","19","2026-10-04T12:56:40.756787+00:00","https://journals.viamedica.pl/acta_angiologica/gateway/plugin/WebFeedGatewayPlugin/atom"
"c3ae412000b05516","ACTA ASTRONOMICA","https://rss.sciencedirect.com/publication/science/00945765","feed-with-entries","200","rss","62","2026-10-04T13:01:09.122061+00:00","https://rss.sciencedirect.com/publication/science/00945765"
"9b68be8318c46018","Acta Bioethica","https://actabioethica.uchile.cl/index.php/AB/gateway/plugin/WebFeedGatewayPlugin/atom","feed-with-entries","200","atom","19","2026-10-04T12:54:33.005671+00:00","https://actabioethica.uchile.cl/index.php/AB/gateway/plugin/WebFeedGatewayPlugin/atom"
"33a2224d4c09a40a","Acta Brasiliensis","https://actabra.revistas.ufcg.edu.br/index.php/actabra/gateway/plugin/WebFeedGatewayPlugin/atom","feed-with-entries","200","atom","6","2026-10-04T12:54:33.181617+00:00","https://actabra.revistas.ufcg.edu.br/index.php/actabra/gateway/plugin/WebFeedGatewayPlugin/atom"
"369679e2fac113ad","ACTA CARSOLOGICA","https://ojs.zrc-sazu.si/carsologica/gateway/plugin/WebFeedGatewayPlugin/atom","feed-with-entries","200","atom","9","2026-10-04T12:57:16.215694+00:00","https://ojs.zrc-sazu.si/carsologica/gateway/plugin/WebFeedGatewayPlugin/atom"
"07a13d7bd5ba5c1c","Acta Colombiana de Psicologia","https://actacolombianapsicologia.ucatolica.edu.co/gateway/plugin/AnnouncementFeedGatewayPlugin/atom","feed-with-entries","200","atom","4","2026-10-04T12:54:33.574747+00:00","https://actacolombianapsicologia.ucatolica.edu.co/gateway/plugin/AnnouncementFeedGatewayPlugin/atom"
"d17202a56779b815","Acta Cybernetica","https://cyber.bibl.u-szeged.hu/index.php/actcybern/gateway/plugin/WebFeedGatewayPlugin/atom","feed-with-entries","200","atom","12","2026-10-04T12:55:09.795351+00:00","https://cyber.bibl.u-szeged.hu/index.php/actcybern/gateway/plugin/WebFeedGatewayPlugin/atom"
"425310acefae7a08","Acta Geographica Slovenica-Geografski Zbornik","https://ojs.zrc-sazu.si/ags/gateway/plugin/WebFeedGatewayPlugin/atom","feed-with-entries","200","atom","9","2026-10-04T13:01:00.852882+00:00","https://ojs.zrc-sazu.si/ags/gateway/plugin/WebFeedGatewayPlugin/atom"
"fdaf496a78808bb8","Acta Historica Universitatis Klaipedensis","https://e-journals.ku.lt/journal/AHUK/feeds/latest","feed-with-entries","200","rss","10","2026-10-04T12:55:20.268601+00:00","https://e-journals.ku.lt/journal/AHUK/feeds/latest"
"c86cef6a7730d7fb","Acta Mathematica Universitatis Comenianae","http://www.iam.fmph.uniba.sk/amuc/ojs/index.php/amuc/gateway/plugin/WebFeedGatewayPlugin/atom","tls-or-network-error","302","","","2026-10-04T12:59:54.630696+00:00",""
"4a1ef3282d4dd158","Acta Neophilologica","https://journals.uni-lj.si/ActaNeophilologica/gateway/plugin/WebFeedGatewayPlugin/atom","feed-with-entries","200","atom","30","2026-10-04T12:56:40.257495+00:00","https://journals.uni-lj.si/ActaNeophilologica/gateway/plugin/WebFeedGatewayPlugin/atom"
"9181cf24f44c32dc","ACTA NEUROBIOLOGIAE EXPERIMENTALIS","https://ane.pl/index.php/ane/gateway/plugin/WebFeedGatewayPlugin/atom","feed-with-entries","200","atom","7","2026-10-04T12:54:45.253805+00:00","https://ane.pl/index.php/ane/gateway/plugin/WebFeedGatewayPlugin/atom"
"cb668a3cddc7885c","Acta Otorhinolaryngologica Italica","https://www.actaitalica.it/gateway/plugin/WebFeedGatewayPlugin/atom","feed-with-entries","200","atom","11","2026-10-04T12:59:19.052627+00:00","https://www.actaitalica.it/gateway/plugin/WebFeedGatewayPlugin/atom"
"7b24e8f651c7e824","Acta Pharmaceutica Sinica B","https://rss.sciencedirect.com/publication/science/22113835","feed-with-entries","200","rss","100","2026-10-04T13:01:22.235867+00:00","https://rss.sciencedirect.com/publication/science/22113835"
"8936496c42f44092","ACTA PHARMACOLOGICA SINICA","https://www.nature.com/aps.rss","feed-with-entries","200","rdf","8","2026-10-04T13:00:15.070930+00:00","https://www.nature.com/aps.rss"
"5ecd625c372d168f","Acta Philosophica","https://www.actaphilosophica.it/gateway/plugin/WebFeedGatewayPlugin/atom","feed-with-entries","200","atom","19","2026-10-04T12:59:19.212203+00:00","https://www.actaphilosophica.it/gateway/plugin/WebFeedGatewayPlugin/atom"
"df0ffc5adb0b0473","Acta Poetica","https://revistas-filologicas.unam.mx/acta-poetica/index.php/ap/gateway/plugin/WebFeedGatewayPlugin/atom","feed-with-entries","200","atom","9","2026-10-04T12:58:10.980803+00:00","https://revistas-filologicas.unam.mx/acta-poetica/index.php/ap/gateway/plugin/WebFeedGatewayPlugin/atom"
"ef034a10a511e252","ACTA PSYCHOLOGICA","https://rss.sciencedirect.com/publication/science/00016918","feed-with-entries","200","rss","100","2026-10-04T13:01:29.161358+00:00","https://rss.sciencedirect.com/publication/science/00016918"
"302b4d0b0dcd515f","Acta Scientiarum Polonorum-Hortorum Cultus","https://czasopisma.up.lublin.pl/asphc/gateway/plugin/AnnouncementFeedGatewayPlugin/rss2","tls-or-network-error","","","","2026-10-04T12:55:11.631551+00:00",""
"dd3a592fffe7a3db","ACTA SCIENTIARUM-AGRONOMY","https://www.scielo.br/journal/asagr/feed/","access-blocked","403","","","2026-10-04T13:00:34.651690+00:00",""
"971cbf21a800ad5b","ACTA SOCIETATIS BOTANICORUM POLONIAE","https://pbsociety.org.pl/journals/index.php/asbp/gateway/plugin/WebFeedGatewayPlugin/atom","http-error","500","","","2026-10-04T13:01:00.935474+00:00",""
"2b4ad8bbed013894","ACTA TROPICA","https://rss.sciencedirect.com/publication/science/0001706X","feed-with-entries","200","rss","87","2026-10-04T13:01:36.018788+00:00","https://rss.sciencedirect.com/publication/science/0001706X"
"ade1b5892a56ebc1","Acta Universitatis Lodziensis Folia Litteraria Romanica","https://www.czasopisma.uni.lodz.pl/romanica/gateway/plugin/AnnouncementFeedGatewayPlugin/atom","feed-with-entries","200","atom","4","2026-10-04T12:59:39.724994+00:00","https://www.czasopisma.uni.lodz.pl/romanica/gateway/plugin/AnnouncementFeedGatewayPlugin/atom"
"89202542304b5d67","Acta Veterinaria Eurasia","https://actavet.org/index.php/pub/gateway/plugin/WebFeedGatewayPlugin/atom","feed-with-entries","200","atom","37","2026-10-04T12:54:33.650448+00:00","https://actavet.org/index.php/pub/gateway/plugin/WebFeedGatewayPlugin/atom"
"d5536410dbf7db76","ACTA VIROLOGICA","https://www.frontierspartnerships.org/journals/acta-virologica/rss","feed-with-entries","200","rss","20","2026-10-04T12:59:50.806055+00:00","https://www.frontierspartnerships.org/journals/acta-virologica/rss"
"f7df9febc0b49572","ACTA ZOOLOGICA ACADEMIAE SCIENTIARUM HUNGARICAE","https://ojs.mtak.hu/index.php/actazool/gateway/plugin/WebFeedGatewayPlugin/atom","feed-with-entries","200","atom","20","2026-10-04T12:57:10.328337+00:00","https://ojs.mtak.hu/index.php/actazool/gateway/plugin/WebFeedGatewayPlugin/atom"
"43cda30fd7576805","Actualizaciones en Osteologia","https://ojs.osteologia.org.ar/ojs33010/index.php/osteologia/gateway/plugin/WebFeedGatewayPlugin/atom","feed-with-entries","200","atom","15","2026-10-04T12:57:10.864640+00:00","https://ojs.osteologia.org.ar/ojs33010/index.php/osteologia/gateway/plugin/WebFeedGatewayPlugin/atom"
"da42278ee0b6eb0f","ADDICTIVE BEHAVIORS","https://rss.sciencedirect.com/publication/science/03064603","feed-with-entries","200","rss","59","2026-10-04T13:01:38.827789+00:00","https://rss.sciencedirect.com/publication/science/03064603"
"e16523924e1f68a5","ADMET and DMPK","https://pub.iapchem.org/ojs/index.php/admet/gateway/plugin/WebFeedGatewayPlugin/atom","feed-with-entries","200","atom","30","2026-10-04T12:57:41.347806+00:00","https://pub.iapchem.org/ojs/index.php/admet/gateway/plugin/WebFeedGatewayPlugin/atom"
"4d97db79635b7927","Administracao Publica e Gestao Social","https://periodicos.ufv.br/apgs/gateway/plugin/AnnouncementFeedGatewayPlugin/atom","tls-or-network-error","","","","2026-10-04T12:57:33.026859+00:00",""
"b65ffe70a1aceed1","Administracao-Ensino e Pesquisa","https://raep.emnuvens.com.br/raep/gateway/plugin/WebFeedGatewayPlugin/atom","feed-with-entries","200","atom","7","2026-10-04T12:57:47.775451+00:00","https://raep.emnuvens.com.br/raep/gateway/plugin/WebFeedGatewayPlugin/atom"
"903b45ddda5e3ae8","ADVANCED DRUG DELIVERY REVIEWS","https://rss.sciencedirect.com/publication/science/0169409X","feed-with-entries","200","rss","20","2026-10-04T13:01:40.754163+00:00","https://rss.sciencedirect.com/publication/science/0169409X"
"0a6d769091681274","Advances in Applied Energy","https://rss.sciencedirect.com/publication/science/26667924","feed-with-entries","200","rss","26","2026-10-04T13:01:42.530267+00:00","https://rss.sciencedirect.com/publication/science/26667924"
"2b43e58d72b33511","ADVANCES IN APPLIED MATHEMATICS","https://rss.sciencedirect.com/publication/science/01968858","feed-with-entries","200","rss","16","2026-10-04T13:01:43.889356+00:00","https://rss.sciencedirect.com/publication/science/01968858"
"5b739b643a3fe0fc","Advances in Applied Mathematics and Mechanics","https://global-sci.com/aamm/gateway/plugin/WebFeedGatewayPlugin/atom","not-found","404","","","2026-10-04T12:55:47.587332+00:00",""
"894a95ee37df8a97","Advances in Cancer Biology-Metastasis","https://rss.sciencedirect.com/publication/science/26673940","feed-with-entries","200","rss","37","2026-10-04T13:01:45.392599+00:00","https://rss.sciencedirect.com/publication/science/26673940"
"a05f216e821c67d2","Advances in Civil and Architectural Engineering","https://ojs.srce.hr/acae/gateway/plugin/WebFeedGatewayPlugin/atom","feed-with-entries","200","atom","30","2026-10-04T12:57:13.216624+00:00","https://ojs.srce.hr/acae/gateway/plugin/WebFeedGatewayPlugin/atom"
"ab983f8f6e41a4c9","ADVANCES IN COLLOID AND INTERFACE SCIENCE","https://rss.sciencedirect.com/publication/science/00018686","feed-with-entries","200","rss","61","2026-10-04T13:01:46.801947+00:00","https://rss.sciencedirect.com/publication/science/00018686"
"bc031fe31c0f9da4","Advances in Geo-Energy Research","https://www.yandy-ager.com/index.php/ager/gateway/plugin/WebFeedGatewayPlugin/atom","not-feed-xml","200","","","2026-10-04T13:00:49.756417+00:00","https://www.yandy-ager.com/index.php/ager/gateway/plugin/WebFeedGatewayPlugin/atom"
"000e85b7151e463d","Advances in Industrial and Manufacturing Engineering","https://rss.sciencedirect.com/publication/science/26669129","feed-with-entries","200","rss","21","2026-10-04T13:01:47.740388+00:00","https://rss.sciencedirect.com/publication/science/26669129"
"4d93e6dfb41223e5","Advances in Life Course Research","https://rss.sciencedirect.com/publication/science/15694909","feed-with-entries","200","rss","6","2026-10-04T13:01:48.894319+00:00","https://rss.sciencedirect.com/publication/science/15694909"
"28a583b783669130","ADVANCES IN SPACE RESEARCH","https://rss.sciencedirect.com/publication/science/02731177","feed-with-entries","200","rss","100","2026-10-04T13:01:49.620056+00:00","https://rss.sciencedirect.com/publication/science/02731177"
"9cb4167e242f5749","AEROSPACE AMERICA","https://aerospaceamerica.aiaa.org/feed/","feed-with-entries","200","rss","10","2026-10-04T12:54:36.181087+00:00","https://aerospaceamerica.aiaa.org/feed/"
"2615573bd9ca3a68","Afkar-Jurnal Akidah & Pemikiran Islam-Journal of Aqidah & Islamic Thought","https://ijie.um.edu.my/index.php/afkar/gateway/plugin/WebFeedGatewayPlugin/atom","feed-with-entries","200","atom","30","2026-10-04T12:56:02.555960+00:00","https://ijie.um.edu.my/index.php/afkar/gateway/plugin/WebFeedGatewayPlugin/atom"
"3d1c38b78f4e09c6","AFRICAN ENTOMOLOGY","https://www.africanentomology.com/gateway/plugin/WebFeedGatewayPlugin/atom","network-or-safety-error","","","","2026-10-04T12:59:19.404626+00:00",""
"e0e846b527b4b210","African Journal of Business Ethics","https://ajobe.journals.ac.za/pub/gateway/plugin/WebFeedGatewayPlugin/atom","feed-with-entries","200","atom","5","2026-10-04T12:54:38.700364+00:00","https://ajobe.journals.ac.za/pub/gateway/plugin/WebFeedGatewayPlugin/atom"
"f7171f7787f6356c","African Journal of Disability","https://ajod.org/index.php/ajod/gateway/plugin/WebFeedGatewayPlugin/atom","feed-with-entries","200","atom","10","2026-10-04T12:54:39.087882+00:00","https://ajod.org/index.php/ajod/gateway/plugin/WebFeedGatewayPlugin/atom"
"e94e159884921a60","African Journal of Information Systems","https://digitalcommons.kennesaw.edu/ajis/recent.rss","feed-with-entries","200","rss","20","2026-10-04T12:55:15.882704+00:00","https://digitalcommons.kennesaw.edu/ajis/recent.rss"
"6f062a6cc54db8d9","African Journal of Laboratory Medicine","https://ajlmonline.org/index.php/ajlm/gateway/plugin/WebFeedGatewayPlugin/atom","feed-with-entries","200","atom","10","2026-10-04T12:54:38.654146+00:00","https://ajlmonline.org/index.php/ajlm/gateway/plugin/WebFeedGatewayPlugin/atom"
"ab1b754a51e23c8a","African Journal of Primary Health Care & Family Medicine","https://phcfm.org/index.php/phcfm/gateway/plugin/WebFeedGatewayPlugin/atom","feed-with-entries","200","atom","10","2026-10-04T12:57:35.955287+00:00","https://phcfm.org/index.php/phcfm/gateway/plugin/WebFeedGatewayPlugin/atom"
"415c3d38cdb013f4","African Vision and Eye Health Journal","https://avehjournal.org/index.php/aveh/gateway/plugin/AnnouncementFeedGatewayPlugin/atom","feed-with-entries","200","atom","1","2026-10-04T12:54:51.536934+00:00","https://avehjournal.org/index.php/aveh/gateway/plugin/AnnouncementFeedGatewayPlugin/atom"
"1391f3f6a6507ea6","AGGRESSION AND VIOLENT BEHAVIOR","https://rss.sciencedirect.com/publication/science/13591789","feed-with-entries","200","rss","11","2026-10-04T13:01:50.382510+00:00","https://rss.sciencedirect.com/publication/science/13591789"
"4dd794d7ce4ecd82","Agrarforschung Schweiz","https://www.agrarforschungschweiz.ch/comments/feed/","feed-with-entries","200","rss","4","2026-10-04T12:59:20.058041+00:00","https://www.agrarforschungschweiz.ch/comments/feed/"
"e1bf8b531b2e21bf","AGRICULTURAL AND FOOD SCIENCE","https://journal.fi/afs/gateway/plugin/WebFeedGatewayPlugin/atom","feed-with-entries","200","atom","30","2026-10-04T12:56:22.135140+00:00","https://journal.fi/afs/gateway/plugin/WebFeedGatewayPlugin/atom"
"b8d153035f4f3817","AGRICULTURAL AND FOREST METEOROLOGY","https://rss.sciencedirect.com/publication/science/01681923","feed-with-entries","200","rss","100","2026-10-04T13:01:51.341838+00:00","https://rss.sciencedirect.com/publication/science/01681923"
"f53032cda89aa502","Agricultural and Resource Economics-International Scientific E-Journal","https://are-journal.com/are/gateway/plugin/WebFeedGatewayPlugin/atom","feed-with-entries","200","atom","9","2026-10-04T12:54:49.620375+00:00","https://are-journal.com/are/gateway/plugin/WebFeedGatewayPlugin/atom"
"e6077db860c700d9","Agricultural Water Management","https://rss.sciencedirect.com/publication/science/03783774","feed-with-entries","200","rss","100","2026-10-04T13:01:52.184453+00:00","https://rss.sciencedirect.com/publication/science/03783774"
"1916310eb667951d","Agrociencia Uruguay","http://www.scielo.edu.uy/rss.php?pid=2730-506620260001&lang=en","http-error","502","","","2026-10-04T13:00:35.845350+00:00",""
"17fd14b199e106ae","AgroLife Scientific Journal","https://agrolifejournal.usamv.ro/index.php/agrolife/gateway/plugin/WebFeedGatewayPlugin/atom","feed-with-entries","200","atom","25","2026-10-04T12:54:36.711652+00:00","https://agrolifejournal.usamv.ro/index.php/agrolife/gateway/plugin/WebFeedGatewayPlugin/atom"
"75d85adfaa1d5952","Al-Shajarah","https://journals.iium.edu.my/shajarah/index.php/shaj/gateway/plugin/WebFeedGatewayPlugin/atom","feed-with-entries","200","atom","11","2026-10-04T12:56:31.885443+00:00","https://journals.iium.edu.my/shajarah/index.php/shaj/gateway/plugin/WebFeedGatewayPlugin/atom"
"af9e1bdbfcf974f2","ALBERTA LAW REVIEW","https://albertalawreview.com/index.php/ALR/gateway/plugin/WebFeedGatewayPlugin/atom","feed-with-entries","200","atom","7","2026-10-04T12:54:40.444438+00:00","https://albertalawreview.com/index.php/ALR/gateway/plugin/WebFeedGatewayPlugin/atom"
"ecc4e7ee364f2f84","ALCHERINGA","https://onlinekpmggc.org.in/comments/feed/","empty-feed","200","rss","0","2026-10-04T12:57:19.212925+00:00","https://onlinekpmggc.org.in/comments/feed/"
"80a561e34395b974","Alea-Estudos Neolatinos","https://revistas.ufrj.br/index.php/alea/gateway/plugin/WebFeedGatewayPlugin/atom","feed-with-entries","200","atom","18","2026-10-04T12:58:25.920347+00:00","https://revistas.ufrj.br/index.php/alea/gateway/plugin/WebFeedGatewayPlugin/atom"
"9c62a70156eece77","Almatourism-Journal of Tourism Culture and Territorial Development","https://almatourism.unibo.it/gateway/plugin/AnnouncementFeedGatewayPlugin/atom","feed-with-entries","200","atom","3","2026-10-04T12:54:41.597089+00:00","https://almatourism.unibo.it/gateway/plugin/AnnouncementFeedGatewayPlugin/atom"
"734167f8785c458e","Alpha-Revista de Artes Letras y Filosofia","https://revistaalpha.ulagos.cl/es/gateway/plugin/WebFeedGatewayPlugin/atom","feed-with-entries","200","atom","30","2026-10-04T12:57:58.898584+00:00","https://revistaalpha.ulagos.cl/es/gateway/plugin/WebFeedGatewayPlugin/atom"
"2d1b2835b6cb9100","Alternativas. Cuadernos de Trabajo Social","https://alternativasts.ua.es/gateway/plugin/WebFeedGatewayPlugin/atom","feed-with-entries","200","atom","7","2026-10-04T12:54:41.619213+00:00","https://alternativasts.ua.es/gateway/plugin/WebFeedGatewayPlugin/atom"
"b1f14999bb5f07f7","AM Journal of Art and Media Studies","https://fmkjournals.fmk.edu.rs/index.php/AM/gateway/plugin/AnnouncementFeedGatewayPlugin/atom","feed-with-entries","200","atom","4","2026-10-04T12:55:40.823753+00:00","https://fmkjournals.fmk.edu.rs/index.php/AM/gateway/plugin/AnnouncementFeedGatewayPlugin/atom"
"3479b6a7516ef061","Amaltea-Revista de MitocrItica","https://revistas.ucm.es/index.php/AMAL/gateway/plugin/WebFeedGatewayPlugin/atom","feed-with-entries","200","atom","30","2026-10-04T12:58:18.653043+00:00","https://revistas.ucm.es/index.php/AMAL/en/gateway/plugin/WebFeedGatewayPlugin/atom"
"2743bee77e01a9e2","Amazonia Investiga","https://amazoniainvestiga.info/index.php/amazonia/gateway/plugin/WebFeedGatewayPlugin/atom","feed-with-entries","200","atom","5","2026-10-04T12:54:42.228323+00:00","https://amazoniainvestiga.info/index.php/amazonia/gateway/plugin/WebFeedGatewayPlugin/atom"
"a612faa6258594b6","AME Case Reports","https://acr.amegroups.org//gateway/plugin/WebFeedGatewayPlugin/atom","feed-with-entries","200","atom","58","2026-10-04T12:54:32.807589+00:00","https://acr.amegroups.org//gateway/plugin/WebFeedGatewayPlugin/atom"
"5705179403acb771","AMEGHINIANA","https://www.ameghiniana.org.ar/index.php/ameghiniana/gateway/plugin/WebFeedGatewayPlugin/atom","http-error","500","","","2026-10-04T12:59:22.854179+00:00",""
"b0bec59645ecbb20","America Latina Hoy-Revista de Ciencias Sociales","https://alh.usal.es/index.php/feed/","feed-with-entries","200","rss","3","2026-10-04T12:54:41.574516+00:00","https://alh.usal.es/index.php/feed/"
"d4a1602f9d465378","America sin Nombre","https://americasinnombre.ua.es/gateway/plugin/WebFeedGatewayPlugin/atom","feed-with-entries","200","atom","15","2026-10-04T12:54:43.232330+00:00","https://americasinnombre.ua.es/gateway/plugin/WebFeedGatewayPlugin/atom"
"ef470dd7e847c609","AMERICAN HEART JOURNAL","https://rss.sciencedirect.com/publication/science/00028703","feed-with-entries","200","rss","42","2026-10-04T13:01:52.799236+00:00","https://rss.sciencedirect.com/publication/science/00028703"
"eefc0a5a776b9d0c","American Heart Journal Plus: Cardiology Research and Practice","https://rss.sciencedirect.com/publication/science/26666022","feed-with-entries","200","rss","76","2026-10-04T13:01:54.013285+00:00","https://rss.sciencedirect.com/publication/science/26666022"
"76c04bb77a08c128","AMERICAN JOURNAL OF EMERGENCY MEDICINE","https://rss.sciencedirect.com/publication/science/07356757","feed-with-entries","200","rss","100","2026-10-04T13:01:54.961150+00:00","https://rss.sciencedirect.com/publication/science/07356757"
"32f76e155f0d167f","American Journal of Obstetrics & Gynecology MFM","https://rss.sciencedirect.com/publication/science/25899333","feed-with-entries","200","rss","60","2026-10-04T13:01:56.091161+00:00","https://rss.sciencedirect.com/publication/science/25899333"
"89889e88fc937c42","AMERICAN JOURNAL OF ORTHODONTICS AND DENTOFACIAL ORTHOPEDICS","https://rss.sciencedirect.com/publication/science/08895406","feed-with-entries","200","rss","83","2026-10-04T13:01:57.396428+00:00","https://rss.sciencedirect.com/publication/science/08895406"
"637b50fe9778a5e7","AMERICAN JOURNAL OF PATHOLOGY","https://rss.sciencedirect.com/publication/science/00029440","feed-with-entries","200","rss","65","2026-10-04T13:01:58.162293+00:00","https://rss.sciencedirect.com/publication/science/00029440"
"17b55b0a03b047ab","American Journal of Preventive Cardiology","https://rss.sciencedirect.com/publication/science/26666677","feed-with-entries","200","rss","100","2026-10-04T13:01:58.921712+00:00","https://rss.sciencedirect.com/publication/science/26666677"
"72726b9f729245ce","AMPHIBIA-REPTILIA","https://seh-herpetology.org/comments/feed/","network-or-safety-error","","","","2026-10-04T12:59:01.046281+00:00",""
"113ae3d349614d26","Anacronismo e Irrupcion","https://publicaciones.sociales.uba.ar/index.php/anacronismo/gateway/plugin/WebFeedGatewayPlugin/atom","feed-with-entries","200","atom","30","2026-10-04T12:57:41.894644+00:00","https://publicaciones.sociales.uba.ar/index.php/anacronismo/es/gateway/plugin/WebFeedGatewayPlugin/atom"
"61a1cb7acb515815","ANAEROBE","https://rss.sciencedirect.com/publication/science/10759964","feed-with-entries","200","rss","32","2026-10-04T13:02:00.290726+00:00","https://rss.sciencedirect.com/publication/science/10759964"
"debf9b618ebdb17f","Anaesthesia and Intensive Care Medicine","https://rss.sciencedirect.com/publication/science/14720299","feed-with-entries","200","rss","34","2026-10-04T13:02:01.004812+00:00","https://rss.sciencedirect.com/publication/science/14720299"
"71522c42af804495","Anales AFA","https://anales.fisica.org.ar/index.php/analesafa/gateway/plugin/AnnouncementFeedGatewayPlugin/atom","feed-with-entries","200","atom","30","2026-10-04T12:54:43.998540+00:00","https://anales.fisica.org.ar/index.php/analesafa/gateway/plugin/AnnouncementFeedGatewayPlugin/atom"
"3279c6d5bc17a8f9","Anales de Historia del Arte","https://revistas.ucm.es/index.php/ANHA/gateway/plugin/WebFeedGatewayPlugin/atom","feed-with-entries","200","atom","30","2026-10-04T13:01:04.976548+00:00","https://revistas.ucm.es/index.php/ANHA/es/gateway/plugin/WebFeedGatewayPlugin/atom"
"ef1fb137a28cd614","Anales de la Facultad de Medicina-Universidad de la Republica Uruguay","https://revistas.udelar.edu.uy/OJS/index.php/anfamed/gateway/plugin/WebFeedGatewayPlugin/atom","feed-with-entries","200","atom","19","2026-10-04T12:58:22.294218+00:00","https://revistas.udelar.edu.uy/OJS/index.php/anfamed/gateway/plugin/WebFeedGatewayPlugin/atom"
"642bc6ffd2d06405","Anales de Literatura Chilena","https://analesliteraturachilena.letras.uc.cl/index.php/alch/gateway/plugin/WebFeedGatewayPlugin/atom","access-blocked","403","","","2026-10-04T12:54:44.490603+00:00",""
"88db8b23a7b8749c","Anales de Literatura Espanola","https://ale.ua.es/gateway/plugin/WebFeedGatewayPlugin/atom","feed-with-entries","200","atom","18","2026-10-04T12:54:40.761698+00:00","https://ale.ua.es/gateway/plugin/WebFeedGatewayPlugin/atom"
"e479cda23303bf87","Anales de Psicologia","https://revistas.um.es/analesps/gateway/plugin/WebFeedGatewayPlugin/atom","feed-with-entries","200","atom","10","2026-10-04T12:58:26.905298+00:00","https://revistas.um.es/analesps/gateway/plugin/WebFeedGatewayPlugin/atom"
"f81955bb280ef225","Anales del Instituto de Actuarios Espanoles","https://revistas.actuarios.org/index.php/aiae/gateway/plugin/AnnouncementFeedGatewayPlugin/atom","feed-with-entries","200","atom","8","2026-10-04T12:58:12.844873+00:00","https://revistas.actuarios.org/index.php/aiae/gateway/plugin/AnnouncementFeedGatewayPlugin/atom"
"bf3ed1ece63441e9","Anales del Sistema Sanitario De Navarra","https://scielo.isciii.es/rss.php?pid=1137-662720240003&lang=en","feed-with-entries","200","rss","13","2026-10-04T12:58:58.531063+00:00","https://scielo.isciii.es/rss.php?pid=1137-662720240003&lang=en"
"1edb2e0cf228315d","Analysis in Theory and Applications","https://global-sci.com/ata/gateway/plugin/WebFeedGatewayPlugin/atom","not-found","404","","","2026-10-04T13:00:53.524782+00:00",""
"ad03fd05624efe85","ANALYST","http://feeds.rsc.org/rss/an","feed-with-entries","200","rss","100","2026-10-04T12:55:37.621787+00:00","http://feeds.rsc.org/rss/an"
"a0d307408fa1f06f","Analytic Methods in Accident Research","https://rss.sciencedirect.com/publication/science/22136657","feed-with-entries","200","rss","11","2026-10-04T13:02:02.273749+00:00","https://rss.sciencedirect.com/publication/science/22136657"
"12d843afc9539469","Analytica Chimica Acta","https://rss.sciencedirect.com/publication/science/00032670","feed-with-entries","200","rss","87","2026-10-04T13:02:02.823472+00:00","https://rss.sciencedirect.com/publication/science/00032670"
"f21a0248e61bcbf4","ANASTHESIOLOGIE & INTENSIVMEDIZIN","https://www.ai-online.info/?format=feed&type=rss","feed-with-entries","200","rss","31","2026-10-04T12:59:21.430199+00:00","https://www.ai-online.info/?format=feed&type=rss"
"478d7a3f3d706371","Andes Pediatrica","http://www.scielo.cl/rss.php?pid=2452-605320250006&lang=en","access-blocked","403","","","2026-10-04T13:00:35.819656+00:00",""
"512bf79fbf67ba71","ANNALES DE DERMATOLOGIE ET DE VENEREOLOGIE","https://rss.sciencedirect.com/publication/science/01519638","feed-with-entries","200","rss","57","2026-10-04T13:02:04.370226+00:00","https://rss.sciencedirect.com/publication/science/01519638"
"c8d94251116f8d28","ANNALES DE L INSTITUT FOURIER","https://aif.centre-mersenne.org/fr/latest/feed/aif/","feed-with-entries","200","rss","20","2026-10-04T12:54:37.181592+00:00","https://aif.centre-mersenne.org/fr/latest/feed/aif/"
"f93c109149e8697f","ANNALES DE PALEONTOLOGIE","https://rss.sciencedirect.com/publication/science/07533969","feed-with-entries","200","rss","11","2026-10-04T13:02:05.265162+00:00","https://rss.sciencedirect.com/publication/science/07533969"
"02e363853d5a3f2e","Annales Fennici Mathematici","https://afm.journal.fi/gateway/plugin/WebFeedGatewayPlugin/atom","feed-with-entries","200","atom","30","2026-10-04T12:54:36.199321+00:00","https://afm.journal.fi/gateway/plugin/WebFeedGatewayPlugin/atom"
"f7b86e66c1b891ba","ANNALES SCIENTIFIQUES DE L ECOLE NORMALE SUPERIEURE","https://annales-ens.centre-mersenne.org/index.php/ASENS/gateway/plugin/WebFeedGatewayPlugin/atom","feed-with-entries","200","atom","3","2026-10-04T12:54:45.390025+00:00","https://annales-ens.centre-mersenne.org/index.php/ASENS/gateway/plugin/WebFeedGatewayPlugin/atom"
"ceeb53278dbfdb93","Annales Universitatis Paedagogicae Cracoviensis-Studia Mathematica","https://studmath.uken.krakow.pl/gateway/plugin/WebFeedGatewayPlugin/atom","feed-with-entries","200","atom","2","2026-10-04T12:59:04.871447+00:00","https://studmath.uken.krakow.pl/gateway/plugin/WebFeedGatewayPlugin/atom"
"6a504e1e266eef08","ANNALI DELL ISTITUTO SUPERIORE DI SANITA","https://annali.iss.it/index.php/anna/gateway/plugin/WebFeedGatewayPlugin/atom","feed-with-entries","200","atom","13","2026-10-04T12:54:45.543112+00:00","https://annali.iss.it/index.php/anna/gateway/plugin/WebFeedGatewayPlugin/atom"
"18a2fec5ec861397","Annali di Botanica","https://rosa.uniroma1.it/rosa04/annali_di_botanica/gateway/plugin/AnnouncementFeedGatewayPlugin/atom","feed-with-entries","200","atom","11","2026-10-04T12:58:46.167389+00:00","https://rosa.uniroma1.it/rosa04/annali_di_botanica/gateway/plugin/AnnouncementFeedGatewayPlugin/atom"
"9453bca7dc9d6471","ANNALS OF ANATOMY-ANATOMISCHER ANZEIGER","https://rss.sciencedirect.com/publication/science/09409602","feed-with-entries","200","rss","32","2026-10-04T13:02:06.090723+00:00","https://rss.sciencedirect.com/publication/science/09409602"
"e1b8ac78c146df9f","Annals of Cardiothoracic Surgery","https://www.annalscts.com//gateway/plugin/WebFeedGatewayPlugin/atom","feed-with-entries","200","atom","17","2026-10-04T12:59:23.688714+00:00","https://www.annalscts.com//gateway/plugin/WebFeedGatewayPlugin/atom"
"68d01300f6375346","Annals of Forest Research","https://www.afrjournal.org/index.php/afr/gateway/plugin/WebFeedGatewayPlugin/atom","feed-with-entries","200","atom","30","2026-10-04T12:59:19.730192+00:00","https://www.afrjournal.org/index.php/afr/gateway/plugin/WebFeedGatewayPlugin/atom"
"97a332102dde9e7f","Annals of Gastroenterology","http://www.annalsgastro.gr/index.php/annalsgastro/gateway/plugin/WebFeedGatewayPlugin/atom","feed-with-entries","200","atom","14","2026-10-04T12:59:23.831234+00:00","http://www.annalsgastro.gr/index.php/annalsgastro/gateway/plugin/WebFeedGatewayPlugin/atom"
"8ce663331972eff6","Annals of Geriatric Medicine and Research","https://www.e-agmr.org/journal/rss/xml/feed.xml","feed-with-entries","200","rss","867","2026-10-04T12:59:41.482428+00:00","https://www.e-agmr.org/journal/rss/xml/feed.xml"
"6a06b6b7c453bfc8","Annals of Hepatology","https://rss.sciencedirect.com/publication/science/16652681","feed-with-entries","200","rss","89","2026-10-04T13:02:06.910601+00:00","https://rss.sciencedirect.com/publication/science/16652681"
"6b16def2b379665e","Annals of Joint","https://aoj.amegroups.org//gateway/plugin/WebFeedGatewayPlugin/atom","feed-with-entries","200","atom","12","2026-10-04T12:54:47.067247+00:00","https://aoj.amegroups.org//gateway/plugin/WebFeedGatewayPlugin/atom"
"db1d6aff73ec5ad9","Annals of Laparoscopic and Endoscopic Surgery","https://ales.amegroups.org//gateway/plugin/WebFeedGatewayPlugin/atom","feed-with-entries","200","atom","11","2026-10-04T12:54:41.300345+00:00","https://ales.amegroups.org//gateway/plugin/WebFeedGatewayPlugin/atom"
"00b782d3a4ef4bbf","ANNALS OF TOURISM RESEARCH","https://rss.sciencedirect.com/publication/science/01607383","feed-with-entries","200","rss","45","2026-10-04T13:02:08.123487+00:00","https://rss.sciencedirect.com/publication/science/01607383"
"ad3bdd96f8f7b8ae","ANNUAL REVIEWS IN CONTROL","https://rss.sciencedirect.com/publication/science/13675788","feed-with-entries","200","rss","32","2026-10-04T13:02:08.798566+00:00","https://rss.sciencedirect.com/publication/science/13675788"
"6d7a086547e4c337","Anthropological Measurements of Philosophical Research","https://ampr.ust.edu.ua/gateway/plugin/AnnouncementFeedGatewayPlugin/rss2","feed-with-entries","200","rss","8","2026-10-04T12:54:43.552669+00:00","https://ampr.ust.edu.ua/gateway/plugin/AnnouncementFeedGatewayPlugin/rss2"
"560babbc4f3702ff","Anthropological Notebooks","https://anthropological-notebooks.zrc-sazu.si/Notebooks/gateway/plugin/WebFeedGatewayPlugin/atom","feed-with-entries","200","atom","7","2026-10-04T12:54:46.019974+00:00","https://anthropological-notebooks.zrc-sazu.si/Notebooks/gateway/plugin/WebFeedGatewayPlugin/atom"
"54a72c0b5b5164cb","Anthropology & Aging","https://anthro-age.pitt.edu/ojs/anthro-age/gateway/plugin/WebFeedGatewayPlugin/atom","feed-with-entries","200","atom","7","2026-10-04T12:54:45.863919+00:00","https://anthro-age.pitt.edu/ojs/anthro-age/gateway/plugin/WebFeedGatewayPlugin/atom"
"b8f02a7be6d27b4e","Anuario de Filosofia del Derecho","https://revistas.mjusticia.gob.es/index.php/AFD/gateway/plugin/WebFeedGatewayPlugin/atom","feed-with-entries","200","atom","20","2026-10-04T12:58:16.222399+00:00","https://revistas.mjusticia.gob.es/index.php/AFD/gateway/plugin/WebFeedGatewayPlugin/atom"
"2fa33be845248457","Anuario de Historia de la Iglesia","https://revistas.unav.edu/index.php/anuario-de-historia-iglesia/gateway/plugin/WebFeedGatewayPlugin/atom","feed-with-entries","200","atom","5","2026-10-04T12:58:28.265711+00:00","https://revistas.unav.edu/index.php/anuario-de-historia-iglesia/gateway/plugin/WebFeedGatewayPlugin/atom"
"6f8ae0cb273e86e9","Aotearoa New Zealand Social Work","https://anzswjournal.nz/anzsw/gateway/plugin/WebFeedGatewayPlugin/atom","feed-with-entries","200","atom","12","2026-10-04T12:54:46.123606+00:00","https://anzswjournal.nz/anzsw/gateway/plugin/WebFeedGatewayPlugin/atom"
"3f154c1fd4f3b577","Application of Clinical Genetics","https://www.dovepress.com/feed/journal/36","feed-with-entries","200","rss","30","2026-10-04T12:59:40.502986+00:00","https://www.dovepress.com/feed/journal/36"
"96cabee4597c361e","APPLIED ACOUSTICS","https://rss.sciencedirect.com/publication/science/0003682X","feed-with-entries","200","rss","36","2026-10-04T13:02:09.545274+00:00","https://rss.sciencedirect.com/publication/science/0003682X"
"cab34f184e979451","APPLIED AND COMPUTATIONAL HARMONIC ANALYSIS","https://rss.sciencedirect.com/publication/science/10635203","feed-with-entries","200","rss","22","2026-10-04T13:02:10.420206+00:00","https://rss.sciencedirect.com/publication/science/10635203"
"beb8dd791acdb3d8","Applied Biological Research","https://acspublisher.com/journals/index.php/abr/gateway/plugin/WebFeedGatewayPlugin/atom","feed-with-entries","200","atom","30","2026-10-04T12:54:32.841467+00:00","https://www.acspublisher.com/journals/index.php/abr/gateway/plugin/WebFeedGatewayPlugin/atom"
"57fe17ab57886b3f","APPLIED CATALYSIS A-GENERAL","https://rss.sciencedirect.com/publication/science/0926860X","feed-with-entries","200","rss","48","2026-10-04T13:02:11.287201+00:00","https://rss.sciencedirect.com/publication/science/0926860X"
"81eb80aa06a0f27d","APPLIED ENERGY","https://rss.sciencedirect.com/publication/science/03062619","feed-with-entries","200","rss","100","2026-10-04T13:02:12.414909+00:00","https://rss.sciencedirect.com/publication/science/03062619"
"c724ab83d2f9a3c0","APPLIED NURSING RESEARCH","https://rss.sciencedirect.com/publication/science/08971897","feed-with-entries","200","rss","22","2026-10-04T13:02:13.558978+00:00","https://rss.sciencedirect.com/publication/science/08971897"
"7cb7ef1640c5ad6e","Applied Radiation and Isotopes","https://rss.sciencedirect.com/publication/science/09698043","feed-with-entries","200","rss","96","2026-10-04T13:02:15.090594+00:00","https://rss.sciencedirect.com/publication/science/09698043"
"3c5a61dc40bed222","Approaching Religion","https://journal.fi/ar/gateway/plugin/WebFeedGatewayPlugin/atom","feed-with-entries","200","atom","30","2026-10-04T13:00:54.123013+00:00","https://journal.fi/ar/gateway/plugin/WebFeedGatewayPlugin/atom"
"1338f26b3af3b008","Apuntes-Revista de Ciencias Sociales","https://revistas.up.edu.pe/index.php/apuntes/gateway/plugin/WebFeedGatewayPlugin/atom","tls-or-network-error","","","","2026-10-04T12:58:33.814445+00:00",""
"ea7a0f605e454b30","Aquaculture Reports","https://rss.sciencedirect.com/publication/science/23525134","feed-with-entries","200","rss","100","2026-10-04T13:02:16.046968+00:00","https://rss.sciencedirect.com/publication/science/23525134"
"50627c73bb2375c1","AQUATIC BOTANY","https://rss.sciencedirect.com/publication/science/03043770","feed-with-entries","200","rss","29","2026-10-04T13:02:16.909520+00:00","https://rss.sciencedirect.com/publication/science/03043770"
"14febcf783e8464c","Archaeologia Baltica","https://e-journals.ku.lt/journal/AB/feeds/latest","feed-with-entries","200","rss","10","2026-10-04T13:00:52.376677+00:00","https://e-journals.ku.lt/journal/AB/feeds/latest"
"efccdb839ef96e3a","Archeologicke Rozhledy","https://archeologickerozhledy.cz/index.php/ar/gateway/plugin/WebFeedGatewayPlugin/atom","network-or-safety-error","","","","2026-10-04T12:54:49.476881+00:00",""
"0d191a75dc2bfbfa","ARCHITECTURAL RECORD","https://www.architecturalrecord.com/rss/articles","feed-with-entries","200","rss","30","2026-10-04T12:59:25.157740+00:00","https://www.architecturalrecord.com/rss/articles"
"28b49b5072c8290b","Archives of Acoustics","https://acoustics.ippt.pan.pl/index.php/aa/gateway/plugin/WebFeedGatewayPlugin/atom","http-error","500","","","2026-10-04T12:54:32.684492+00:00",""
"5dd9fff8abf2731e","Archives of Aesthetic Plastic Surgery","https://e-aaps.org/journal/rss/xml/feed.xml","feed-with-entries","200","rss","600","2026-10-04T12:55:19.952909+00:00","https://e-aaps.org/journal/rss/xml/feed.xml"
"53cec0f9247b17f2","ARCHIVES OF MECHANICS","https://am.ippt.pan.pl/index.php/am/gateway/plugin/WebFeedGatewayPlugin/atom","http-error","500","","","2026-10-04T12:54:42.206474+00:00",""
"8a7ae0f98ea73a31","ARCHIVIO STORICO ITALIANO","https://www.deputazionetoscana.it/wordpress/?feed=rss2","feed-with-entries","200","rss","10","2026-10-04T12:59:39.908902+00:00","https://www.deputazionetoscana.it/wordpress/?feed=rss2"
"86d3685e51f4a9f7","ARCHIVOS DE BRONCONEUMOLOGIA","https://rss.sciencedirect.com/publication/science/03002896","feed-with-entries","200","rss","69","2026-10-04T13:02:17.710657+00:00","https://rss.sciencedirect.com/publication/science/03002896"
"2d04c8f357418572","Archivos de Medicina","https://www.archivosdemedicina.com/rss.xml","timeout","","","","2026-10-04T12:59:25.206060+00:00",""
"41ff9ab9e6d7e688","ARCHIVOS LATINOAMERICANOS DE NUTRICION","https://www.alanrevista.org/feed/","feed-with-entries","200","rss","50","2026-10-04T12:59:22.810417+00:00","https://www.alanrevista.org/feed"
"e19b8a85f01ebc2d","Archiwa Biblioteki i Muzea Koscielne","https://czasopisma.kul.pl/index.php/abmk/gateway/plugin/WebFeedGatewayPlugin/atom","network-or-safety-error","","","","2026-10-04T12:55:10.500838+00:00",""
"4bb2bb792353e079","ARCTIC","https://www.arctic.de/us/blog.rss","html-or-disallowed-doctype","200","","","2026-10-04T12:59:25.792455+00:00","https://www.arctic.de/en/"
"75726869c86c9e48","ArDIn-Arte Diseno e Ingenieria","https://polired.upm.es/index.php/ardin/gateway/plugin/WebFeedGatewayPlugin/atom","tls-or-network-error","","","","2026-10-04T12:57:38.452948+00:00",""
"923007ccafc57e78","Argentinian Journal of Applied Linguistics","https://ajal.faapi.org.ar/ojs-3.3.0-5/index.php/AJAL/gateway/plugin/WebFeedGatewayPlugin/atom","not-feed-xml","200","","","2026-10-04T12:54:37.565403+00:00","https://ajal.faapi.org.ar/ojs-3.3.0-5/index.php/AJAL/gateway/plugin/WebFeedGatewayPlugin/atom"
"81be008bba48bb70","Armenian Journal of Mathematics","https://armjmath.sci.am/index.php/ajm/gateway/plugin/AnnouncementFeedGatewayPlugin/atom","feed-with-entries","200","atom","6","2026-10-04T12:54:49.901368+00:00","https://armjmath.sci.am/index.php/ajm/gateway/plugin/AnnouncementFeedGatewayPlugin/atom"
"206be69203f69da5","ARO-The Scientific Journal of Koya University","https://aro.koyauniversity.org/index.php/aro/gateway/plugin/WebFeedGatewayPlugin/atom","feed-with-entries","200","atom","8","2026-10-04T12:54:49.942526+00:00","https://aro.koyauniversity.org/index.php/aro/gateway/plugin/WebFeedGatewayPlugin/atom"
"5421113c281497b5","Arquitecturas del Sur","https://revistaschilenas.uchile.cl/feed/rss_1.0/2250/23448","feed-with-entries","200","rdf","4","2026-10-04T12:58:35.196714+00:00","https://revistaschilenas.uchile.cl/feed/rss_1.0/2250/23448"
"373cb28ed398cc7d","ARQUIVO BRASILEIRO DE MEDICINA VETERINARIA E ZOOTECNIA","https://www.scielo.br/journal/abmvz/feed/","access-blocked","403","","","2026-10-04T13:01:13.290951+00:00",""
"a8ba079efdac48e7","Arquivos Brasileiros de Cardiologia","https://www.scielo.br/journal/abc/feed/","access-blocked","403","","","2026-10-04T13:01:23.831199+00:00",""
"321df4abf113e4e7","ARQUIVOS BRASILEROS DE PSICOLOGIA","https://revistas.ufrj.br/index.php/abp/gateway/plugin/WebFeedGatewayPlugin/atom","tls-or-network-error","","","","2026-10-04T13:01:05.825365+00:00",""
"ee7a55ca8ec73ee5","Arte y Ciudad-Revista de Investigacion","https://arteyciudad.com/revista/ayc/gateway/plugin/WebFeedGatewayPlugin/atom","feed-with-entries","200","atom","30","2026-10-04T12:54:50.018950+00:00","https://www.arteyciudad.com/revista/ayc/es/gateway/plugin/WebFeedGatewayPlugin/atom"
"afd5ab6d62d2cf17","ARTFORUM INTERNATIONAL","https://www.artforum.com/feed/rss/","feed-with-entries","200","rss","12","2026-10-04T12:59:26.062250+00:00","https://www.artforum.com/feed/"
"6e000e77076b2c34","ARTHROPOD STRUCTURE & DEVELOPMENT","https://rss.sciencedirect.com/publication/science/14678039","feed-with-entries","200","rss","12","2026-10-04T13:02:18.353566+00:00","https://rss.sciencedirect.com/publication/science/14678039"
"ed84f6e747f138a3","ARTS IN PSYCHOTHERAPY","https://rss.sciencedirect.com/publication/science/01974556","feed-with-entries","200","rss","56","2026-10-04T13:02:19.686844+00:00","https://rss.sciencedirect.com/publication/science/01974556"
"fc7c02ed8ae2e1a8","Asia Pacific Management Review","https://rss.sciencedirect.com/publication/science/10293132","feed-with-entries","200","rss","15","2026-10-04T13:02:21.561023+00:00","https://rss.sciencedirect.com/publication/science/10293132"
"16b72c828f3a1fe7","Asia-Pacific Journal of Sport Medicine Arthroscopy Rehabilitation and Technology","https://rss.sciencedirect.com/publication/science/22146873","feed-with-entries","200","rss","22","2026-10-04T13:02:22.308557+00:00","https://rss.sciencedirect.com/publication/science/22146873"
"c88e96dbc3fc7b79","Asian Journal of Psychiatry","https://rss.sciencedirect.com/publication/science/18762018","feed-with-entries","200","rss","42","2026-10-04T13:02:23.654350+00:00","https://rss.sciencedirect.com/publication/science/18762018"
"8883f9954f83aa49","Asian Journal of Social Science","https://rss.sciencedirect.com/publication/science/15684849","feed-with-entries","200","rss","18","2026-10-04T13:02:24.486323+00:00","https://rss.sciencedirect.com/publication/science/15684849"
"9a1e3867a0b2c2dd","Asian Spine Journal","https://www.asianspinejournal.org/journal/rss/xml/feed.xml","feed-with-entries","200","rss","930","2026-10-04T12:59:26.363488+00:00","https://www.asianspinejournal.org/journal/rss/xml/feed.xml"
"3d63cf44c58f44b2","Asian Studies-Azijske Studije","https://journals.uni-lj.si/as/gateway/plugin/WebFeedGatewayPlugin/atom","feed-with-entries","200","atom","30","2026-10-04T13:00:57.117796+00:00","https://journals.uni-lj.si/as/gateway/plugin/WebFeedGatewayPlugin/atom"
"1dbc5ca8022518b7","Asiatic-IIUM Journal of English Language and Literature","https://journals.iium.edu.my/asiatic/index.php/ajell/gateway/plugin/WebFeedGatewayPlugin/atom","feed-with-entries","200","atom","19","2026-10-04T13:00:54.731649+00:00","https://journals.iium.edu.my/asiatic/index.php/ajell/gateway/plugin/WebFeedGatewayPlugin/atom"
"e096f117229ad24b","Aspasia","https://www.aspasiaphilosophy.com/posts.rss","feed-with-entries","200","rss","50","2026-10-04T12:59:28.002741+00:00","https://www.aspasiaphilosophy.com/posts.rss"
"7661b67f0ebabd28","Astrolabio-Nueva Epoca","https://www.scielo.org.ar/rss.php?pid=1668-751520250002&lang=en","feed-with-entries","200","rss","13","2026-10-04T13:00:35.989770+00:00","https://www.scielo.org.ar/rss.php?pid=1668-751520250002&lang=en"
"686f9dc068743bf0","ASTROPARTICLE PHYSICS","https://rss.sciencedirect.com/publication/science/09276505","feed-with-entries","200","rss","6","2026-10-04T13:02:25.536811+00:00","https://rss.sciencedirect.com/publication/science/09276505"
"a9f62c7d22a50f55","Atmospheric and Oceanic Science Letters","https://rss.sciencedirect.com/publication/science/16742834","feed-with-entries","200","rss","55","2026-10-04T13:02:26.203841+00:00","https://rss.sciencedirect.com/publication/science/16742834"
"9318a88b75b05e6d","Atmospheric Environment-X","https://rss.sciencedirect.com/publication/science/25901621","feed-with-entries","200","rss","45","2026-10-04T13:02:27.588809+00:00","https://rss.sciencedirect.com/publication/science/25901621"
"74b7597f75fec083","Atmospheric Pollution Research","https://rss.sciencedirect.com/publication/science/13091042","feed-with-entries","200","rss","49","2026-10-04T13:02:28.541295+00:00","https://rss.sciencedirect.com/publication/science/13091042"
"0141bea4c30f712d","ATOM INDONESIA","https://atomindonesia.brin.go.id/index.php/aij/gateway/plugin/WebFeedGatewayPlugin/atom","tls-or-network-error","","","","2026-10-04T12:54:51.342703+00:00",""
"ba516a10a4106959","ATOMIC DATA AND NUCLEAR DATA TABLES","https://rss.sciencedirect.com/publication/science/0092640X","feed-with-entries","200","rss","10","2026-10-04T13:02:30.220324+00:00","https://rss.sciencedirect.com/publication/science/0092640X"
"98883ab0b2005f61","AURIS NASUS LARYNX","https://rss.sciencedirect.com/publication/science/03858146","feed-with-entries","200","rss","60","2026-10-04T13:02:30.915770+00:00","https://rss.sciencedirect.com/publication/science/03858146"
"c0f9034126373d98","Australasian Journal of Educational Technology","https://ajet.org.au/index.php/AJET/gateway/plugin/WebFeedGatewayPlugin/atom","network-or-safety-error","","","","2026-10-04T12:54:38.035008+00:00",""
"a4c657389ba36771","Australasian Journal of Logic","https://ojs.victoria.ac.nz/ajl/gateway/plugin/WebFeedGatewayPlugin/atom","feed-with-entries","200","atom","3","2026-10-04T12:57:15.519295+00:00","https://ojs.victoria.ac.nz/ajl/gateway/plugin/WebFeedGatewayPlugin/atom"
"a7475e82c2e7de62","AUSTRALIAN AND NEW ZEALAND JOURNAL OF PUBLIC HEALTH","https://rss.sciencedirect.com/publication/science/13260200","feed-with-entries","200","rss","21","2026-10-04T13:02:31.780153+00:00","https://rss.sciencedirect.com/publication/science/13260200"
"918c37523494431a","Australian Journal of Indigenous Education","https://ajie.atsis.uq.edu.au/ajie/gateway/plugin/WebFeedGatewayPlugin/atom","network-or-safety-error","","","","2026-10-04T12:54:38.052382+00:00",""
"59e87ff148fa6d48","Australian Journal of Otolaryngology","https://www.theajo.com//gateway/plugin/WebFeedGatewayPlugin/atom","feed-with-entries","200","atom","4","2026-10-04T13:00:43.860817+00:00","https://www.theajo.com//gateway/plugin/WebFeedGatewayPlugin/atom"
"fae281e15036bfc7","Australian Journal of Teacher Education","https://ro.ecu.edu.au/ajte/recent.rss","feed-with-entries","200","rss","20","2026-10-04T12:58:46.129878+00:00","https://ro.ecu.edu.au/ajte/recent.rss"
"63ee291e497f903f","Austrian Journal of Statistics","https://ajs.or.at/index.php/ajs/gateway/plugin/WebFeedGatewayPlugin/atom","feed-with-entries","200","atom","30","2026-10-04T12:54:40.318065+00:00","https://ajs.or.at/index.php/ajs/gateway/plugin/WebFeedGatewayPlugin/atom"
"9348b987f02f709f","Avances en Psicologia Latinoamericana","https://revistas.urosario.edu.co/index.php/apl/gateway/plugin/WebFeedGatewayPlugin/atom","feed-with-entries","200","atom","5","2026-10-04T12:58:34.206876+00:00","https://revistas.urosario.edu.co/index.php/apl/gateway/plugin/WebFeedGatewayPlugin/atom"
"b946b3a1b4a6726b","B-ENT","https://www.b-ent.be/index.php/pub/gateway/plugin/WebFeedGatewayPlugin/atom","feed-with-entries","200","atom","29","2026-10-04T12:59:28.253008+00:00","https://www.b-ent.be/index.php/pub/gateway/plugin/WebFeedGatewayPlugin/atom"
"4f1ba5fd4319b9db","Baghdad Science Journal","https://bsj.uobaghdad.edu.iq/recent.rss","feed-with-entries","200","rss","20","2026-10-04T12:54:58.548236+00:00","https://bsj.uobaghdad.edu.iq/recent.rss"
"4b11683d84956eff","BALTIC FORESTRY","https://balticforestry.lammc.lt/bf/index.php?format=feed&type=rss","feed-with-entries","200","rss","4","2026-10-04T12:54:51.659836+00:00","https://balticforestry.lammc.lt/bf/index.php?format=feed&type=rss"
"0c1514a49f89a476","Baltic Journal of Health and Physical Activity","https://www.balticsportscience.com/recent.rss","feed-with-entries","200","rss","20","2026-10-04T12:59:28.416218+00:00","https://www.balticsportscience.com/recent.rss"
"3be104318d47efa8","Barataria-Revista Castellano-Manchega de Ciencias Sociales","https://revistabarataria.es/web/index.php/rb/gateway/plugin/WebFeedGatewayPlugin/atom","feed-with-entries","200","atom","8","2026-10-04T12:58:00.070312+00:00","https://revistabarataria.es/web/index.php/rb/gateway/plugin/WebFeedGatewayPlugin/atom"
"fb50ce73b482ecdf","BDJ Open","https://www.nature.com/bdjopen.rss","feed-with-entries","200","rdf","8","2026-10-04T13:01:13.282974+00:00","https://www.nature.com/bdjopen.rss"
"3485c0898e3199f5","BEHAVIOUR RESEARCH AND THERAPY","https://rss.sciencedirect.com/publication/science/00057967","feed-with-entries","200","rss","32","2026-10-04T13:02:32.432938+00:00","https://rss.sciencedirect.com/publication/science/00057967"
"195220a1bd5cb17f","Beilstein Journal of Nanotechnology","https://www.beilstein-journals.org/bjnano/content/rss.xml","feed-with-entries","200","rss","10","2026-10-04T12:59:28.905352+00:00","https://www.beilstein-journals.org/bjnano/content/rss.xml"
"07edf5b8d7a5714f","Beilstein Journal of Organic Chemistry","https://www.beilstein-journals.org/bjoc/content/rss.xml","feed-with-entries","200","rss","10","2026-10-04T13:01:10.986582+00:00","https://www.beilstein-journals.org/bjoc/content/rss.xml"
"f0eb9ae0393efcd2","BELGIAN JOURNAL OF ZOOLOGY","https://belgianjournalofzoology.eu/BJZ/gateway/plugin/WebFeedGatewayPlugin/atom","network-or-safety-error","","","","2026-10-04T12:54:52.100962+00:00",""
"f90dd5d6b52fa4f0","BERICHTE UBER LANDWIRTSCHAFT","https://www.buel.bmel.de/index.php/buel/gateway/plugin/WebFeedGatewayPlugin/atom","feed-with-entries","200","atom","30","2026-10-04T12:59:32.700173+00:00","https://www.buel.bmel.de/index.php/buel/gateway/plugin/WebFeedGatewayPlugin/atom"
"998b1ede393fc6a9","Best Practice & Research-Clinical Anaesthesiology","https://rss.sciencedirect.com/publication/science/15216896","feed-with-entries","200","rss","22","2026-10-04T13:02:33.609437+00:00","https://rss.sciencedirect.com/publication/science/15216896"
"772b1656e5c50a32","Biblical Annals","https://czasopisma.kul.pl/index.php/ba/gateway/plugin/AnnouncementFeedGatewayPlugin/atom","network-or-safety-error","","","","2026-10-04T13:00:52.232615+00:00",""
"976d4e132dcb6938","Big Data Research","https://rss.sciencedirect.com/publication/science/22145796","feed-with-entries","200","rss","34","2026-10-04T13:02:34.879395+00:00","https://rss.sciencedirect.com/publication/science/22145796"
"287b7d55d90d2ce4","Biochemical Engineering Journal","https://rss.sciencedirect.com/publication/science/1369703X","feed-with-entries","200","rss","66","2026-10-04T13:02:36.180187+00:00","https://rss.sciencedirect.com/publication/science/1369703X"
"4c24ce748b545250","BIOCHEMICAL SYSTEMATICS AND ECOLOGY","https://rss.sciencedirect.com/publication/science/03051978","feed-with-entries","200","rss","60","2026-10-04T13:02:36.935911+00:00","https://rss.sciencedirect.com/publication/science/03051978"
"b48f1b73a2bc8c2b","BIOCHIMICA ET BIOPHYSICA ACTA-BIOMEMBRANES","https://rss.sciencedirect.com/publication/science/00052736","feed-with-entries","200","rss","36","2026-10-04T13:02:38.020366+00:00","https://rss.sciencedirect.com/publication/science/00052736"
"6c15ea4b471104c2","BIOCHIMICA ET BIOPHYSICA ACTA-GENERAL SUBJECTS","https://rss.sciencedirect.com/publication/science/03044165","feed-with-entries","200","rss","29","2026-10-04T13:02:38.994755+00:00","https://rss.sciencedirect.com/publication/science/03044165"
"a13b7627d9a5990a","BIOCHIMICA ET BIOPHYSICA ACTA-MOLECULAR AND CELL BIOLOGY OF LIPIDS","https://rss.sciencedirect.com/publication/science/13881981","feed-with-entries","200","rss","11","2026-10-04T13:02:40.542240+00:00","https://rss.sciencedirect.com/publication/science/13881981"
"32875ac35381e341","Biofuel Research Journal-BRJ","https://www.biofueljournal.com/ju.rss","access-blocked","403","","","2026-10-04T12:59:29.293900+00:00",""
"a900da9dd2f2922a","Biolinguistics","https://bioling.psychopen.eu/index.php/bioling/gateway/plugin/WebFeedGatewayPlugin/atom","network-or-safety-error","","","","2026-10-04T12:54:53.852255+00:00",""
"20d3992a7fb0ff09","Biological Psychiatry-Cognitive Neuroscience and Neuroimaging","https://rss.sciencedirect.com/publication/science/24519022","feed-with-entries","200","rss","74","2026-10-04T13:02:41.867091+00:00","https://rss.sciencedirect.com/publication/science/24519022"
"6d6464d2d7311e1a","BIOLOGICAL PSYCHOLOGY","https://rss.sciencedirect.com/publication/science/03010511","feed-with-entries","200","rss","50","2026-10-04T13:02:42.964938+00:00","https://rss.sciencedirect.com/publication/science/03010511"
"0ddf397866ffae36","BIOLOGICALS","https://rss.sciencedirect.com/publication/science/10451056","feed-with-entries","200","rss","16","2026-10-04T13:02:44.530106+00:00","https://rss.sciencedirect.com/publication/science/10451056"
"5a75f713a8deae56","Biologics-Targets & Therapy","https://www.dovepress.com/feed/journal/8","feed-with-entries","200","rss","30","2026-10-04T13:01:11.122792+00:00","https://www.dovepress.com/feed/journal/8"
"1a8ae6871f7a9a18","Biology-Basel","https://bio.unibas.ch/en/feed/1339/feed.rss?cHash=ccf6e5421bcd68dce2f71541e9a186ef","feed-with-entries","200","rss","4","2026-10-04T12:54:53.757510+00:00","https://bio.unibas.ch/en/feed/1339/feed.rss?cHash=ccf6e5421bcd68dce2f71541e9a186ef"
"4a349b9340ba4177","BIOMASS & BIOENERGY","https://rss.sciencedirect.com/publication/science/09619534","feed-with-entries","200","rss","100","2026-10-04T13:02:45.763072+00:00","https://rss.sciencedirect.com/publication/science/09619534"
"7bf05d305f49b371","BIOMATERIALS","https://rss.sciencedirect.com/publication/science/01429612","feed-with-entries","200","rss","100","2026-10-04T13:02:47.387682+00:00","https://rss.sciencedirect.com/publication/science/01429612"
"92b4e3c3bdd92c41","Biomaterials Advances","https://rss.sciencedirect.com/publication/science/27729508","feed-with-entries","200","rss","76","2026-10-04T13:02:48.782564+00:00","https://rss.sciencedirect.com/publication/science/27729508"
"cc7eec1a9ba93979","BIOPHYSICAL CHEMISTRY","https://rss.sciencedirect.com/publication/science/03014622","feed-with-entries","200","rss","15","2026-10-04T13:02:50.231078+00:00","https://rss.sciencedirect.com/publication/science/03014622"
"e46583e94d9450aa","Biosystems Diversity","https://ecology.dp.ua/index.php/ECO/gateway/plugin/WebFeedGatewayPlugin/atom","feed-with-entries","200","atom","4","2026-10-04T12:55:21.529971+00:00","https://ecology.dp.ua/index.php/ECO/gateway/plugin/WebFeedGatewayPlugin/atom"
"9af4803a8942ad13","Biznes Informatika-Business Informatics","https://bijournal.hse.ru/gateway/plugin/WebFeedGatewayPlugin/atom","feed-with-entries","200","atom","6","2026-10-04T12:54:52.578380+00:00","https://bijournal.hse.ru/gateway/plugin/WebFeedGatewayPlugin/atom"
"f4e30ce547edc91d","Blood and Lymphatic Cancer-Targets and Therapy","https://www.dovepress.com/feed/journal/101","feed-with-entries","200","rss","30","2026-10-04T13:01:22.904922+00:00","https://www.dovepress.com/feed/journal/101"
"6eea0541434966a8","Blood Cancer Journal","https://www.nature.com/bcj.rss","feed-with-entries","200","rdf","8","2026-10-04T13:01:23.726351+00:00","https://www.nature.com/bcj.rss?error=cookies_not_supported&code=ed9e66ee-631a-4640-821c-c2a0cc760d2f"
"bf060abb80d85f72","Body Image","https://rss.sciencedirect.com/publication/science/17401445","feed-with-entries","200","rss","73","2026-10-04T13:02:51.457349+00:00","https://rss.sciencedirect.com/publication/science/17401445"
"57c6f5ca92f4456e","Boletim de Ciencias Geodesicas","https://www.scielo.br/journal/bcg/feed/","access-blocked","403","","","2026-10-04T13:01:30.480756+00:00",""
"01125157f765fdcd","Boletim de Estudos Classicos","https://impactum-journals.uc.pt/bec/gateway/plugin/WebFeedGatewayPlugin/atom","feed-with-entries","200","atom","5","2026-10-04T12:56:04.548523+00:00","https://impactum-journals.uc.pt/bec/gateway/plugin/WebFeedGatewayPlugin/atom"
"93b44af544f9b075","BOLETIM DE INDUSTRIA ANIMAL","http://bia.iz.sp.gov.br/index.php/bia/gateway/plugin/AnnouncementFeedGatewayPlugin/atom","feed-with-entries","200","atom","3","2026-10-04T12:54:52.391338+00:00","https://bia.iz.sp.gov.br/index.php/bia/gateway/plugin/AnnouncementFeedGatewayPlugin/atom"
"3aaa694f65bee8c2","Boletin de la Sociedad Argentina de Botanica","https://www.scielo.org.ar/rss.php?pid=1851-237220250003&lang=es","feed-with-entries","200","rss","8","2026-10-04T13:01:13.670406+00:00","https://www.scielo.org.ar/rss.php?pid=1851-237220250003&lang=es"
"dd1705ad0c3dc06f","BOLETIN DE LA SOCIEDAD ESPANOLA DE CERAMICA Y VIDRIO","https://rss.sciencedirect.com/publication/science/03663175","feed-with-entries","200","rss","8","2026-10-04T13:02:52.242557+00:00","https://rss.sciencedirect.com/publication/science/03663175"
"4a82abc2068c9341","BONE MARROW TRANSPLANTATION","https://www.nature.com/bmt.rss","feed-with-entries","200","rdf","8","2026-10-04T13:01:30.446006+00:00","https://www.nature.com/bmt.rss?error=cookies_not_supported&code=d7976e8a-f1b6-4f02-b69b-9f1eee3ae7f9"
"15429c83989107e1","Bone Research","https://www.nature.com/boneres.rss","feed-with-entries","200","rdf","8","2026-10-04T13:01:36.979859+00:00","https://www.nature.com/boneres.rss"
"f983782bbfa21f18","Bordon-Revista de Pedagogia","https://www.sepedagogia.es/?feed=comments-rss2","empty-feed","200","rss","0","2026-10-04T13:00:40.641726+00:00","https://sepedagogia.es/comments/feed/"
"4da6ab09d5d9e169","BOTHALIA","https://journals.abcjournal.aosis.co.za/index.php/abc/gateway/plugin/WebFeedGatewayPlugin/atom","feed-with-entries","200","atom","10","2026-10-04T12:56:28.604388+00:00","https://journals.abcjournal.aosis.co.za/index.php/abc/gateway/plugin/WebFeedGatewayPlugin/atom"
"efc13b77bfbad79c","BRAGANTIA","https://www.scielo.br/journal/brag/feed/","access-blocked","403","","","2026-10-04T13:01:37.176395+00:00",""
"fe0495e72a4e3461","BRAIN AND COGNITION","https://rss.sciencedirect.com/publication/science/02782626","feed-with-entries","200","rss","11","2026-10-04T13:02:52.710349+00:00","https://rss.sciencedirect.com/publication/science/02782626"
"9fe7fd87f59d7782","BRAIN AND LANGUAGE","https://rss.sciencedirect.com/publication/science/0093934X","feed-with-entries","200","rss","16","2026-10-04T13:02:53.681385+00:00","https://rss.sciencedirect.com/publication/science/0093934X"
"9d165e3f1554be33","BRAIN BEHAVIOR AND IMMUNITY","https://rss.sciencedirect.com/publication/science/08891591","feed-with-entries","200","rss","100","2026-10-04T13:02:54.614637+00:00","https://rss.sciencedirect.com/publication/science/08891591"
"5365a28b353a994a","Brain Hemorrhages","https://rss.sciencedirect.com/publication/science/2589238X","feed-with-entries","200","rss","28","2026-10-04T13:02:55.455771+00:00","https://rss.sciencedirect.com/publication/science/2589238X"
"eca4e3b0f621c8ad","BRAIN RESEARCH BULLETIN","https://rss.sciencedirect.com/publication/science/03619230","feed-with-entries","200","rss","69","2026-10-04T13:02:56.428961+00:00","https://rss.sciencedirect.com/publication/science/03619230"
"7c449e361900b1fd","Bratislava Law Review","https://blr.flaw.uniba.sk/index.php/BLR/gateway/plugin/AnnouncementFeedGatewayPlugin/atom","feed-with-entries","200","atom","9","2026-10-04T12:54:57.245716+00:00","https://blr.flaw.uniba.sk/index.php/BLR/gateway/plugin/AnnouncementFeedGatewayPlugin/atom"
"979bd1141e32cddb","Brazilian Journal of Geology","https://www.scielo.br/journal/bjgeo/feed/","access-blocked","403","","","2026-10-04T13:01:40.357133+00:00",""
"3b663136f8a75fee","Brazilian Journal of Operations & Production Management","https://bjopm.org.br/bjopm/gateway/plugin/WebFeedGatewayPlugin/atom","feed-with-entries","200","atom","8","2026-10-04T12:54:55.043327+00:00","https://bjopm.org.br/bjopm/gateway/plugin/WebFeedGatewayPlugin/atom"
"66020fa95a9ef56e","Brazilian Journal of Pharmaceutical Sciences","https://www.scielo.br/journal/bjps/feed/","access-blocked","403","","","2026-10-04T13:01:41.825192+00:00",""
"564c2c2841ee4d21","Brazilian Journalism Research","https://bjr.sbpjor.org.br/bjr/gateway/plugin/AnnouncementFeedGatewayPlugin/atom","feed-with-entries","200","atom","14","2026-10-04T12:54:55.342375+00:00","https://bjr.sbpjor.org.br/bjr/gateway/plugin/AnnouncementFeedGatewayPlugin/atom"
"7b8c00a1f14c9eeb","Brazilian Oral Research","https://www.scielo.br/journal/bor/feed/","access-blocked","403","","","2026-10-04T13:01:43.482656+00:00",""
"e375428b7a35b557","BRICS Law Journal","https://www.bricslawjournal.com/jour/gateway/plugin/WebFeedGatewayPlugin/atom","tls-or-network-error","","","","2026-10-04T12:59:32.262203+00:00",""
"e28e593d357c12a6","British Accounting Review","https://rss.sciencedirect.com/publication/science/08908389","feed-with-entries","200","rss","62","2026-10-04T13:02:58.482540+00:00","https://rss.sciencedirect.com/publication/science/08908389"
"31454a8d03201b4c","BRITISH DENTAL JOURNAL","https://www.nature.com/bdj.rss","feed-with-entries","200","rdf","8","2026-10-04T13:01:40.024678+00:00","https://www.nature.com/bdj.rss"
"ef5f3d815cba336f","BRITISH JOURNAL OF CANCER","https://www.nature.com/bjc.rss","feed-with-entries","200","rdf","8","2026-10-04T13:01:41.823945+00:00","https://www.nature.com/bjc.rss?error=cookies_not_supported&code=40a54c86-3127-4c97-ad55-708a8c24b4b0"
"5903add9783672d5","British Journal of Diabetes","https://bjd-abcd.com/index.php/bjd/gateway/plugin/WebFeedGatewayPlugin/atom","network-or-safety-error","","","","2026-10-04T12:54:54.671439+00:00",""
"b13bd93a6358fe5a","BUILDING AND ENVIRONMENT","https://rss.sciencedirect.com/publication/science/03601323","feed-with-entries","200","rss","96","2026-10-04T13:03:00.191817+00:00","https://rss.sciencedirect.com/publication/science/03601323"
"05c43aecea15eb04","BULLETIN DE L ACADEMIE NATIONALE DE MEDECINE","https://rss.sciencedirect.com/publication/science/00014079","feed-with-entries","200","rss","47","2026-10-04T13:03:00.644595+00:00","https://rss.sciencedirect.com/publication/science/00014079"
"f3b69ebeeb92ba33","BULLETIN DES SCIENCES MATHEMATIQUES","https://rss.sciencedirect.com/publication/science/00074497","feed-with-entries","200","rss","55","2026-10-04T13:03:01.596946+00:00","https://rss.sciencedirect.com/publication/science/00074497"
"7d3d70b3b30001c7","Bulletin of Geography-Physical Geography Series","https://apcz.umk.pl/BOGPGS/gateway/plugin/WebFeedGatewayPlugin/atom","feed-with-entries","200","atom","2","2026-10-04T12:54:48.115844+00:00","https://apcz.umk.pl/BOGPGS/gateway/plugin/WebFeedGatewayPlugin/atom"
"01dfeace4118ae42","Bulletin of the American Society of Overseas Research","https://www.asor.org/feed/","feed-with-entries","200","rss","3","2026-10-04T12:59:27.412012+00:00","https://www.asor.org/feed/"
"5fe2692f8499150f","Bulletin of the History of Archaeology","https://account.archaeologybulletin.org/index.php/up-j-bha/gateway/plugin/WebFeedGatewayPlugin/atom","tls-or-network-error","","","","2026-10-04T12:54:22.759706+00:00",""
"f0ad4a91f56969cd","Bulletin of the New Zealand Society for Earthquake Engineering","https://bulletin.nzsee.org.nz/gateway/plugin/WebFeedGatewayPlugin/atom","feed-with-entries","200","atom","5","2026-10-04T12:54:59.150693+00:00","https://bulletin.nzsee.org.nz/gateway/plugin/WebFeedGatewayPlugin/atom"
"599939e08de97d4d","Bulletin of the University of Karaganda-Physics","https://phs.buketov.edu.kz/physics-vestnik/gateway/plugin/WebFeedGatewayPlugin/atom","timeout","","","","2026-10-04T12:57:36.449408+00:00",""
"0ed6ac1e193504f5","BURNS","https://rss.sciencedirect.com/publication/science/03054179","feed-with-entries","200","rss","100","2026-10-04T13:03:02.723231+00:00","https://rss.sciencedirect.com/publication/science/03054179"
"64848ce78a46ce46","BUSINESS HORIZONS","https://rss.sciencedirect.com/publication/science/00076813","feed-with-entries","200","rss","57","2026-10-04T13:03:03.674895+00:00","https://rss.sciencedirect.com/publication/science/00076813"
"1107a100bfb2bb67","Cadernos de Dereito Actual","http://cadernosdedereitoactual.es/index.php/cadernos/gateway/plugin/WebFeedGatewayPlugin/atom","access-blocked","403","","","2026-10-04T12:54:59.332257+00:00",""
"78888f08ea6becf3","Cadernos de Estudos Linguisticos","https://periodicos.sbu.unicamp.br/ojs/index.php/cel/gateway/plugin/AnnouncementFeedGatewayPlugin/atom","empty-feed","200","atom","0","2026-10-04T12:57:27.997768+00:00","https://periodicos.sbu.unicamp.br/ojs/index.php/cel/gateway/plugin/AnnouncementFeedGatewayPlugin/atom"
"40dbe3dba7a3b414","Cadernos de Geografia","https://impactum-journals.uc.pt/cadernosgeografia/gateway/plugin/WebFeedGatewayPlugin/atom","feed-with-entries","200","atom","5","2026-10-04T13:00:53.812605+00:00","https://impactum-journals.uc.pt/cadernosgeografia/gateway/plugin/WebFeedGatewayPlugin/atom"
"7289ad2405b5d0d7","Cadernos de Traducao","https://www.scielo.br/journal/ct/feed/","access-blocked","403","","","2026-10-04T13:01:44.693879+00:00",""
"7cbb113edfb11b4e","CAHIERS DE NUTRITION ET DE DIETETIQUE","https://rss.sciencedirect.com/publication/science/00079960","feed-with-entries","200","rss","50","2026-10-04T13:03:04.628206+00:00","https://rss.sciencedirect.com/publication/science/00079960"
"32d11266e6d33b8a","California Fish and Wildlife Journal","https://journal.wildlife.ca.gov/feed/","feed-with-entries","200","rss","50","2026-10-04T12:56:27.966460+00:00","https://journal.wildlife.ca.gov/feed/"
"4fba594a6c5113b4","Caligrama-Revista de Estudos Romanicos","https://periodicos.ufmg.br/index.php/caligrama/gateway/plugin/WebFeedGatewayPlugin/atom","tls-or-network-error","","","","2026-10-04T12:57:28.413980+00:00",""
"834a9c5467db1ef7","Calle 14-Revista de investigacion en el Campo del Arte","https://revistas.udistrital.edu.co/index.php/c14/gateway/plugin/WebFeedGatewayPlugin/atom","tls-or-network-error","","","","2026-10-04T12:58:23.389552+00:00",""
"d7fcfc6536bc8c0b","Cambio-Rivista sulle Trasformazioni Sociali","https://oaj.fupress.net/index.php/cambio/gateway/plugin/WebFeedGatewayPlugin/atom","feed-with-entries","200","atom","18","2026-10-04T12:57:04.951873+00:00","https://oaj.fupress.net/index.php/cambio/gateway/plugin/WebFeedGatewayPlugin/atom"
"7e425db09df57dd3","Canadian Geriatrics Journal","https://cgjonline.ca/index.php/cgj/gateway/plugin/WebFeedGatewayPlugin/atom","network-or-safety-error","","","","2026-10-04T12:55:02.634188+00:00",""
"fca9d5d8d0bd85fa","Canadian Journal for the Study of Adult Education","https://cjsae.library.dal.ca/cjsae/gateway/plugin/WebFeedGatewayPlugin/atom","feed-with-entries","200","atom","8","2026-10-04T12:55:03.245677+00:00","https://cjsae.library.dal.ca/cjsae/gateway/plugin/WebFeedGatewayPlugin/atom"
"bde07ae65b19bfc8","Canadian Journal of Applied Linguistics","https://journals.lib.unb.ca/index.php/CJAL/gateway/plugin/WebFeedGatewayPlugin/atom","feed-with-entries","200","atom","15","2026-10-04T13:00:54.764257+00:00","https://journals.lib.unb.ca/index.php/CJAL/gateway/plugin/WebFeedGatewayPlugin/atom"
"48e3481c5822e0ec","Canadian Journal of Higher Education","https://www.cjhe-rces.ca/cjhe/index.php/cjhe/gateway/plugin/WebFeedGatewayPlugin/atom","network-or-safety-error","","","","2026-10-04T12:59:36.288460+00:00",""
"b1650f78d04bb317","CANADIAN JOURNAL OF HOSPITAL PHARMACY","https://www.cjhp-online.ca/index.php/cjhp/gateway/plugin/WebFeedGatewayPlugin/atom","tls-or-network-error","","","","2026-10-04T12:59:36.588264+00:00",""
"803783c36e35be20","Canadian Journal of Nonprofit and Social Economy Research","https://anserj.ca/index.php/cjnser/gateway/plugin/AnnouncementFeedGatewayPlugin/atom","feed-with-entries","200","atom","26","2026-10-04T12:54:45.568844+00:00","https://anserj.ca/index.php/cjnser/en/gateway/plugin/AnnouncementFeedGatewayPlugin/atom"
"b6c3da6f5f22dd4c","CANCER GENE THERAPY","https://www.nature.com/cgt.rss","feed-with-entries","200","rdf","8","2026-10-04T13:01:43.124526+00:00","https://www.nature.com/cgt.rss"
"1501fea6ae997076","Cancer Management and Research","https://www.dovepress.com/feed/journal/55","feed-with-entries","200","rss","30","2026-10-04T13:01:29.804415+00:00","https://www.dovepress.com/feed/journal/55"
"d612bb0fa829d4f9","Caplletra","https://turia.uv.es/index.php/caplletra/gateway/plugin/WebFeedGatewayPlugin/atom","feed-with-entries","200","atom","30","2026-10-04T12:59:10.467971+00:00","https://turia.uv.es/index.php/caplletra/ca/gateway/plugin/WebFeedGatewayPlugin/atom"
"6aec56f7953ff31c","Caracol","https://caracol.org/comments/feed/","feed-with-entries","200","rss","10","2026-10-04T12:55:00.385334+00:00","https://caracol.org/comments/feed/"
"82da491fa54f1702","Carbohydrate Research","https://rss.sciencedirect.com/publication/science/00086215","feed-with-entries","200","rss","49","2026-10-04T13:03:05.385581+00:00","https://rss.sciencedirect.com/publication/science/00086215"
"93376d6148b1ad32","Carbon Trends","https://rss.sciencedirect.com/publication/science/26670569","feed-with-entries","200","rss","37","2026-10-04T13:03:06.568228+00:00","https://rss.sciencedirect.com/publication/science/26670569"
"0b07f9190de539e2","Cardiovascular Diagnosis and Therapy","https://cdt.amegroups.org//gateway/plugin/WebFeedGatewayPlugin/atom","feed-with-entries","200","atom","22","2026-10-04T12:55:02.107280+00:00","https://cdt.amegroups.org//gateway/plugin/WebFeedGatewayPlugin/atom"
"68411e50413f1370","Case Reports in Womens Health","https://rss.sciencedirect.com/publication/science/22149112","feed-with-entries","200","rss","41","2026-10-04T13:03:08.170669+00:00","https://rss.sciencedirect.com/publication/science/22149112"
"c240949f6a83f2d5","Case Studies on Transport Policy","https://rss.sciencedirect.com/publication/science/2213624X","feed-with-entries","200","rss","100","2026-10-04T13:03:09.070528+00:00","https://rss.sciencedirect.com/publication/science/2213624X"
"47cc0a82ed80f518","CATALYSIS TODAY","https://rss.sciencedirect.com/publication/science/09205861","feed-with-entries","200","rss","48","2026-10-04T13:03:10.204044+00:00","https://rss.sciencedirect.com/publication/science/09205861"
"e8a4bb4d94a3d90c","CATENA","https://rss.sciencedirect.com/publication/science/03418162","feed-with-entries","200","rss","100","2026-10-04T13:03:11.877527+00:00","https://rss.sciencedirect.com/publication/science/03418162"
"cee8b5def67bda6a","CBE-Life Sciences Education","https://www.lifescied.org/action/showFeed?type=etoc&feed=rss&jc=lse","feed-with-entries","200","rdf","15","2026-10-04T13:00:10.504385+00:00","https://www.lifescied.org/action/showFeed?type=etoc&feed=rss&jc=lse"
"a146d19cee254e28","CELEHIS-Revista del Centro de Letras Hispanoamericanas","https://fh.mdp.edu.ar/revistas/index.php/celehis/gateway/plugin/WebFeedGatewayPlugin/atom","feed-with-entries","200","atom","14","2026-10-04T12:55:39.033632+00:00","https://fh.mdp.edu.ar/revistas/index.php/celehis/gateway/plugin/WebFeedGatewayPlugin/atom"
"fca40b20ca41f97a","CELL CALCIUM","https://rss.sciencedirect.com/publication/science/01434160","feed-with-entries","200","rss","18","2026-10-04T13:03:12.700682+00:00","https://rss.sciencedirect.com/publication/science/01434160"
"1fc3f39ecbf0716b","Cell Death & Disease","https://www.nature.com/cddis.rss","feed-with-entries","200","rdf","8","2026-10-04T13:01:44.414667+00:00","https://www.nature.com/cddis.rss?error=cookies_not_supported&code=60372391-b887-40ea-89c2-a8abab0eca13"
"c357a6637a6075b8","CELL DEATH AND DIFFERENTIATION","https://www.nature.com/cdd.rss","feed-with-entries","200","rdf","8","2026-10-04T13:01:45.978723+00:00","https://www.nature.com/cdd.rss"
"93c813b12a60e79e","Cell Death Discovery","https://www.nature.com/cddiscovery.rss","feed-with-entries","200","rdf","8","2026-10-04T13:01:47.184829+00:00","https://www.nature.com/cddiscovery.rss?error=cookies_not_supported&code=db48414c-7a2c-4aa5-af4e-86759d2307e5"
"b2594b28f590887b","Cell Discovery","https://www.nature.com/celldisc.rss","feed-with-entries","200","rdf","8","2026-10-04T13:01:48.506310+00:00","https://www.nature.com/celldisc.rss"
"8804f43bc31de331","CELL RESEARCH","https://www.nature.com/cr.rss","feed-with-entries","200","rdf","8","2026-10-04T13:01:49.268220+00:00","https://www.nature.com/cr.rss"
"078a6c190040c15a","Cellular & Molecular Immunology","https://www.nature.com/cmi.rss","feed-with-entries","200","rdf","8","2026-10-04T13:01:49.999877+00:00","https://www.nature.com/cmi.rss"
"4cf1697a5335eb29","CEMENT & CONCRETE COMPOSITES","https://rss.sciencedirect.com/publication/science/09589465","feed-with-entries","200","rss","82","2026-10-04T13:03:13.431451+00:00","https://rss.sciencedirect.com/publication/science/09589465"
"6499ad3664009384","Central Bank Review","https://rss.sciencedirect.com/publication/science/13030701","feed-with-entries","200","rss","10","2026-10-04T13:03:14.211198+00:00","https://rss.sciencedirect.com/publication/science/13030701"
"09f1bad76ea6c4f9","CEYLON MEDICAL JOURNAL","https://account.cmj.sljol.info/index.php/sljo-j-cmj/gateway/plugin/WebFeedGatewayPlugin/atom","tls-or-network-error","","","","2026-10-04T12:54:22.759828+00:00",""
"58702370951ea16a","Changing Societies & Personalities","https://changing-sp.com/ojs/index.php/csp/gateway/plugin/WebFeedGatewayPlugin/atom","timeout","200","","","2026-10-04T12:55:02.738226+00:00","https://changing-sp.com/ojs/index.php/csp/gateway/plugin/WebFeedGatewayPlugin/atom"
"e7a5ac0eac4fa21c","Chemical Bulletin of Kazakh National University","https://bulletin.chemistry.kz/index.php/kaznu/gateway/plugin/WebFeedGatewayPlugin/atom","feed-with-entries","200","atom","4","2026-10-04T12:54:58.551212+00:00","https://bulletin.chemistry.kz/index.php/kaznu/gateway/plugin/WebFeedGatewayPlugin/atom"
"91c3df2822ef3ecd","Chemical Engineering and Processing-Process Intensification","https://rss.sciencedirect.com/publication/science/02552701","feed-with-entries","200","rss","58","2026-10-04T13:03:15.260623+00:00","https://rss.sciencedirect.com/publication/science/02552701"
"e43025cfbc529ab3","Chemical Engineering Journal","https://rss.sciencedirect.com/publication/science/13858947","feed-with-entries","200","rss","100","2026-10-04T13:03:15.984779+00:00","https://rss.sciencedirect.com/publication/science/13858947"
"05724b61ad5f3b81","Chemical Engineering Journal Advances","https://rss.sciencedirect.com/publication/science/26668211","feed-with-entries","200","rss","100","2026-10-04T13:03:16.349909+00:00","https://rss.sciencedirect.com/publication/science/26668211"
"5ccbac6ae212fd1f","CHEMICAL ENGINEERING RESEARCH & DESIGN","https://rss.sciencedirect.com/publication/science/02638762","feed-with-entries","200","rss","100","2026-10-04T13:03:16.991363+00:00","https://rss.sciencedirect.com/publication/science/02638762"
"55e0ba95474f7556","Chemical Methodologies","https://www.chemmethod.com/ju.rss","access-blocked","403","","","2026-10-04T12:59:34.598866+00:00",""
"66eefc7f07cdddd6","Chemical Physics Impact","https://rss.sciencedirect.com/publication/science/26670224","feed-with-entries","200","rss","100","2026-10-04T13:03:17.907634+00:00","https://rss.sciencedirect.com/publication/science/26670224"
"d1d907327feeb27f","CHEMICAL PHYSICS LETTERS","https://rss.sciencedirect.com/publication/science/00092614","feed-with-entries","200","rss","32","2026-10-04T13:03:18.826907+00:00","https://rss.sciencedirect.com/publication/science/00092614"
"3cc0f986dbb9ece7","CHEMICKE LISTY","http://www.chemicke-listy.cz/ojs3/index.php/chemicke-listy/gateway/plugin/WebFeedGatewayPlugin/atom","access-blocked","403","","","2026-10-04T12:59:34.176089+00:00",""
"276ee58436f7195f","CHEMICO-BIOLOGICAL INTERACTIONS","https://rss.sciencedirect.com/publication/science/00092797","feed-with-entries","200","rss","43","2026-10-04T13:03:19.492181+00:00","https://rss.sciencedirect.com/publication/science/00092797"
"c757ca0ef087fd53","CHEMISTRY AND PHYSICS OF LIPIDS","https://rss.sciencedirect.com/publication/science/00093084","feed-with-entries","200","rss","13","2026-10-04T13:03:19.933850+00:00","https://rss.sciencedirect.com/publication/science/00093084"
"524a3815c8149340","Chemosphere","https://rss.sciencedirect.com/publication/science/00456535","feed-with-entries","200","rss","26","2026-10-04T13:03:20.285332+00:00","https://rss.sciencedirect.com/publication/science/00456535"
"4f2ccd2a3a34c1c7","Chilean Journal of Agricultural & Animal Sciences","http://www.scielo.cl/rss.php?pid=0719-389020250003&lang=en","access-blocked","403","","","2026-10-04T13:01:13.638042+00:00",""
"4b835303b55556a4","China Economic Quarterly International","https://rss.sciencedirect.com/publication/science/26669331","feed-with-entries","200","rss","10","2026-10-04T13:03:20.637265+00:00","https://rss.sciencedirect.com/publication/science/26669331"
"ebe14916c68bdf9e","CHINA ECONOMIC REVIEW","https://chinaeconomicreview.com/feed/","feed-with-entries","200","rss","20","2026-10-04T12:55:02.821259+00:00","https://chinaeconomicreview.com/feed/"
"58a1c6e6caa0915d","China Journal of Accounting Research","https://rss.sciencedirect.com/publication/science/17553091","feed-with-entries","200","rss","16","2026-10-04T13:03:20.861474+00:00","https://rss.sciencedirect.com/publication/science/17553091"
"e2c8612cd4915126","Chinese Clinical Oncology","https://cco.amegroups.org//gateway/plugin/WebFeedGatewayPlugin/atom","feed-with-entries","200","atom","9","2026-10-04T12:55:01.951982+00:00","https://cco.amegroups.org//gateway/plugin/WebFeedGatewayPlugin/atom"
"4f99bef2d4dba654","Chinese Herbal Medicines","https://rss.sciencedirect.com/publication/science/16746384","feed-with-entries","200","rss","75","2026-10-04T13:03:21.353679+00:00","https://rss.sciencedirect.com/publication/science/16746384"
"124c518e3e1270e8","Chinese Journal of Catalysis","https://rss.sciencedirect.com/publication/science/18722067","feed-with-entries","200","rss","65","2026-10-04T13:03:21.859777+00:00","https://rss.sciencedirect.com/publication/science/18722067"
"c3aa5e161f60fc5f","CHINESE JOURNAL OF PHYSICS","https://rss.sciencedirect.com/publication/science/05779073","feed-with-entries","200","rss","100","2026-10-04T13:03:22.051436+00:00","https://rss.sciencedirect.com/publication/science/05779073"
"4f6e351db7aa84fb","Chinese Journal of Population Resources and Environment","https://rss.sciencedirect.com/publication/science/23254262","feed-with-entries","200","rss","25","2026-10-04T13:03:22.547897+00:00","https://rss.sciencedirect.com/publication/science/23254262"
"6bead01a1ca9966e","CHINESE JOURNAL OF STRUCTURAL CHEMISTRY","https://rss.sciencedirect.com/publication/science/02545861","feed-with-entries","200","rss","53","2026-10-04T13:03:22.937050+00:00","https://rss.sciencedirect.com/publication/science/02545861"
"a2d6367113b17c48","Chungara-Revista de Antropologia Chilena","https://www.chungara.cl/ojs/prod/index.php/chungara/gateway/plugin/WebFeedGatewayPlugin/atom","feed-with-entries","200","atom","30","2026-10-04T12:59:34.932034+00:00","https://www.chungara.cl/ojs/prod/index.php/chungara/gateway/plugin/WebFeedGatewayPlugin/atom"
"8aa4d26d200fe5ae","CIENCIA E AGROTECNOLOGIA","https://www.scielo.br/journal/cagro/feed/","access-blocked","403","","","2026-10-04T13:01:46.317071+00:00",""
"6e1ce47ac49478ac","Ciencia Juridica","https://www.cienciajuridica.ugto.mx/index.php/CJ/gateway/plugin/WebFeedGatewayPlugin/atom","tls-or-network-error","","","","2026-10-04T12:59:35.218074+00:00",""
"0e7c66930bffc47b","Ciencia UNEMI","https://ojs.unemi.edu.ec/index.php/cienciaunemi/gateway/plugin/WebFeedGatewayPlugin/atom","feed-with-entries","200","atom","18","2026-10-04T12:57:14.505649+00:00","https://ojs.unemi.edu.ec/index.php/cienciaunemi/gateway/plugin/WebFeedGatewayPlugin/atom"
"2c30a1fe29dbfd07","Cimexus","https://cimexus.umich.mx/index.php/cimexus/gateway/plugin/WebFeedGatewayPlugin/atom","feed-with-entries","200","atom","8","2026-10-04T12:55:02.884520+00:00","https://cimexus.umich.mx/index.php/cimexus/gateway/plugin/WebFeedGatewayPlugin/atom"
"f1b8183ebdd65a70","CINEJ Cinema Journal","https://cinej.pitt.edu/ojs/cinej/gateway/plugin/AnnouncementFeedGatewayPlugin/atom","feed-with-entries","200","atom","5","2026-10-04T12:55:02.905593+00:00","https://cinej.pitt.edu/ojs/cinej/gateway/plugin/AnnouncementFeedGatewayPlugin/atom"
"6be8dcb375e9cb39","Cinta de Moebio","https://cintademoebio.uchile.cl/index.php/CDM/gateway/plugin/WebFeedGatewayPlugin/rss2","feed-with-entries","200","rss","11","2026-10-04T12:55:03.114270+00:00","https://cintademoebio.uchile.cl/index.php/CDM/gateway/plugin/WebFeedGatewayPlugin/rss2"
"2cdd1d8ae505c308","CIRP Journal of Manufacturing Science and Technology","https://rss.sciencedirect.com/publication/science/17555817","feed-with-entries","200","rss","42","2026-10-04T13:03:23.124041+00:00","https://rss.sciencedirect.com/publication/science/17555817"
"6e96731418fa93c8","Cirugia Cardiovascular","https://rss.sciencedirect.com/publication/science/11340096","feed-with-entries","200","rss","50","2026-10-04T13:03:23.895815+00:00","https://rss.sciencedirect.com/publication/science/11340096"
"189766ce258382fc","City and Environment Interactions","https://rss.sciencedirect.com/publication/science/25902520","feed-with-entries","200","rss","88","2026-10-04T13:03:24.315813+00:00","https://rss.sciencedirect.com/publication/science/25902520"
"0206888039c020df","CLCWEB-Comparative Literature and Culture","https://docs.lib.purdue.edu/clcweb/recent.rss","feed-with-entries","200","rss","20","2026-10-04T12:55:18.944837+00:00","https://docs.lib.purdue.edu/clcweb/recent.rss"
"81c7ea00b398596c","Climate Risk Management","https://rss.sciencedirect.com/publication/science/22120963","feed-with-entries","200","rss","64","2026-10-04T13:03:25.109883+00:00","https://rss.sciencedirect.com/publication/science/22120963"
"8b10540d8cbd4941","Clinical and Experimental Gastroenterology","https://www.dovepress.com/feed/journal/34","feed-with-entries","200","rss","30","2026-10-04T13:01:36.373844+00:00","https://www.dovepress.com/feed/journal/34"
"6fee89272583c066","Clinical and Experimental Reproductive Medicine-CERM","https://ecerm.org/journal/rss/xml/feed.xml","feed-with-entries","200","rss","1100","2026-10-04T12:55:21.247143+00:00","https://ecerm.org/journal/rss/xml/feed.xml"
"e4ce8c378dbc1c8a","Clinical and Translational Radiation Oncology","https://rss.sciencedirect.com/publication/science/24056308","feed-with-entries","200","rss","56","2026-10-04T13:03:25.659362+00:00","https://rss.sciencedirect.com/publication/science/24056308"
"b1eee9afad4d2380","Clinical Colorectal Cancer","https://rss.sciencedirect.com/publication/science/15330028","feed-with-entries","200","rss","44","2026-10-04T13:03:26.311393+00:00","https://rss.sciencedirect.com/publication/science/15330028"
"d65cfdf700c14732","Clinical Cosmetic and Investigational Dermatology","https://www.dovepress.com/feed/journal/33","feed-with-entries","200","rss","30","2026-10-04T13:01:39.417958+00:00","https://www.dovepress.com/feed/journal/33"
"a2569287145f0c96","Clinical Diabetology","https://journals.viamedica.pl/clinical_diabetology/gateway/plugin/WebFeedGatewayPlugin/atom","feed-with-entries","200","atom","10","2026-10-04T13:00:57.207597+00:00","https://journals.viamedica.pl/clinical_diabetology/gateway/plugin/WebFeedGatewayPlugin/atom"
"7fadaded72b4215b","Clinical Interventions in Aging","https://www.dovepress.com/feed/journal/4","feed-with-entries","200","rss","30","2026-10-04T13:01:41.520105+00:00","https://www.dovepress.com/feed/journal/4"
"afcdb5d42f070ecc","CLINICAL MEDICINE","https://rss.sciencedirect.com/publication/science/14702118","feed-with-entries","200","rss","35","2026-10-04T13:03:27.110342+00:00","https://rss.sciencedirect.com/publication/science/14702118"
"9a4279c26b450ebd","Clinical Neurophysiology Practice","https://rss.sciencedirect.com/publication/science/2467981X","feed-with-entries","200","rss","100","2026-10-04T13:03:27.444925+00:00","https://rss.sciencedirect.com/publication/science/2467981X"
"f58d5c9b5e50675c","CLINICAL PSYCHOLOGY REVIEW","https://rss.sciencedirect.com/publication/science/02727358","feed-with-entries","200","rss","24","2026-10-04T13:03:28.037681+00:00","https://rss.sciencedirect.com/publication/science/02727358"
"b9ea3291f7fc3aea","Clinics in Shoulder and Elbow","https://www.cisejournal.org/journal/rss/xml/feed.xml","feed-with-entries","200","rss","849","2026-10-04T12:59:35.699044+00:00","https://www.cisejournal.org/journal/rss/xml/feed.xml"
"b8bd7d69a81ac924","Cognitive Behaviour Therapist","https://www.nacbt.org/comments/feed/","feed-with-entries","200","rss","7","2026-10-04T13:00:15.047065+00:00","https://www.nacbt.org/comments/feed/"
"7ea6f3fd121ec0bc","Cognitive Systems Research","https://rss.sciencedirect.com/publication/science/13890417","feed-with-entries","200","rss","15","2026-10-04T13:03:28.601805+00:00","https://rss.sciencedirect.com/publication/science/13890417"
"c6c23b675ffd07ed","Cold Spring Harbor Molecular Case Studies","https://molecularcasestudies.cshlp.org/rss/current.xml","access-blocked","403","","","2026-10-04T12:57:00.189486+00:00",""
"0d85006cfea0d6a1","Cold Spring Harbor Perspectives in Medicine","https://perspectivesinmedicine.cshlp.org/rss/current.xml","access-blocked","403","","","2026-10-04T12:57:34.915633+00:00",""
"e397f804b4fd5ecd","Collectanea Christiana Orientalia","https://journals.uco.es/cco/gateway/plugin/WebFeedGatewayPlugin/atom","feed-with-entries","200","atom","11","2026-10-04T12:56:39.199012+00:00","https://journals.uco.es/cco/gateway/plugin/WebFeedGatewayPlugin/atom"
"cff724ca83393ead","COLLEGE & RESEARCH LIBRARIES","https://crl.acrl.org/index.php/crl/gateway/plugin/WebFeedGatewayPlugin/atom","network-or-safety-error","","","","2026-10-04T12:55:07.760125+00:00",""
"631e759e851f34f9","Combustion and Flame","https://rss.sciencedirect.com/publication/science/00102180","feed-with-entries","200","rss","83","2026-10-04T13:03:29.381193+00:00","https://rss.sciencedirect.com/publication/science/00102180"
"2ddb36d41eb7bc62","Commonwealth Journal of Local Governance","https://epress.lib.uts.edu.au/journals/index.php/cjlg/gateway/plugin/WebFeedGatewayPlugin/atom","feed-with-entries","200","atom","9","2026-10-04T12:55:29.356604+00:00","https://epress.lib.uts.edu.au/journals/index.php/cjlg/gateway/plugin/WebFeedGatewayPlugin/atom"
"4837fea4a4115649","Communication & Society-Spain","https://revistas.unav.edu/index.php/communication-and-society/gateway/plugin/WebFeedGatewayPlugin/atom","feed-with-entries","200","atom","5","2026-10-04T13:01:06.465584+00:00","https://revistas.unav.edu/index.php/communication-and-society/gateway/plugin/WebFeedGatewayPlugin/atom"
"45ac59ba3a6488fa","Communications Biology","https://www.nature.com/commsbio.rss","feed-with-entries","200","rdf","8","2026-10-04T13:01:50.831899+00:00","https://www.nature.com/commsbio.rss?error=cookies_not_supported&code=3ab0ab58-3008-4f6e-b82d-7d92cfd76ee5"
"ccce1200d349b955","Communications Chemistry","https://www.nature.com/commschem.rss","feed-with-entries","200","rdf","8","2026-10-04T13:01:51.834435+00:00","https://www.nature.com/commschem.rss"
"b66a0f2453e2753d","Communications Earth & Environment","https://www.nature.com/commsenv.rss","feed-with-entries","200","rdf","8","2026-10-04T13:01:52.640751+00:00","https://www.nature.com/commsenv.rss"
"3e2ab53d26c3b93a","Communications in Information Literacy","https://pdxscholar.library.pdx.edu/comminfolit/recent.rss","feed-with-entries","200","rss","20","2026-10-04T12:57:24.627145+00:00","https://pdxscholar.library.pdx.edu/comminfolit/recent.rss"
"514cf5d1a82bcd48","Communications Materials","https://www.nature.com/commsmat.rss","feed-with-entries","200","rdf","8","2026-10-04T13:01:53.513604+00:00","https://www.nature.com/commsmat.rss?error=cookies_not_supported&code=aeac228f-10a8-4567-8e32-ce05e5a48336"
"2444fef0e140fef1","Communications Medicine","https://www.nature.com/commsmed.rss","feed-with-entries","200","rdf","8","2026-10-04T13:01:54.615157+00:00","https://www.nature.com/commsmed.rss?error=cookies_not_supported&code=f0b0c09b-833f-42f5-bc8e-22620a0e5200"
"72b5b50063267ea7","Communications of the Association for Information Systems","https://aisel.aisnet.org/cais/recent.rss","feed-with-entries","200","rss","11","2026-10-04T12:54:37.449403+00:00","https://aisel.aisnet.org/cais/recent.rss"
"6d6722fba1a3f864","Communications Physics","https://www.nature.com/commsphys.rss","feed-with-entries","200","rdf","8","2026-10-04T13:01:55.882819+00:00","https://www.nature.com/commsphys.rss"
"ecab0a2895dda89b","Comparative Population Studies","https://www.comparativepopulationstudies.de/index.php/CPoS/gateway/plugin/WebFeedGatewayPlugin/atom","feed-with-entries","200","atom","20","2026-10-04T12:59:37.653939+00:00","https://www.comparativepopulationstudies.de/index.php/CPoS/gateway/plugin/WebFeedGatewayPlugin/atom"
"e32e90e1d1bfc81d","Complementary Therapies in Clinical Practice","https://rss.sciencedirect.com/publication/science/17443881","feed-with-entries","200","rss","14","2026-10-04T13:03:30.181478+00:00","https://rss.sciencedirect.com/publication/science/17443881"
"1f4122bd4818aecd","Complutense Journal of English Studies","https://revistas.ucm.es/index.php/CJES/gateway/plugin/WebFeedGatewayPlugin/atom","feed-with-entries","200","atom","30","2026-10-04T13:01:19.938724+00:00","https://revistas.ucm.es/index.php/CJES/gateway/plugin/WebFeedGatewayPlugin/atom"
"8fd53652a342a839","COMPOSITES SCIENCE AND TECHNOLOGY","https://rss.sciencedirect.com/publication/science/02663538","feed-with-entries","200","rss","77","2026-10-04T13:03:30.835024+00:00","https://rss.sciencedirect.com/publication/science/02663538"
"b8bd6e5ab7d5ff5c","Comprehensive Psychoneuroendocrinology","https://rss.sciencedirect.com/publication/science/26664976","feed-with-entries","200","rss","30","2026-10-04T13:03:31.722568+00:00","https://rss.sciencedirect.com/publication/science/26664976"
"ec9f1dfff7d0aaaa","Computational Condensed Matter","https://rss.sciencedirect.com/publication/science/23522143","feed-with-entries","200","rss","100","2026-10-04T13:03:32.073109+00:00","https://rss.sciencedirect.com/publication/science/23522143"
"0cebe2a0aa47d43f","COMPUTATIONAL MATERIALS SCIENCE","https://rss.sciencedirect.com/publication/science/09270256","feed-with-entries","200","rss","67","2026-10-04T13:03:32.890391+00:00","https://rss.sciencedirect.com/publication/science/09270256"
"04743ccf10b90086","COMPUTATIONAL STATISTICS & DATA ANALYSIS","https://rss.sciencedirect.com/publication/science/01679473","feed-with-entries","200","rss","16","2026-10-04T13:03:33.653185+00:00","https://rss.sciencedirect.com/publication/science/01679473"
"6fc9296f462e7fee","COMPUTER AIDED GEOMETRIC DESIGN","https://rss.sciencedirect.com/publication/science/01678396","feed-with-entries","200","rss","25","2026-10-04T13:03:34.026584+00:00","https://rss.sciencedirect.com/publication/science/01678396"
"4949bd033975c930","Computer Science-AGH","https://journals.agh.edu.pl/csci/gateway/plugin/WebFeedGatewayPlugin/atom","feed-with-entries","200","atom","30","2026-10-04T12:56:28.863337+00:00","https://journals.agh.edu.pl/csci/gateway/plugin/WebFeedGatewayPlugin/atom"
"111b7f350a739b4c","COMPUTER VISION AND IMAGE UNDERSTANDING","https://rss.sciencedirect.com/publication/science/10773142","feed-with-entries","200","rss","40","2026-10-04T13:03:34.575278+00:00","https://rss.sciencedirect.com/publication/science/10773142"
"bcd920a73b2a4c50","COMPUTERIZED MEDICAL IMAGING AND GRAPHICS","https://rss.sciencedirect.com/publication/science/08956111","feed-with-entries","200","rss","28","2026-10-04T13:03:35.169403+00:00","https://rss.sciencedirect.com/publication/science/08956111"
"fe9e691a8a462c2e","COMPUTERS & CHEMICAL ENGINEERING","https://rss.sciencedirect.com/publication/science/00981354","feed-with-entries","200","rss","73","2026-10-04T13:03:35.885670+00:00","https://rss.sciencedirect.com/publication/science/00981354"
"7f9fcb563b36ffa9","COMPUTERS & GRAPHICS-UK","https://rss.sciencedirect.com/publication/science/00978493","feed-with-entries","200","rss","28","2026-10-04T13:03:36.365751+00:00","https://rss.sciencedirect.com/publication/science/00978493"
"a8f9eb76055fca71","COMPUTERS & MATHEMATICS WITH APPLICATIONS","https://rss.sciencedirect.com/publication/science/08981221","feed-with-entries","200","rss","13","2026-10-04T13:03:37.342943+00:00","https://rss.sciencedirect.com/publication/science/08981221"
"505195f9d5edea0d","COMPUTERS IN BIOLOGY AND MEDICINE","https://rss.sciencedirect.com/publication/science/00104825","feed-with-entries","200","rss","40","2026-10-04T13:03:37.742524+00:00","https://rss.sciencedirect.com/publication/science/00104825"
"2df95a8d7573d96c","COMPUTING AND INFORMATICS","https://www.cai.sk/ojs/index.php/cai/gateway/plugin/WebFeedGatewayPlugin/atom","feed-with-entries","200","atom","9","2026-10-04T12:59:32.864813+00:00","https://www.cai.sk/ojs/index.php/cai/gateway/plugin/WebFeedGatewayPlugin/atom"
"15da3572fbdfd209","Conservar Patrimonio","https://conservarpatrimonio.pt/gateway/plugin/WebFeedGatewayPlugin/atom","feed-with-entries","200","atom","11","2026-10-04T12:55:05.856274+00:00","https://conservarpatrimonio.pt/gateway/plugin/WebFeedGatewayPlugin/atom"
"e585140356ace731","Conservation Science in Cultural Heritage","https://conservation-science.unibo.it/gateway/plugin/AnnouncementFeedGatewayPlugin/atom","feed-with-entries","200","atom","5","2026-10-04T12:55:06.082035+00:00","https://conservation-science.unibo.it/gateway/plugin/AnnouncementFeedGatewayPlugin/atom"
"a5dfd6b315c7ed6f","Constelaciones-Revista de Teoria Critica","https://constelaciones-rtc.net/gateway/plugin/WebFeedGatewayPlugin/atom","feed-with-entries","200","atom","36","2026-10-04T12:55:06.242222+00:00","https://constelaciones-rtc.net/gateway/plugin/WebFeedGatewayPlugin/atom"
"93079d8b26c8d628","Construction Economics and Building","https://epress.lib.uts.edu.au/journals/index.php/AJCEB/gateway/plugin/WebFeedGatewayPlugin/atom","feed-with-entries","200","atom","10","2026-10-04T13:00:52.436843+00:00","https://epress.lib.uts.edu.au/journals/index.php/AJCEB/gateway/plugin/WebFeedGatewayPlugin/atom"
"e5cb074f9b23a82b","Contabilidade Gestao e Governanca","https://revistacgg.org/index.php/contabil/gateway/plugin/WebFeedGatewayPlugin/atom","feed-with-entries","200","atom","7","2026-10-04T12:58:00.946653+00:00","https://revistacgg.org/index.php/contabil/gateway/plugin/WebFeedGatewayPlugin/atom"
"31826a96b02d901d","Contemporanea-Revista de Sociologia da UFSCar","https://www.contemporanea.ufscar.br/index.php/contemporanea/gateway/plugin/WebFeedGatewayPlugin/atom","timeout","","","","2026-10-04T12:59:37.952075+00:00",""
"273e8bcdd6b98908","Contemporary Clinical Trials Communications","https://rss.sciencedirect.com/publication/science/24518654","feed-with-entries","200","rss","23","2026-10-04T13:03:38.895071+00:00","https://rss.sciencedirect.com/publication/science/24518654"
"d903fa3f0893f5e3","Contemporary Mathematics","https://www.ams.org/rss/conm.rss","feed-with-entries","200","rss","12","2026-10-04T12:59:23.143506+00:00","https://www.ams.org/rss/conm.rss"
"9e2a6982b993835a","Contexto-Revista de la Facultad de Arquitectura Universidad Autonoma de Nuevo Leon","https://contexto.uanl.mx/index.php/contexto/gateway/plugin/WebFeedGatewayPlugin/atom","feed-with-entries","200","atom","11","2026-10-04T12:55:07.027200+00:00","https://contexto.uanl.mx/index.php/contexto/gateway/plugin/WebFeedGatewayPlugin/atom"
"4a8a80a2214d5f41","Contextos Educativos-Revista de Educacion","https://publicaciones.unirioja.es/ojs/index.php/contextos/gateway/plugin/WebFeedGatewayPlugin/atom","feed-with-entries","200","atom","18","2026-10-04T12:57:43.430619+00:00","https://publicaciones.unirioja.es/ojs/index.php/contextos/gateway/plugin/WebFeedGatewayPlugin/atom"
"3b6fb9ca33b7f4d9","Coordenadas-Revista de Historia Local y Regional","https://www2.hum.unrc.edu.ar/ojs/index.php/erasmus/gateway/plugin/WebFeedGatewayPlugin/atom","feed-with-entries","200","atom","30","2026-10-04T13:00:49.942070+00:00","https://www2.hum.unrc.edu.ar/ojs/index.php/erasmus/gateway/plugin/WebFeedGatewayPlugin/atom"
"36bd3a2e2fbf594d","CRITICA-REVISTA HISPANOAMERICANA DE FILOSOFIA","https://critica.filosoficas.unam.mx/index.php/critica/gateway/plugin/WebFeedGatewayPlugin/atom","feed-with-entries","200","atom","9","2026-10-04T12:55:07.758818+00:00","https://critica.filosoficas.unam.mx/index.php/critica/gateway/plugin/WebFeedGatewayPlugin/atom"
"c9f96f1c82fb4e97","Critical Care and Resuscitation","https://rss.sciencedirect.com/publication/science/14412772","feed-with-entries","200","rss","33","2026-10-04T13:03:39.775990+00:00","https://rss.sciencedirect.com/publication/science/14412772"
"ceaccec103676a71","CRITICAL REVIEWS IN ONCOLOGY HEMATOLOGY","https://rss.sciencedirect.com/publication/science/10408428","feed-with-entries","200","rss","100","2026-10-04T13:03:40.459056+00:00","https://rss.sciencedirect.com/publication/science/10408428"
"4d8f74cf85942757","Croatian and Comparative Public Administration","https://www.ccpa-journal.eu/index.php/ccpa/gateway/plugin/WebFeedGatewayPlugin/atom","feed-with-entries","200","atom","8","2026-10-04T12:59:33.240902+00:00","https://www.ccpa-journal.eu/index.php/ccpa/gateway/plugin/WebFeedGatewayPlugin/atom"
"097a0c7268eea789","Croatian Operational Research Review","http://hdoi.hr/crorr-journal/?feed=rss2","feed-with-entries","200","rss","10","2026-10-04T12:55:50.313573+00:00","http://hdoi.hr/crorr-journal/?feed=rss2"
"3d9c65822683e6db","CRYSTENGCOMM","http://feeds.rsc.org/rss/ce","feed-with-entries","200","rss","100","2026-10-04T13:00:53.474135+00:00","http://feeds.rsc.org/rss/ce"
"95e3c030fccb4072","CT&F-Ciencia Tecnologia y Futuro","https://ctyf.journal.ecopetrol.com.co/index.php/ctyf/gateway/plugin/WebFeedGatewayPlugin/atom","feed-with-entries","200","atom","5","2026-10-04T12:55:07.823949+00:00","https://ctyf.journal.ecopetrol.com.co/index.php/ctyf/gateway/plugin/WebFeedGatewayPlugin/atom"
"bcab259c420b6c8f","Cuaderno de Notas","https://polired.upm.es/index.php/cuadernodenotas/gateway/plugin/WebFeedGatewayPlugin/atom","feed-with-entries","200","atom","30","2026-10-04T13:01:02.214121+00:00","https://polired.upm.es/index.php/cuadernodenotas/gateway/plugin/WebFeedGatewayPlugin/atom"
"fa6a85b118747842","Cuadernos CANELA","https://www.cuadernoscanela.org/index.php/cuadernos/gateway/plugin/WebFeedGatewayPlugin/atom","rate-limited","429","","","2026-10-04T12:59:39.248051+00:00",""
"a7902c4fdb470427","Cuadernos de Gestion","https://ojs.ehu.eus/index.php/CG/gateway/plugin/AnnouncementFeedGatewayPlugin/atom","feed-with-entries","200","atom","15","2026-10-04T12:57:05.505453+00:00","https://ojs.ehu.eus/index.php/CG/gateway/plugin/AnnouncementFeedGatewayPlugin/atom"
"cb7774fcbc308cf9","Cuadernos de Ilustracion y Romanticismo","https://revistas.uca.es/index.php/cir/gateway/plugin/WebFeedGatewayPlugin/atom","feed-with-entries","200","atom","47","2026-10-04T12:58:18.162147+00:00","https://revistas.uca.es/index.php/cir/gateway/plugin/WebFeedGatewayPlugin/atom"
"cdb31c970d3eca22","Cuadernos de Investigacion Geografica","https://publicaciones.unirioja.es/ojs/index.php/cig/gateway/plugin/WebFeedGatewayPlugin/atom","feed-with-entries","200","atom","10","2026-10-04T13:01:03.352892+00:00","https://publicaciones.unirioja.es/ojs/index.php/cig/gateway/plugin/WebFeedGatewayPlugin/atom"
"b7adb273e021bcf3","Cuadernos de Neuropsicologia-Panamerican Journal of Neuropsychology","https://cnps.cl/index.php/cnps/gateway/plugin/WebFeedGatewayPlugin/atom","feed-with-entries","200","atom","13","2026-10-04T12:55:03.507448+00:00","https://cnps.cl/index.php/cnps/gateway/plugin/WebFeedGatewayPlugin/atom"
"aba53f053bb7e9d8","Cuadernos de Proyectos Arquitectonicos","https://polired.upm.es/index.php/proyectos_arquitectonicos/gateway/plugin/WebFeedGatewayPlugin/atom","feed-with-entries","200","atom","30","2026-10-04T13:01:19.362978+00:00","https://polired.upm.es/index.php/proyectos_arquitectonicos/gateway/plugin/WebFeedGatewayPlugin/atom"
"73ebfdbb67cd6235","Cuadernos de Trabajo Social","https://revistas.ucm.es/index.php/CUTS/gateway/plugin/WebFeedGatewayPlugin/atom","feed-with-entries","200","atom","30","2026-10-04T13:01:27.774079+00:00","https://revistas.ucm.es/index.php/CUTS/es/gateway/plugin/WebFeedGatewayPlugin/atom"
"fdf811653b4dc0ef","Cuadernos de Turismo","https://revistas.um.es/turismo/gateway/plugin/WebFeedGatewayPlugin/atom","feed-with-entries","200","atom","15","2026-10-04T13:01:06.304169+00:00","https://revistas.um.es/turismo/gateway/plugin/WebFeedGatewayPlugin/atom"
"d149daf816967bf5","Cuadernos Europeos de Deusto","https://ced.revistas.deusto.es/gateway/plugin/WebFeedGatewayPlugin/atom","feed-with-entries","200","atom","7","2026-10-04T12:55:02.238601+00:00","https://ced.revistas.deusto.es/gateway/plugin/WebFeedGatewayPlugin/atom"
"77f78be8d7d62d28","Cuadernos Info","https://cuadernosinfo.uc.cl/index.php/cdi/gateway/plugin/WebFeedGatewayPlugin/atom","access-blocked","403","","","2026-10-04T12:55:08.104408+00:00",""
"df3465c8cf07fab9","CUAJ-Canadian Urological Association Journal","https://cuaj.ca/index.php/journal/gateway/plugin/WebFeedGatewayPlugin/atom","network-or-safety-error","","","","2026-10-04T12:55:08.556396+00:00",""
"7a4697ab00ffa993","Cuestiones de Sociologia","https://www.cuestionessociologia.fahce.unlp.edu.ar/gateway/plugin/WebFeedGatewayPlugin/atom","feed-with-entries","200","atom","13","2026-10-04T12:59:39.612875+00:00","https://www.cuestionessociologia.fahce.unlp.edu.ar/gateway/plugin/WebFeedGatewayPlugin/atom"
"7579d43865b9659c","CUHSO-Cultura-Hombre-Sociedad","http://www.scielo.cl/rss.php?pid=0719-278920190002&lang=en","access-blocked","403","","","2026-10-04T13:01:24.125635+00:00",""
"fbd4e8bfe8e4d310","Cultura Ciencia y Deporte","https://ccd.ucam.edu/index.php/revista/gateway/plugin/AnnouncementFeedGatewayPlugin/atom","feed-with-entries","200","atom","42","2026-10-04T12:55:01.085786+00:00","https://ccd.ucam.edu/index.php/revista/es/gateway/plugin/AnnouncementFeedGatewayPlugin/atom"
"e1f78d30614fe1e3","Cultura de los Cuidados","https://culturacuidados.ua.es/gateway/plugin/WebFeedGatewayPlugin/atom","feed-with-entries","200","atom","26","2026-10-04T12:55:09.529329+00:00","https://culturacuidados.ua.es/gateway/plugin/WebFeedGatewayPlugin/atom"
"6ca5737f5104e2b7","Cultura y Droga","https://revistasojs.ucaldas.edu.co/index.php/culturaydroga/gateway/plugin/WebFeedGatewayPlugin/atom","feed-with-entries","200","atom","12","2026-10-04T12:58:37.831327+00:00","https://revistasojs.ucaldas.edu.co/index.php/culturaydroga/gateway/plugin/WebFeedGatewayPlugin/atom"
"bd220201e3e574bc","Current Opinion in Behavioral Sciences","https://rss.sciencedirect.com/publication/science/23521546","feed-with-entries","200","rss","10","2026-10-04T13:03:44.468004+00:00","https://rss.sciencedirect.com/publication/science/23521546"
"943fe8fb5c6e951c","CURRENT OPINION IN CHEMICAL BIOLOGY","https://rss.sciencedirect.com/publication/science/13675931","feed-with-entries","200","rss","49","2026-10-04T13:03:44.835500+00:00","https://rss.sciencedirect.com/publication/science/13675931"
"b5bfadbd6ffaff81","Current Opinion in Food Science","https://rss.sciencedirect.com/publication/science/22147993","feed-with-entries","200","rss","36","2026-10-04T13:03:45.886027+00:00","https://rss.sciencedirect.com/publication/science/22147993"
"348f9a91462aefde","CURRENT OPINION IN GENETICS & DEVELOPMENT","https://rss.sciencedirect.com/publication/science/0959437X","feed-with-entries","200","rss","28","2026-10-04T13:03:46.674023+00:00","https://rss.sciencedirect.com/publication/science/0959437X"
"9fd6c07814cf18b8","Current Opinion in Green and Sustainable Chemistry","https://rss.sciencedirect.com/publication/science/24522236","feed-with-entries","200","rss","17","2026-10-04T13:03:48.431818+00:00","https://rss.sciencedirect.com/publication/science/24522236"
"b0e3a55fa5bcf59b","CURRENT OPINION IN PHARMACOLOGY","https://rss.sciencedirect.com/publication/science/14714892","feed-with-entries","200","rss","19","2026-10-04T13:03:49.390816+00:00","https://rss.sciencedirect.com/publication/science/14714892"
"1a5511ee4a30bae7","CURRENT OPINION IN PLANT BIOLOGY","https://rss.sciencedirect.com/publication/science/13695266","feed-with-entries","200","rss","31","2026-10-04T13:03:50.933256+00:00","https://rss.sciencedirect.com/publication/science/13695266"
"293528cf6c1dbb0b","CURRENT OPINION IN SOLID STATE & MATERIALS SCIENCE","https://rss.sciencedirect.com/publication/science/13590286","feed-with-entries","200","rss","21","2026-10-04T13:03:51.905776+00:00","https://rss.sciencedirect.com/publication/science/13590286"
"6e64d44db43df0df","Current Opinion in Virology","https://rss.sciencedirect.com/publication/science/18796257","feed-with-entries","200","rss","47","2026-10-04T13:03:51.991299+00:00","https://rss.sciencedirect.com/publication/science/18796257"
"4d7acb530fdddc0a","CURRENT PROBLEMS IN CANCER","https://rss.sciencedirect.com/publication/science/01470272","feed-with-entries","200","rss","13","2026-10-04T13:03:52.254907+00:00","https://rss.sciencedirect.com/publication/science/01470272"
"b43cd395e6aca69a","Current Problems in Diagnostic Radiology","https://rss.sciencedirect.com/publication/science/03630188","feed-with-entries","200","rss","70","2026-10-04T13:03:53.008774+00:00","https://rss.sciencedirect.com/publication/science/03630188"
"0d7ec27e19d4c295","Current Problems in Pediatric and Adolescent Health Care","https://rss.sciencedirect.com/publication/science/15385442","feed-with-entries","200","rss","14","2026-10-04T13:03:53.078239+00:00","https://rss.sciencedirect.com/publication/science/15385442"
"826e6b7cf970aaa1","Current Research in Insect Science","https://rss.sciencedirect.com/publication/science/26665158","feed-with-entries","200","rss","15","2026-10-04T13:03:53.417127+00:00","https://rss.sciencedirect.com/publication/science/26665158"
"8826eb8c787130dc","Current Research in Microbial Sciences","https://rss.sciencedirect.com/publication/science/26665174","feed-with-entries","200","rss","100","2026-10-04T13:03:53.674525+00:00","https://rss.sciencedirect.com/publication/science/26665174"
"c89a3af63227d94b","Current Research in Physiology","https://rss.sciencedirect.com/publication/science/26659441","feed-with-entries","200","rss","52","2026-10-04T13:03:54.031638+00:00","https://rss.sciencedirect.com/publication/science/26659441"
"961bad0b8a6830e9","Cyberpsychology-Journal of Psychosocial Research on Cyberspace","https://cyberpsychology.eu/gateway/plugin/WebFeedGatewayPlugin/atom","feed-with-entries","200","atom","15","2026-10-04T12:55:09.999642+00:00","https://cyberpsychology.eu/gateway/plugin/WebFeedGatewayPlugin/atom"
"e79bf025b39176a7","CYTOKINE","https://rss.sciencedirect.com/publication/science/10434666","feed-with-entries","200","rss","19","2026-10-04T13:03:54.256402+00:00","https://rss.sciencedirect.com/publication/science/10434666"
"1b30edfabb9af694","CYTOKINE & GROWTH FACTOR REVIEWS","https://rss.sciencedirect.com/publication/science/13596101","feed-with-entries","200","rss","21","2026-10-04T13:03:54.419395+00:00","https://rss.sciencedirect.com/publication/science/13596101"
"95ba1128f0330e05","Czech Polar Reports","https://journals.muni.cz/CPR/gateway/plugin/WebFeedGatewayPlugin/atom","feed-with-entries","200","atom","10","2026-10-04T12:56:33.171514+00:00","https://journals.muni.cz/CPR/gateway/plugin/WebFeedGatewayPlugin/atom"
"31f4b10e99a20039","Czech-Polish Historical and Pedagogical Journal","https://journals.muni.cz/cphpjournal/gateway/plugin/WebFeedGatewayPlugin/atom","feed-with-entries","200","atom","8","2026-10-04T13:00:55.457702+00:00","https://journals.muni.cz/cphpjournal/gateway/plugin/WebFeedGatewayPlugin/atom"
"d3f6e60fbfa477fe","Dalhousie Journal of Interdisciplinary Management","https://ojs.library.dal.ca/djim/gateway/plugin/WebFeedGatewayPlugin/atom","feed-with-entries","200","atom","1","2026-10-04T12:57:08.869883+00:00","https://ojs.library.dal.ca/djim/gateway/plugin/WebFeedGatewayPlugin/atom"
"ef5fef15b5a637fb","DALHOUSIE REVIEW","https://ojs.library.dal.ca/dalhousiereview/gateway/plugin/WebFeedGatewayPlugin/atom","feed-with-entries","200","atom","25","2026-10-04T13:00:59.377354+00:00","https://ojs.library.dal.ca/dalhousiereview/gateway/plugin/WebFeedGatewayPlugin/atom"
"fae3e8f323cca478","DALTON TRANSACTIONS","http://feeds.rsc.org/rss/dt","feed-with-entries","200","rss","100","2026-10-04T13:01:15.329836+00:00","http://feeds.rsc.org/rss/dt"
"62cb4e20b18bc33b","Danza e Ricerca-Laboratorio di Studi Scritture Visioni","https://danzaericerca.unibo.it/gateway/plugin/AnnouncementFeedGatewayPlugin/atom","feed-with-entries","200","atom","6","2026-10-04T12:55:12.473964+00:00","https://danzaericerca.unibo.it/gateway/plugin/AnnouncementFeedGatewayPlugin/atom"
"cb12fe59d1dc70ef","Data","https://ourworldindata.org/atom.xml","feed-with-entries","200","atom","10","2026-10-04T12:57:21.428599+00:00","https://ourworldindata.org/atom.xml"
"d151bdb19fdeb9c6","DATA BASE FOR ADVANCES IN INFORMATION SYSTEMS","https://sigmis.org/comments/feed/","feed-with-entries","200","rss","5","2026-10-04T12:59:01.781512+00:00","https://sigmis.org/comments/feed/"
"74480700971a45d1","Debate Universitario","https://debate.revistasuai.ar/index.php/debate/gateway/plugin/WebFeedGatewayPlugin/atom","feed-with-entries","200","atom","30","2026-10-04T12:55:13.755003+00:00","https://debate.revistasuai.ar/index.php/debate/gateway/plugin/WebFeedGatewayPlugin/atom"
"828c1b382ab86662","Debates en Sociologia","https://revistas.pucp.edu.pe/index.php/debatesensociologia/gateway/plugin/WebFeedGatewayPlugin/atom","not-feed-xml","200","","","2026-10-04T12:58:16.368638+00:00","https://revistas.pucp.edu.pe/index.php/debatesensociologia/es/gateway/plugin/WebFeedGatewayPlugin/atom"
"05ec9aa3f8fac8eb","Debats-Revista de Cultura Poder i Societat","https://revistadebats.net/gateway/plugin/WebFeedGatewayPlugin/atom","feed-with-entries","200","atom","25","2026-10-04T12:58:03.679311+00:00","https://revistadebats.net/gateway/plugin/WebFeedGatewayPlugin/atom"
"0c135b26b9d061d1","Demographic Research","https://www.demographic-research.org/dr.rss","feed-with-entries","200","rss","10","2026-10-04T12:59:39.742430+00:00","https://www.demographic-research.org/dr.rss"
"22a162b9c8142666","DENDROCHRONOLOGIA","https://rss.sciencedirect.com/publication/science/11257865","feed-with-entries","200","rss","36","2026-10-04T13:03:54.643573+00:00","https://rss.sciencedirect.com/publication/science/11257865"
"423c743820e2775b","DESALINATION","https://rss.sciencedirect.com/publication/science/00119164","feed-with-entries","200","rss","87","2026-10-04T13:03:54.995274+00:00","https://rss.sciencedirect.com/publication/science/00119164"
"66b4c7af1bfcb14c","Design Studies","https://rss.sciencedirect.com/publication/science/0142694X","feed-with-entries","200","rss","9","2026-10-04T13:03:55.516597+00:00","https://rss.sciencedirect.com/publication/science/0142694X"
"7b1f3d4733e7ad02","DEVELOPMENTAL AND COMPARATIVE IMMUNOLOGY","https://rss.sciencedirect.com/publication/science/0145305X","feed-with-entries","200","rss","34","2026-10-04T13:03:56.049352+00:00","https://rss.sciencedirect.com/publication/science/0145305X"
"a3b294c1569c530b","Developmental Cognitive Neuroscience","https://rss.sciencedirect.com/publication/science/18789293","feed-with-entries","200","rss","48","2026-10-04T13:03:56.425479+00:00","https://rss.sciencedirect.com/publication/science/18789293"
"a2a9eddcb019d80c","DEVELOPMENTAL REVIEW","https://rss.sciencedirect.com/publication/science/02732297","feed-with-entries","200","rss","19","2026-10-04T13:03:56.644583+00:00","https://rss.sciencedirect.com/publication/science/02732297"
"738bd84e5a2f35f1","DIABETES & METABOLISM","https://rss.sciencedirect.com/publication/science/12623636","feed-with-entries","200","rss","22","2026-10-04T13:03:56.789300+00:00","https://rss.sciencedirect.com/publication/science/12623636"
"a27ca8da8c0f097c","Diabetes Metabolic Syndrome and Obesity","https://www.dovepress.com/feed/journal/32","feed-with-entries","200","rss","30","2026-10-04T13:01:42.699770+00:00","https://www.dovepress.com/feed/journal/32"
"b34bc589ea38ee14","DIABETES RESEARCH AND CLINICAL PRACTICE","https://rss.sciencedirect.com/publication/science/01688227","feed-with-entries","200","rss","70","2026-10-04T13:03:57.277743+00:00","https://rss.sciencedirect.com/publication/science/01688227"
"a68836f2b654404f","Dialogic Pedagogy","https://dpj.pitt.edu/ojs/dpj1/gateway/plugin/WebFeedGatewayPlugin/atom","feed-with-entries","200","atom","12","2026-10-04T12:55:19.598842+00:00","https://dpj.pitt.edu/ojs/dpj1/gateway/plugin/WebFeedGatewayPlugin/atom"
"fe96324085f640eb","Diametros","https://diametros.uj.edu.pl/diametros/en/gateway/plugin/WebFeedGatewayPlugin/atom","feed-with-entries","200","atom","4","2026-10-04T12:55:15.035234+00:00","https://diametros.uj.edu.pl/diametros/en/gateway/plugin/WebFeedGatewayPlugin/atom"
"6a112c68951d36ef","DIAMOND AND RELATED MATERIALS","https://rss.sciencedirect.com/publication/science/09259635","feed-with-entries","200","rss","100","2026-10-04T13:03:57.586578+00:00","https://rss.sciencedirect.com/publication/science/09259635"
"a3ba17f755504e96","Didactica de las Ciencias Experimentales y Sociales","https://ojs.uv.es/index.php/dces/gateway/plugin/WebFeedGatewayPlugin/atom","feed-with-entries","200","atom","30","2026-10-04T12:57:15.315901+00:00","https://turia.uv.es/index.php/dces/es/gateway/plugin/WebFeedGatewayPlugin/atom"
"564931983071e528","DIFFERENTIAL GEOMETRY AND ITS APPLICATIONS","https://rss.sciencedirect.com/publication/science/09262245","feed-with-entries","200","rss","40","2026-10-04T13:03:57.885946+00:00","https://rss.sciencedirect.com/publication/science/09262245"
"d5b4d254befa5fbe","DIFFERENTIATION","https://rss.sciencedirect.com/publication/science/03014681","feed-with-entries","200","rss","9","2026-10-04T13:03:58.453289+00:00","https://rss.sciencedirect.com/publication/science/03014681"
"60fbca0677e78738","digitAR-Revista Digital de Arqueologia Arquitectura e Artes-Digital Journal of Archaeology Architecture and Arts","https://impactum-journals.uc.pt/digitar/gateway/plugin/WebFeedGatewayPlugin/atom","feed-with-entries","200","atom","5","2026-10-04T13:01:15.706297+00:00","https://impactum-journals.uc.pt/digitar/gateway/plugin/WebFeedGatewayPlugin/atom"
"b56165e16df45fbe","DISCRETE MATHEMATICS AND THEORETICAL COMPUTER SCIENCE","https://dmtcs.episciences.org/rss/papers","not-found","404","","","2026-10-04T12:55:18.397822+00:00",""
"eb71b076f295e68a","DM DISEASE-A-MONTH","https://rss.sciencedirect.com/publication/science/00115029","feed-with-entries","200","rss","25","2026-10-04T13:03:58.621607+00:00","https://rss.sciencedirect.com/publication/science/00115029"
"2269e7aa0e4dce8d","DNA REPAIR","https://rss.sciencedirect.com/publication/science/15687864","feed-with-entries","200","rss","12","2026-10-04T13:03:59.039035+00:00","https://rss.sciencedirect.com/publication/science/15687864"
"cdabd89347a46bb8","Documenti Geografici","https://www.documentigeografici.it/index.php/docugeo/gateway/plugin/WebFeedGatewayPlugin/atom","not-found","404","","","2026-10-04T12:59:40.249517+00:00",""
"17aa692cef4dc55c","Doxa-Cuadernos de Filosofia y Derecho","https://doxa.ua.es/gateway/plugin/WebFeedGatewayPlugin/atom","feed-with-entries","200","atom","20","2026-10-04T12:55:19.297130+00:00","https://doxa.ua.es/gateway/plugin/WebFeedGatewayPlugin/atom"
"824afded1e76103c","DRUG AND ALCOHOL DEPENDENCE","https://rss.sciencedirect.com/publication/science/03768716","feed-with-entries","200","rss","77","2026-10-04T13:03:59.483669+00:00","https://rss.sciencedirect.com/publication/science/03768716"
"206e9817d82232be","Drug Design Development and Therapy","https://www.dovepress.com/feed/journal/19","feed-with-entries","200","rss","30","2026-10-04T13:01:44.326107+00:00","https://www.dovepress.com/feed/journal/19"
"20d3848dc65d40f3","Drug Healthcare and Patient Safety","https://www.dovepress.com/feed/journal/44","feed-with-entries","200","rss","30","2026-10-04T13:01:45.609882+00:00","https://www.dovepress.com/feed/journal/44"
"df11ac7a54e4b863","E-Latina-Revista Electronica de Estudios Latinoamericanos","https://publicaciones.sociales.uba.ar/index.php/elatina/gateway/plugin/WebFeedGatewayPlugin/atom","feed-with-entries","200","atom","30","2026-10-04T13:01:03.273751+00:00","https://publicaciones.sociales.uba.ar/index.php/elatina/es/gateway/plugin/WebFeedGatewayPlugin/atom"
"19c91ddebb7f4446","EARLY HUMAN DEVELOPMENT","https://rss.sciencedirect.com/publication/science/03783782","feed-with-entries","200","rss","37","2026-10-04T13:03:59.833609+00:00","https://rss.sciencedirect.com/publication/science/03783782"
"510b809a798c6a98","Early Theatre","https://earlytheatre.org/gateway/plugin/WebFeedGatewayPlugin/atom","feed-with-entries","200","atom","22","2026-10-04T12:55:21.192298+00:00","https://earlytheatre.org/gateway/plugin/WebFeedGatewayPlugin/atom"
"685bf1978b4ea649","East Asian Journal on Applied Mathematics","https://global-sci.com/EAJAM/gateway/plugin/WebFeedGatewayPlugin/atom","not-found","404","","","2026-10-04T13:01:15.478602+00:00",""
"2292f0a6f5b8f8bb","Eating Behaviors","https://rss.sciencedirect.com/publication/science/14710153","feed-with-entries","200","rss","29","2026-10-04T13:04:00.395394+00:00","https://rss.sciencedirect.com/publication/science/14710153"
"9c07987e09349d27","ECOHYDROLOGY & HYDROBIOLOGY","https://rss.sciencedirect.com/publication/science/16423593","feed-with-entries","200","rss","56","2026-10-04T13:04:00.816020+00:00","https://rss.sciencedirect.com/publication/science/16423593"
"85eed705a3213003","ECOLOGICAL ENGINEERING","https://rss.sciencedirect.com/publication/science/09258574","feed-with-entries","200","rss","36","2026-10-04T13:04:01.174011+00:00","https://rss.sciencedirect.com/publication/science/09258574"
"8dc276ee2c90e962","Ecological Indicators","https://rss.sciencedirect.com/publication/science/1470160X","feed-with-entries","200","rss","100","2026-10-04T13:04:01.552527+00:00","https://rss.sciencedirect.com/publication/science/1470160X"
"68aa7b0b3611ac88","Ecological Informatics","https://rss.sciencedirect.com/publication/science/15749541","feed-with-entries","200","rss","100","2026-10-04T13:04:02.193279+00:00","https://rss.sciencedirect.com/publication/science/15749541"
"7ae7421bf28b90cc","Econ Journal Watch","https://econjwatch.org/atom/","feed-with-entries","200","atom","5","2026-10-04T12:55:22.332196+00:00","https://econjwatch.org/atom/"
"df25ab70b7c34aff","Econometrics","https://rss.sciencedirect.com/publication/science/24523062","feed-with-entries","200","rss","63","2026-10-04T13:04:02.586986+00:00","https://rss.sciencedirect.com/publication/science/24523062"
"dbb5121e6958e4cf","Economia Sociedad y Territorio","https://est.cmq.edu.mx/index.php/est/gateway/plugin/WebFeedGatewayPlugin/atom","tls-or-network-error","","","","2026-10-04T12:55:31.038613+00:00",""
"5a687a3ac4e56099","Economics and Business Letters","https://journal.privietlab.org/index.php/JEBL/gateway/plugin/WebFeedGatewayPlugin/atom","not-feed-xml","200","","","2026-10-04T12:56:25.108204+00:00","https://journal.privietlab.org/index.php/JEBL/gateway/plugin/WebFeedGatewayPlugin/atom"
"af132552c272c081","Economics Ecology Socium","https://ees-journal.com/index.php/journal/gateway/plugin/WebFeedGatewayPlugin/atom","feed-with-entries","200","atom","10","2026-10-04T12:55:24.433421+00:00","https://ees-journal.com/index.php/journal/gateway/plugin/WebFeedGatewayPlugin/atom"
"f5155f7a1904c965","ECONOMICS OF EDUCATION REVIEW","https://rss.sciencedirect.com/publication/science/02727757","feed-with-entries","200","rss","26","2026-10-04T13:04:03.132334+00:00","https://rss.sciencedirect.com/publication/science/02727757"
"a78e3262fe4a53f6","Economics of Peace and Security Journal","https://www.epsjournal.org.uk/index.php/EPSJ/gateway/plugin/WebFeedGatewayPlugin/atom","html-or-disallowed-doctype","200","","","2026-10-04T12:59:46.373983+00:00","https://www.epsjournal.org.uk/index.php/EPSJ/index"
"e8248cfb98720690","Economics of Transportation","https://rss.sciencedirect.com/publication/science/22120122","feed-with-entries","200","rss","6","2026-10-04T13:04:03.489948+00:00","https://rss.sciencedirect.com/publication/science/22120122"
"4f5c6993938cd702","Educacion Fisica y Ciencia","https://efyc.fahce.unlp.edu.ar/gateway/plugin/AnnouncementFeedGatewayPlugin/atom","feed-with-entries","200","atom","20","2026-10-04T12:55:24.555821+00:00","https://efyc.fahce.unlp.edu.ar/gateway/plugin/AnnouncementFeedGatewayPlugin/atom"
"285b9d12562ccad8","Eixo e a Roda-Revista de Literatura Brasileira","http://periodicos.letras.ufmg.br/index.php/o_eixo_ea_roda/gateway/plugin/WebFeedGatewayPlugin/atom","timeout","","","","2026-10-04T12:57:27.645589+00:00",""
"43563911d7328fbe","Ekonomia i Prawo-Economics and Law","https://apcz.umk.pl/EiP/gateway/plugin/WebFeedGatewayPlugin/atom","feed-with-entries","200","atom","8","2026-10-04T13:00:50.977252+00:00","https://apcz.umk.pl/EiP/gateway/plugin/WebFeedGatewayPlugin/atom"
"56553b55ca8db137","Ekonomia i Srodowisko-Economics and Environment","https://ekonomiaisrodowisko.pl/journal/gateway/plugin/AnnouncementFeedGatewayPlugin/atom","feed-with-entries","200","atom","12","2026-10-04T12:55:27.911590+00:00","https://ekonomiaisrodowisko.pl/journal/gateway/plugin/AnnouncementFeedGatewayPlugin/atom"
"4180fca34db6f07a","ELECTORAL STUDIES","https://rss.sciencedirect.com/publication/science/02613794","feed-with-entries","200","rss","28","2026-10-04T13:04:03.907816+00:00","https://rss.sciencedirect.com/publication/science/02613794"
"06ba13698909aab7","Electrical Engineering & Electromechanics","https://eie.khpi.edu.ua/gateway/plugin/WebFeedGatewayPlugin/atom","feed-with-entries","200","atom","11","2026-10-04T12:55:24.644484+00:00","https://eie.khpi.edu.ua/gateway/plugin/WebFeedGatewayPlugin/atom"
"003ae7f75d61ae9c","ELECTROCHIMICA ACTA","https://rss.sciencedirect.com/publication/science/00134686","feed-with-entries","200","rss","100","2026-10-04T13:04:04.469955+00:00","https://rss.sciencedirect.com/publication/science/00134686"
"ded2b1dd3388842e","Electronic Journal of Graph Theory and Applications","https://www.ejgta.org/index.php/ejgta/gateway/plugin/WebFeedGatewayPlugin/atom","feed-with-entries","200","atom","16","2026-10-04T12:59:44.012064+00:00","https://www.ejgta.org/index.php/ejgta/gateway/plugin/WebFeedGatewayPlugin/atom"
"eda13bcfa201231f","eLife","https://elifesciences.org/rss/recent.xml","feed-with-entries","200","rss","100","2026-10-04T12:55:28.164200+00:00","https://elifesciences.org/rss/recent.xml"
"6ae6fd62695d602f","Elos-Revista de Literatura Infantil e Xuvenil","https://liter21.usc.gal/comments/feed","html-or-disallowed-doctype","200","","","2026-10-04T12:56:53.830468+00:00","https://liter21.usc.gal/comments/feed"
"500661d09671aa8f","Em Questao","https://seer.ufrgs.br/index.php/EmQuestao/gateway/plugin/AnnouncementFeedGatewayPlugin/atom","timeout","","","","2026-10-04T12:59:00.069254+00:00",""
"7bc9f4968396acd4","Emerging Markets Review","https://rss.sciencedirect.com/publication/science/15660141","feed-with-entries","200","rss","49","2026-10-04T13:04:04.931066+00:00","https://rss.sciencedirect.com/publication/science/15660141"
"5f362dbde3b7d2d6","EMITTER-International Journal of Engineering Technology","https://emitter.pens.ac.id/index.php/emitter/gateway/plugin/WebFeedGatewayPlugin/atom","feed-with-entries","200","atom","10","2026-10-04T12:55:28.385049+00:00","https://emitter.pens.ac.id/index.php/emitter/gateway/plugin/WebFeedGatewayPlugin/atom"
"17227fc146c23d33","Empedocles-European Journal for the Philosophy of Communication","https://callisto.newgen.co/intellect/index.php/EJPC/gateway/plugin/WebFeedGatewayPlugin/atom","feed-with-entries","200","atom","5","2026-10-04T12:55:00.012646+00:00","https://callisto.newgen.co/intellect/index.php/EJPC/gateway/plugin/WebFeedGatewayPlugin/atom"
"b9bd709d41310e90","Encounters in Theory and History of Education","https://ojs.library.queensu.ca/index.php/encounters/gateway/plugin/WebFeedGatewayPlugin/atom","feed-with-entries","200","atom","22","2026-10-04T12:57:09.130531+00:00","https://ojs.library.queensu.ca/index.php/encounters/gateway/plugin/WebFeedGatewayPlugin/atom"
"30a3d7e55a4e5b2b","Endokrynologia Polska","https://journals.viamedica.pl/endokrynologia_polska/gateway/plugin/WebFeedGatewayPlugin/atom","feed-with-entries","200","atom","19","2026-10-04T13:01:17.805365+00:00","https://journals.viamedica.pl/endokrynologia_polska/gateway/plugin/WebFeedGatewayPlugin/atom"
"d93f1681e57842ed","Energetic Materials Frontiers","https://rss.sciencedirect.com/publication/science/26666472","feed-with-entries","200","rss","65","2026-10-04T13:04:05.550648+00:00","https://rss.sciencedirect.com/publication/science/26666472"
"8cc41e485f867b79","Energy and AI","https://rss.sciencedirect.com/publication/science/26665468","feed-with-entries","200","rss","100","2026-10-04T13:04:06.146385+00:00","https://rss.sciencedirect.com/publication/science/26665468"
"0a2c40a271ebd17a","Energy and Climate Change","https://rss.sciencedirect.com/publication/science/26662787","feed-with-entries","200","rss","100","2026-10-04T13:04:06.559949+00:00","https://rss.sciencedirect.com/publication/science/26662787"
"efcf1de2a596090c","Energy Economics","https://rss.sciencedirect.com/publication/science/01409883","feed-with-entries","200","rss","71","2026-10-04T13:04:07.109080+00:00","https://rss.sciencedirect.com/publication/science/01409883"
"01bc7c07ea9f1d40","EnergyChem","https://rss.sciencedirect.com/publication/science/25897780","feed-with-entries","200","rss","11","2026-10-04T13:04:07.511652+00:00","https://rss.sciencedirect.com/publication/science/25897780"
"8476cb2b7a945cdd","Enfermeria Intensiva","https://rss.sciencedirect.com/publication/science/11302399","feed-with-entries","200","rss","29","2026-10-04T13:04:07.887013+00:00","https://rss.sciencedirect.com/publication/science/11302399"
"cff031418c6bb986","Enfoque UTE","http://scielo.senescyt.gob.ec/rss.php?pid=1390-654220260001&lang=en","http-error","502","","","2026-10-04T12:58:58.631341+00:00",""
"00b1d91402b9dd32","Engaging Science Technology and Society","https://estsjournal.org/index.php/ests/gateway/plugin/WebFeedGatewayPlugin/atom","feed-with-entries","200","atom","7","2026-10-04T12:55:31.590492+00:00","https://estsjournal.org/index.php/ests/gateway/plugin/WebFeedGatewayPlugin/atom"
"3781204fe5052d08","Engenharia Agricola","https://www.scielo.br/journal/eagri/feed/","access-blocked","403","","","2026-10-04T13:01:47.421153+00:00",""
"9a2cd8e03fe26211","Engineer-Journal of the Institution of Engineers Sri Lanka","https://account.engineer.sljol.info/index.php/sljo-j-ejiesl/gateway/plugin/WebFeedGatewayPlugin/atom","tls-or-network-error","","","","2026-10-04T12:54:22.759911+00:00",""
"a6c65c3a9bd34639","ENGINEERING FRACTURE MECHANICS","https://rss.sciencedirect.com/publication/science/00137944","feed-with-entries","200","rss","86","2026-10-04T13:04:08.453114+00:00","https://rss.sciencedirect.com/publication/science/00137944"
"bf7c8379ef8c6eaf","ENGINEERING STRUCTURES","https://rss.sciencedirect.com/publication/science/01410296","feed-with-entries","200","rss","100","2026-10-04T13:04:09.027642+00:00","https://rss.sciencedirect.com/publication/science/01410296"
"bb3d03820341a021","ENGLISH FOR SPECIFIC PURPOSES","https://rss.sciencedirect.com/publication/science/08894906","feed-with-entries","200","rss","28","2026-10-04T13:04:09.371821+00:00","https://rss.sciencedirect.com/publication/science/08894906"
"a21ef44f87d698ae","Ensayos-Revista de la Facultad de Educacion de Albacete","https://revista.uclm.es/index.php/ensayos/gateway/plugin/WebFeedGatewayPlugin/atom","access-blocked","403","","","2026-10-04T12:57:58.558668+00:00",""
"0478eda6b370f378","Entertainment Computing","https://rss.sciencedirect.com/publication/science/18759521","feed-with-entries","200","rss","100","2026-10-04T13:04:09.896162+00:00","https://rss.sciencedirect.com/publication/science/18759521"
"9f10aef4f5b48f96","ENTRE CIENCIA E INGENIERIA","https://revistas.ucp.edu.co/index.php/entrecienciaeingenieria/gateway/plugin/WebFeedGatewayPlugin/atom","network-or-safety-error","","","","2026-10-04T12:58:19.906332+00:00",""
"86620bd00bf62c5e","Entrepalavras","http://www.entrepalavras.ufc.br/revista/index.php/Revista/gateway/plugin/WebFeedGatewayPlugin/atom","network-or-safety-error","","","","2026-10-04T12:59:45.873694+00:00",""
"6919f81f2d8e2191","Environmental Chemistry and Ecotoxicology","https://rss.sciencedirect.com/publication/science/25901826","feed-with-entries","200","rss","100","2026-10-04T13:04:10.290727+00:00","https://rss.sciencedirect.com/publication/science/25901826"
"22bc6ffdaf8d7296","Environmental Development","https://rss.sciencedirect.com/publication/science/22114645","feed-with-entries","200","rss","52","2026-10-04T13:04:10.667886+00:00","https://rss.sciencedirect.com/publication/science/22114645"
"8e6bacda025897cb","Environmental Engineering and Management Journal","http://www.eemj.eu/index.php/EEMJ/gateway/plugin/WebFeedGatewayPlugin/atom","http-error","502","","","2026-10-04T12:59:43.854165+00:00",""
"0d32e7b3f7a6c01a","ENVIRONMENTAL HISTORY","https://www.journals.uchicago.edu/action/showFeed?type=etoc&feed=rss&jc=eh","feed-with-entries","200","rdf","30","2026-10-04T13:00:06.671695+00:00","https://www.journals.uchicago.edu/action/showFeed?type=etoc&feed=rss&jc=eh"
"00fb1a8957a33d56","Environmental Innovation and Societal Transitions","https://rss.sciencedirect.com/publication/science/22104224","feed-with-entries","200","rss","42","2026-10-04T13:04:11.258137+00:00","https://rss.sciencedirect.com/publication/science/22104224"
"b9c6fd2bcd747a6c","ENVIRONMENTAL MODELLING & SOFTWARE","https://rss.sciencedirect.com/publication/science/13648152","feed-with-entries","200","rss","59","2026-10-04T13:04:11.893191+00:00","https://rss.sciencedirect.com/publication/science/13648152"
"0a73c21e3826dabe","Environmental Science and Ecotechnology","https://rss.sciencedirect.com/publication/science/26664984","feed-with-entries","200","rss","23","2026-10-04T13:04:12.473908+00:00","https://rss.sciencedirect.com/publication/science/26664984"
"cb11cc95d3c25f5f","Epekeina-International Journal of Ontology History and Critics","http://www.ricercafilosofica.it/epekeina/index.php/epekeina/gateway/plugin/AnnouncementFeedGatewayPlugin/atom","feed-with-entries","200","atom","5","2026-10-04T13:00:33.045416+00:00","http://www.ricercafilosofica.it/epekeina/index.php/epekeina/gateway/plugin/AnnouncementFeedGatewayPlugin/atom"
"79709955ed7ac86d","EPILEPSY RESEARCH","https://rss.sciencedirect.com/publication/science/09201211","feed-with-entries","200","rss","45","2026-10-04T13:04:12.877514+00:00","https://rss.sciencedirect.com/publication/science/09201211"
"5abb813f3eab9fce","Equilibrium-Quarterly Journal of Economics and Economic Policy","https://economic-policy.pl/index.php/eq/gateway/plugin/WebFeedGatewayPlugin/atom","timeout","","","","2026-10-04T12:55:23.009954+00:00",""
"1baf8b66b6773009","ERCIM News","https://ercim-news.ercim.eu/?format=feed&type=rss","feed-with-entries","200","rss","34","2026-10-04T12:55:29.800544+00:00","https://ercim-news.ercim.eu/?format=feed&type=rss"
"9a8904c759eeb24a","Erdkunde","https://www.erdkunde.uni-bonn.de/gateway/plugin/WebFeedGatewayPlugin/atom","feed-with-entries","200","atom","4","2026-10-04T12:59:46.564132+00:00","https://www.erdkunde.uni-bonn.de/gateway/plugin/WebFeedGatewayPlugin/atom"
"02710a1f2ecc621d","Ergo-An Open Access Journal of Philosophy","https://journals.publishing.umich.edu/ergo/feed/","feed-with-entries","200","rss","10","2026-10-04T12:56:35.265193+00:00","https://journals.publishing.umich.edu/ergo/feed/"
"9bfd0524b86e49a2","Espacio Tiempo y Forma Serie VII-Historia del Arte","https://revistas.uned.es/index.php/ETFVII/gateway/plugin/AnnouncementFeedGatewayPlugin/atom","tls-or-network-error","","","","2026-10-04T12:58:29.272259+00:00",""
"f789ddb75f625a49","Espacios en Blanco-Serie Indagaciones","https://www.scielo.org.ar/rss.php?pid=1515-948520260001&lang=en","feed-with-entries","200","rss","17","2026-10-04T13:01:24.145968+00:00","https://www.scielo.org.ar/rss.php?pid=1515-948520260001&lang=en"
"b83eafd7be625ff8","ESPES-The Slovak Journal of Aesthetics","https://espes.ff.unipo.sk/index.php/espes/gateway/plugin/WebFeedGatewayPlugin/atom","feed-with-entries","200","atom","30","2026-10-04T12:55:30.332708+00:00","https://espes.ff.unipo.sk/index.php/espes/gateway/plugin/WebFeedGatewayPlugin/atom"
"78e7ea46c30f049a","ESTUARINE COASTAL AND SHELF SCIENCE","https://rss.sciencedirect.com/publication/science/02727714","feed-with-entries","200","rss","100","2026-10-04T13:04:13.434164+00:00","https://rss.sciencedirect.com/publication/science/02727714"
"192647de65f95cb7","Estudios de Asia y Africa","https://estudiosdeasiayafrica.colmex.mx/index.php/eaa/es/gateway/plugin/WebFeedGatewayPlugin/atom","network-or-safety-error","","","","2026-10-04T12:55:32.169009+00:00",""
"85d4518443964f05","Estudios de Cultura Maya","https://revistas-filologicas.unam.mx/estudios-cultura-maya/index.php/ecm/gateway/plugin/WebFeedGatewayPlugin/atom","feed-with-entries","200","atom","9","2026-10-04T13:01:03.457053+00:00","https://revistas-filologicas.unam.mx/estudios-cultura-maya/index.php/ecm/gateway/plugin/WebFeedGatewayPlugin/atom"
"ba1f97a8daef7487","Estudios de Historia Moderna y Contemporanea de Mexico","https://moderna.historicas.unam.mx/index.php/ehm/gateway/plugin/WebFeedGatewayPlugin/atom","feed-with-entries","200","atom","12","2026-10-04T12:57:00.059658+00:00","https://moderna.historicas.unam.mx/index.php/ehm/gateway/plugin/WebFeedGatewayPlugin/atom"
"131c033d6673150d","Estudios de Historia Novohispana","https://novohispana.historicas.unam.mx/index.php/ehn/gateway/plugin/WebFeedGatewayPlugin/atom","feed-with-entries","200","atom","11","2026-10-04T12:57:02.522099+00:00","https://novohispana.historicas.unam.mx/index.php/ehn/gateway/plugin/WebFeedGatewayPlugin/atom"
"fdfe12940d6f00e7","Estudios de Linguistica-Universidad de Alicante-ELUA","https://revistaelua.ua.es/gateway/plugin/WebFeedGatewayPlugin/atom","feed-with-entries","200","atom","11","2026-10-04T12:58:04.433731+00:00","https://revistaelua.ua.es/gateway/plugin/WebFeedGatewayPlugin/atom"
"3d7d908da4eca75a","Estudios de Teoria Literaria-Revista Digital-Artes Letras Humanidades","https://fh.mdp.edu.ar/revistas/index.php/etl/gateway/plugin/WebFeedGatewayPlugin/atom","feed-with-entries","200","atom","23","2026-10-04T13:00:53.484592+00:00","https://fh.mdp.edu.ar/revistas/index.php/etl/gateway/plugin/WebFeedGatewayPlugin/atom"
"2f4b60420eeab184","Estudios del Habitat","https://revistas.unlp.edu.ar/Habitat/gateway/plugin/WebFeedGatewayPlugin/atom","feed-with-entries","200","atom","6","2026-10-04T12:58:32.328121+00:00","https://revistas.unlp.edu.ar/Habitat/gateway/plugin/WebFeedGatewayPlugin/atom"
"83df3b5fa7b040ee","Estudios Demograficos y Urbanos","https://estudiosdemograficosyurbanos.colmex.mx/index.php/edu/es/gateway/plugin/WebFeedGatewayPlugin/atom","network-or-safety-error","","","","2026-10-04T12:55:32.592766+00:00",""
"7b1af0e03ec4ca3a","ESTUDIOS FILOLOGICOS","http://www.scielo.cl/rss.php?pid=0071-171320250002&lang=en","access-blocked","403","","","2026-10-04T13:01:30.775441+00:00",""
"fac0f16e916a1dcf","Estudios Fronterizos","https://ref.uabc.mx/ojs/index.php/ref/gateway/plugin/WebFeedGatewayPlugin/atom","feed-with-entries","200","atom","12","2026-10-04T12:57:50.515078+00:00","https://ref.uabc.mx/ojs/index.php/ref/gateway/plugin/WebFeedGatewayPlugin/atom"
"4c48aca6f192f5e4","Estudos de Literatura Brasileira Contemporanea","https://periodicos.unb.br/index.php/estudos/gateway/plugin/WebFeedGatewayPlugin/atom","tls-or-network-error","","","","2026-10-04T12:57:33.068936+00:00",""
"cd20605df0e7c56c","Ethnobiology and Conservation","https://ethnobioconservation.com/ebc/gateway/plugin/AnnouncementFeedGatewayPlugin/atom","feed-with-entries","200","atom","15","2026-10-04T12:55:34.108798+00:00","https://ethnobioconservation.com/ebc/gateway/plugin/AnnouncementFeedGatewayPlugin/atom"
"7f341a73a3e9cf69","Ethnologia Scandinavica","https://publicera.kb.se/ethsc/gateway/plugin/WebFeedGatewayPlugin/atom","feed-with-entries","200","atom","12","2026-10-04T12:57:43.563325+00:00","https://publicera.kb.se/ethsc/gateway/plugin/WebFeedGatewayPlugin/atom"
"bbad021a272fe632","Etikk i Praksis","https://www.ntnu.no/ojs/index.php/etikk_i_praksis/gateway/plugin/WebFeedGatewayPlugin/atom","feed-with-entries","200","atom","30","2026-10-04T13:00:16.647639+00:00","https://www.ntnu.no/ojs/index.php/etikk_i_praksis/gateway/plugin/WebFeedGatewayPlugin/atom"
"31b90d1fcd6f3c7d","eTransportation","https://rss.sciencedirect.com/publication/science/25901168","feed-with-entries","200","rss","48","2026-10-04T13:04:13.797976+00:00","https://rss.sciencedirect.com/publication/science/25901168"
"51718c55d56a5710","Etudes Ricoeuriennes-Ricoeur Studies","https://ricoeur.pitt.edu/ojs/ricoeur/gateway/plugin/AnnouncementFeedGatewayPlugin/atom","feed-with-entries","200","atom","14","2026-10-04T12:58:43.871420+00:00","https://ricoeur.pitt.edu/ojs/ricoeur/gateway/plugin/AnnouncementFeedGatewayPlugin/atom"
"2bdb857852bac80a","Etudes Romanes de Brno","https://journals.phil.muni.cz/erb/gateway/plugin/WebFeedGatewayPlugin/atom","feed-with-entries","200","atom","25","2026-10-04T12:56:33.388365+00:00","https://journals.phil.muni.cz/erb/gateway/plugin/WebFeedGatewayPlugin/atom"
"05b20e86c0730b1e","Eurasian Chemico-Technological Journal","https://ect-journal.kz/index.php/ectj/gateway/plugin/WebFeedGatewayPlugin/atom","network-or-safety-error","","","","2026-10-04T12:55:23.551666+00:00",""
"3fb7287c169bc304","Eurasian Journal of Applied Linguistics","https://ejal.info/feed/","feed-with-entries","200","rss","10","2026-10-04T12:55:24.808989+00:00","https://ejal.info/feed/"
"8b6f4dbf1637ea81","Eurasian Journal of Medicine","https://eajm.org/index.php/pub/gateway/plugin/WebFeedGatewayPlugin/atom","feed-with-entries","200","atom","32","2026-10-04T12:55:20.522748+00:00","https://eajm.org/index.php/pub/gateway/plugin/WebFeedGatewayPlugin/atom"
"46860ba865269c23","EURE-REVISTA LATINOAMERICANA DE ESTUDIOS URBANO REGIONALES","https://revistaschilenas.uchile.cl/feed/rss_1.0/2250/6593","feed-with-entries","200","rdf","4","2026-10-04T13:01:07.327369+00:00","https://revistaschilenas.uchile.cl/feed/rss_1.0/2250/6593"
"fbdf2ee0a84aeaf2","Eureka-Revista Cientifica de Psicologia","https://ojs.psicoeureka.com.py/index.php/eureka/gateway/plugin/WebFeedGatewayPlugin/atom","network-or-safety-error","","","","2026-10-04T12:57:10.929924+00:00",""
"ce1afbc7f8f4d073","EURO Journal on Decision Processes","https://rss.sciencedirect.com/publication/science/21939438","feed-with-entries","200","rss","14","2026-10-04T13:04:14.191805+00:00","https://rss.sciencedirect.com/publication/science/21939438"
"0f4b4b0f887cc2dd","EURO Journal on Transportation and Logistics","https://rss.sciencedirect.com/publication/science/21924376","feed-with-entries","200","rss","37","2026-10-04T13:04:14.594901+00:00","https://rss.sciencedirect.com/publication/science/21924376"
"b5f27d0d6e8672cf","EUROPEAN ECONOMIC REVIEW","https://rss.sciencedirect.com/publication/science/00142921","feed-with-entries","200","rss","58","2026-10-04T13:04:14.965898+00:00","https://rss.sciencedirect.com/publication/science/00142921"
"d25c7530b74939c9","European Endodontic Journal","https://eurendodj.com/index.php/pub/gateway/plugin/WebFeedGatewayPlugin/atom","feed-with-entries","200","atom","6","2026-10-04T12:55:34.910193+00:00","https://eurendodj.com/index.php/pub/gateway/plugin/WebFeedGatewayPlugin/atom"
"ce25188e53188a3a","European Journal for Research on the Education and Learning of Adults","https://rela.ep.liu.se/gateway/plugin/WebFeedGatewayPlugin/atom","feed-with-entries","200","atom","313","2026-10-04T12:57:50.751230+00:00","https://rela.ep.liu.se/gateway/plugin/WebFeedGatewayPlugin/atom"
"643c87772c8c4ae7","EUROPEAN JOURNAL OF CELL BIOLOGY","https://rss.sciencedirect.com/publication/science/01719335","feed-with-entries","200","rss","40","2026-10-04T13:04:15.369516+00:00","https://rss.sciencedirect.com/publication/science/01719335"
"2da914d47168e8ea","EUROPEAN JOURNAL OF CLINICAL NUTRITION","https://www.nature.com/ejcn.rss","feed-with-entries","200","rdf","8","2026-10-04T13:01:56.719379+00:00","https://www.nature.com/ejcn.rss"
"6edbff91fafd4b5a","EUROPEAN JOURNAL OF CONTROL","https://rss.sciencedirect.com/publication/science/09473580","feed-with-entries","200","rss","57","2026-10-04T13:04:15.967479+00:00","https://rss.sciencedirect.com/publication/science/09473580"
"3b2224e648330091","EUROPEAN JOURNAL OF HUMAN GENETICS","https://www.nature.com/ejhg.rss","feed-with-entries","200","rdf","8","2026-10-04T13:01:57.804117+00:00","https://www.nature.com/ejhg.rss"
"fe6afd51fb33443f","EUROPEAN JOURNAL OF MECHANICS B-FLUIDS","https://rss.sciencedirect.com/publication/science/09977546","feed-with-entries","200","rss","44","2026-10-04T13:04:16.538904+00:00","https://rss.sciencedirect.com/publication/science/09977546"
"bfdb69eacc1d1bbd","European Journal of Medical Genetics","https://rss.sciencedirect.com/publication/science/17697212","feed-with-entries","200","rss","14","2026-10-04T13:04:16.914466+00:00","https://rss.sciencedirect.com/publication/science/17697212"
"5a556b065b639232","European Journal of Obstetrics & Gynecology and Reproductive Biology-X","https://rss.sciencedirect.com/publication/science/03012115","feed-with-entries","200","rss","100","2026-10-04T13:04:17.317836+00:00","https://rss.sciencedirect.com/publication/science/03012115"
"3d1cee11ef2bd04d","European Journal of Oncology Nursing","https://rss.sciencedirect.com/publication/science/14623889","feed-with-entries","200","rss","54","2026-10-04T13:04:17.803120+00:00","https://rss.sciencedirect.com/publication/science/14623889"
"7add169940c6aefc","EUROPEAN JOURNAL OF PSYCHIATRY","https://rss.sciencedirect.com/publication/science/02136163","feed-with-entries","200","rss","21","2026-10-04T13:04:18.391713+00:00","https://rss.sciencedirect.com/publication/science/02136163"
"fc5fc2d8a45fc40c","European Journal of Rheumatology","https://eurjrheumatol.org/index.php/pub/gateway/plugin/WebFeedGatewayPlugin/atom","feed-with-entries","200","atom","5","2026-10-04T12:55:35.670485+00:00","https://eurjrheumatol.org/index.php/pub/gateway/plugin/WebFeedGatewayPlugin/atom"
"d165b1768c63a1ff","European Journal of Taxonomy","https://europeanjournaloftaxonomy.eu/index.php/ejt/gateway/plugin/WebFeedGatewayPlugin/atom","network-or-safety-error","","","","2026-10-04T12:55:37.362609+00:00",""
"22b03c67a3793afb","European Journal of Therapeutics","https://eurjther.com/index.php/home/gateway/plugin/WebFeedGatewayPlugin/atom","feed-with-entries","200","atom","14","2026-10-04T12:55:36.577501+00:00","https://www.eurjther.com/index.php/home/gateway/plugin/WebFeedGatewayPlugin/atom"
"6dc22600e4845a94","European Journal of Tourism Research","https://ejtr.vumk.eu/index.php/about/gateway/plugin/WebFeedGatewayPlugin/atom","feed-with-entries","200","atom","20","2026-10-04T12:55:27.694475+00:00","https://ejtr.vumk.eu/index.php/about/gateway/plugin/WebFeedGatewayPlugin/atom"
"83d55312b9510abf","EUROPEAN NEUROPSYCHOPHARMACOLOGY","https://rss.sciencedirect.com/publication/science/0924977X","feed-with-entries","200","rss","31","2026-10-04T13:04:18.778220+00:00","https://rss.sciencedirect.com/publication/science/0924977X"
"a0857602323c3f68","EUROPEAN POLYMER JOURNAL","https://rss.sciencedirect.com/publication/science/00143057","feed-with-entries","200","rss","50","2026-10-04T13:04:19.397460+00:00","https://rss.sciencedirect.com/publication/science/00143057"
"ad7fe3573c0b07d9","EUROPEAN REVIEW OF APPLIED PSYCHOLOGY-REVUE EUROPEENNE DE PSYCHOLOGIE APPLIQUEE","https://rss.sciencedirect.com/publication/science/11629088","feed-with-entries","200","rss","16","2026-10-04T13:04:19.943922+00:00","https://rss.sciencedirect.com/publication/science/11629088"
"ae83171b042de791","European Urology Open Science","https://rss.sciencedirect.com/publication/science/26661683","feed-with-entries","200","rss","22","2026-10-04T13:04:20.306860+00:00","https://rss.sciencedirect.com/publication/science/26661683"
"e5901cd3afcd3668","Evidence Based Library and Information Practice","https://journals.library.ualberta.ca/eblip/index.php/EBLIP/gateway/plugin/WebFeedGatewayPlugin/atom","feed-with-entries","200","atom","8","2026-10-04T12:56:32.259782+00:00","https://journals.library.ualberta.ca/eblip/index.php/EBLIP/gateway/plugin/WebFeedGatewayPlugin/atom"
"fffba787a7a798c0","EXCLI Journal","https://www.excli.de/excli/gateway/plugin/WebFeedGatewayPlugin/atom","feed-with-entries","200","atom","93","2026-10-04T12:59:47.460401+00:00","https://www.excli.de/excli/gateway/plugin/WebFeedGatewayPlugin/atom"
"6df77beafb533795","EXPERIMENTAL AND MOLECULAR MEDICINE","https://www.nature.com/emm.rss","feed-with-entries","200","rdf","8","2026-10-04T13:01:58.596168+00:00","https://www.nature.com/emm.rss?error=cookies_not_supported&code=f2afc706-764c-4d01-9950-fe758513ee71"
"b5c1768a12c639f0","EXPERIMENTAL CELL RESEARCH","https://rss.sciencedirect.com/publication/science/00144827","feed-with-entries","200","rss","26","2026-10-04T13:04:20.670506+00:00","https://rss.sciencedirect.com/publication/science/00144827"
"c8f8b71a3180e5e0","EXPERIMENTAL GERONTOLOGY","https://rss.sciencedirect.com/publication/science/05315565","feed-with-entries","200","rss","61","2026-10-04T13:04:21.227913+00:00","https://rss.sciencedirect.com/publication/science/05315565"
"815c54a096b0dea3","EXPERIMENTAL NEUROLOGY","https://rss.sciencedirect.com/publication/science/00144886","feed-with-entries","200","rss","79","2026-10-04T13:04:21.788932+00:00","https://rss.sciencedirect.com/publication/science/00144886"
"1968dc31f30d3171","EXPERIMENTAL PARASITOLOGY","https://rss.sciencedirect.com/publication/science/00144894","feed-with-entries","200","rss","20","2026-10-04T13:04:22.376570+00:00","https://rss.sciencedirect.com/publication/science/00144894"
"6058b9685de5f253","EXPOSITIONES MATHEMATICAE","https://rss.sciencedirect.com/publication/science/07230869","feed-with-entries","200","rss","7","2026-10-04T13:04:22.737285+00:00","https://rss.sciencedirect.com/publication/science/07230869"
"9e869b6f445c5da7","Extractive Industries and Society","https://rss.sciencedirect.com/publication/science/2214790X","feed-with-entries","200","rss","78","2026-10-04T13:04:23.361309+00:00","https://rss.sciencedirect.com/publication/science/2214790X"
"4aeb83a0bf05c801","EYE","https://www.nature.com/eye.rss","feed-with-entries","200","rdf","8","2026-10-04T13:01:59.806456+00:00","https://www.nature.com/eye.rss?error=cookies_not_supported&code=a979c8df-6cb3-41e9-a7f1-05adcd1c99a4"
"8e0f9b2d7c299597","FABULA","https://fabulacoffee.com/collections/all-products.atom","rate-limited","429","","","2026-10-04T12:55:37.436304+00:00",""
"0d5d8f2dc2428dc8","Facta Universitatis-Series Electronics and Energetics","https://casopisi.junis.ni.ac.rs/index.php/FUElectEnerg/gateway/plugin/WebFeedGatewayPlugin/atom","feed-with-entries","200","atom","10","2026-10-04T12:55:00.425906+00:00","https://casopisi.junis.ni.ac.rs/index.php/FUElectEnerg/gateway/plugin/WebFeedGatewayPlugin/atom"
"b1239ca5bc19188a","Facta Universitatis-Series Mathematics and Informatics","https://casopisi.junis.ni.ac.rs/index.php/FUMathInf/gateway/plugin/WebFeedGatewayPlugin/atom","feed-with-entries","200","atom","15","2026-10-04T13:00:52.098651+00:00","https://casopisi.junis.ni.ac.rs/index.php/FUMathInf/gateway/plugin/WebFeedGatewayPlugin/atom"
"28d00658e6716dbd","Facta Universitatis-Series Mechanical Engineering","https://casopisi.junis.ni.ac.rs/index.php/FUMechEng/gateway/plugin/WebFeedGatewayPlugin/atom","feed-with-entries","200","atom","100","2026-10-04T13:01:14.546846+00:00","https://casopisi.junis.ni.ac.rs/index.php/FUMechEng/gateway/plugin/WebFeedGatewayPlugin/atom"
"445f5987e3e4f7d4","Faith and Philosophy","https://place.asburyseminary.edu/faithandphilosophy/recent.rss","network-or-safety-error","","","","2026-10-04T12:57:38.117020+00:00",""
"c06dbf09af7487f6","Farmeconomia-Health Economics and Therapeutic Pathways","https://journals.seedstm.com/index.php/FE/gateway/plugin/WebFeedGatewayPlugin/atom","feed-with-entries","200","atom","30","2026-10-04T12:56:37.395872+00:00","https://journals.seedstm.com/index.php/FE/gateway/plugin/WebFeedGatewayPlugin/atom"
"6e727d8acd493c9c","Feminismo-s","https://feminismos.ua.es/gateway/plugin/WebFeedGatewayPlugin/atom","feed-with-entries","200","atom","19","2026-10-04T12:55:37.934842+00:00","https://feminismos.ua.es/gateway/plugin/WebFeedGatewayPlugin/atom"
"019bc130956f1ef7","Fennia-International Journal of Geography","https://fennia.journal.fi/gateway/plugin/WebFeedGatewayPlugin/atom","feed-with-entries","200","atom","30","2026-10-04T12:55:38.313435+00:00","https://fennia.journal.fi/gateway/plugin/WebFeedGatewayPlugin/atom"
"c1ab1c874ea6c324","FIELD CROPS RESEARCH","https://rss.sciencedirect.com/publication/science/03784290","feed-with-entries","200","rss","49","2026-10-04T13:04:23.972549+00:00","https://rss.sciencedirect.com/publication/science/03784290"
"b70bbd3358b42a8c","FILM CRITICISM","https://journals.publishing.umich.edu/fc/feed/","feed-with-entries","200","rss","10","2026-10-04T13:00:56.253586+00:00","https://journals.publishing.umich.edu/fc/feed/"
"e3b3fd6166982f5f","FILM QUARTERLY","https://filmquarterly.org/feed/","feed-with-entries","200","rss","10","2026-10-04T12:55:40.504627+00:00","https://filmquarterly.org/feed/"
"eb8f04f15e0ea4a3","Filomat","https://journal.pmf.ni.ac.rs/filomat/index.php/filomat/gateway/plugin/WebFeedGatewayPlugin/atom","feed-with-entries","200","atom","11","2026-10-04T12:56:24.118785+00:00","https://journal.pmf.ni.ac.rs/filomat/index.php/filomat/gateway/plugin/WebFeedGatewayPlugin/atom"
"bb12c14be4fd3b05","Filosofija-Sociologija","https://www.lmaleidykla.lt/ojs/index.php/filosofija-sociologija/gateway/plugin/WebFeedGatewayPlugin/atom","feed-with-entries","200","atom","18","2026-10-04T13:00:10.896178+00:00","https://www.lmaleidykla.lt/ojs/index.php/filosofija-sociologija/gateway/plugin/WebFeedGatewayPlugin/atom"
"becb6efe61aaa768","FILOZOFSKI VESTNIK","https://ojs.zrc-sazu.si/filozofski-vestnik/gateway/plugin/WebFeedGatewayPlugin/atom","feed-with-entries","200","atom","13","2026-10-04T13:01:18.278919+00:00","https://ojs.zrc-sazu.si/filozofski-vestnik/gateway/plugin/WebFeedGatewayPlugin/atom"
"5ca01a2595071c7c","Financial Internet Quarterly","https://journals.wsiz.edu.pl/fiq/gateway/plugin/WebFeedGatewayPlugin/atom","tls-or-network-error","","","","2026-10-04T12:56:41.566320+00:00",""
"de493b8c4f2e5ab3","First Peoples Child & Family Review","https://fpcfr.com/index.php/FPCFR/gateway/plugin/WebFeedGatewayPlugin/atom","network-or-safety-error","","","","2026-10-04T12:55:42.291261+00:00",""
"d77262c7b90a8d1e","Fitoterapia","https://rss.sciencedirect.com/publication/science/0367326X","feed-with-entries","200","rss","65","2026-10-04T13:04:24.332326+00:00","https://rss.sciencedirect.com/publication/science/0367326X"
"1d3ce96ded3f7c3e","FLEISCHWIRTSCHAFT","https://www.fleischwirtschaft.de/news/feed/","feed-with-entries","200","rss","25","2026-10-04T12:59:49.784991+00:00","https://www.fleischwirtschaft.de/news/feed/"
"53d75c6939e3ccfd","Florence Nightingale Journal of Nursing","https://www.fnjn.org/index.php/pub/gateway/plugin/WebFeedGatewayPlugin/atom","feed-with-entries","200","atom","31","2026-10-04T12:59:50.048239+00:00","https://www.fnjn.org/index.php/pub/gateway/plugin/WebFeedGatewayPlugin/atom"
"4b7e5ba2b37abddf","FLUID PHASE EQUILIBRIA","https://rss.sciencedirect.com/publication/science/03783812","feed-with-entries","200","rss","59","2026-10-04T13:04:24.708951+00:00","https://rss.sciencedirect.com/publication/science/03783812"
"3c1f489bb833f588","Focus on Health Professional Education-A Multidisciplinary Journal","https://fohpe.org/FoHPE/gateway/plugin/WebFeedGatewayPlugin/atom","not-found","404","","","2026-10-04T12:55:41.354213+00:00",""
"20034af438a0bcf4","FOLIA HISTOCHEMICA ET CYTOBIOLOGICA","https://journals.viamedica.pl/folia_histochemica_cytobiologica/gateway/plugin/WebFeedGatewayPlugin/atom","feed-with-entries","200","atom","6","2026-10-04T13:01:26.957477+00:00","https://journals.viamedica.pl/folia_histochemica_cytobiologica/gateway/plugin/WebFeedGatewayPlugin/atom"
"fe4d16d3dd2b7bc7","FOLIA MORPHOLOGICA","https://journals.viamedica.pl/folia_morphologica/gateway/plugin/WebFeedGatewayPlugin/atom","feed-with-entries","200","atom","191","2026-10-04T13:01:33.387517+00:00","https://journals.viamedica.pl/folia_morphologica/gateway/plugin/WebFeedGatewayPlugin/atom"
"5b75c988157e3e7b","FOOD AND CHEMICAL TOXICOLOGY","https://rss.sciencedirect.com/publication/science/02786915","feed-with-entries","200","rss","66","2026-10-04T13:04:25.331877+00:00","https://rss.sciencedirect.com/publication/science/02786915"
"96af287a3cac7ab0","Food and Waterborne Parasitology","https://rss.sciencedirect.com/publication/science/24056766","feed-with-entries","200","rss","19","2026-10-04T13:04:25.909543+00:00","https://rss.sciencedirect.com/publication/science/24056766"
"5fdf0a166c22b191","Food Bioscience","https://rss.sciencedirect.com/publication/science/22124292","feed-with-entries","200","rss","100","2026-10-04T13:04:26.452103+00:00","https://rss.sciencedirect.com/publication/science/22124292"
"bcaa399e2a75d6b7","Food Chemistry","https://rss.sciencedirect.com/publication/science/03088146","feed-with-entries","200","rss","100","2026-10-04T13:04:26.973488+00:00","https://rss.sciencedirect.com/publication/science/03088146"
"837b5f83b4d2d557","FOOD CONTROL","https://rss.sciencedirect.com/publication/science/09567135","feed-with-entries","200","rss","100","2026-10-04T13:04:27.578678+00:00","https://rss.sciencedirect.com/publication/science/09567135"
"0940251306e3cee4","FOOD RESEARCH INTERNATIONAL","https://rss.sciencedirect.com/publication/science/09639969","feed-with-entries","200","rss","100","2026-10-04T13:04:28.247599+00:00","https://rss.sciencedirect.com/publication/science/09639969"
"07d03d867e40feef","Food Structure-Netherlands","https://rss.sciencedirect.com/publication/science/22133291","feed-with-entries","200","rss","28","2026-10-04T13:04:28.805070+00:00","https://rss.sciencedirect.com/publication/science/22133291"
"deed666308e2ac40","Forensic Imaging","https://rss.sciencedirect.com/publication/science/26662256","feed-with-entries","200","rss","13","2026-10-04T13:04:29.354920+00:00","https://rss.sciencedirect.com/publication/science/26662256"
"3fc55f7765b38e13","Foresight and STI Governance","https://foresight-journal.hse.ru/gateway/plugin/WebFeedGatewayPlugin/atom","feed-with-entries","200","atom","8","2026-10-04T12:55:41.614780+00:00","https://foresight-journal.hse.ru/gateway/plugin/WebFeedGatewayPlugin/atom"
"2d51dd376fd281fa","Forest and Society","https://journal.unhas.ac.id/index.php/fs/gateway/plugin/WebFeedGatewayPlugin/atom","feed-with-entries","200","atom","30","2026-10-04T12:56:25.574774+00:00","https://journal.unhas.ac.id/index.php/fs/gateway/plugin/WebFeedGatewayPlugin/atom"
"4b3d9a2e67a97102","FOREST ECOLOGY AND MANAGEMENT","https://rss.sciencedirect.com/publication/science/03781127","feed-with-entries","200","rss","82","2026-10-04T13:04:29.726122+00:00","https://rss.sciencedirect.com/publication/science/03781127"
"d710a23c47b3f0d9","Forest Ecosystems","https://rss.sciencedirect.com/publication/science/21975620","feed-with-entries","200","rss","89","2026-10-04T13:04:30.098376+00:00","https://rss.sciencedirect.com/publication/science/21975620"
"173c7f5d3422538d","Forestist","https://forestist.org/index.php/pub/gateway/plugin/WebFeedGatewayPlugin/atom","feed-with-entries","200","atom","47","2026-10-04T12:55:41.718379+00:00","https://forestist.org/index.php/pub/gateway/plugin/WebFeedGatewayPlugin/atom"
"804feda6a83b38cf","Foundation Review","https://scholarworks.gvsu.edu/tfr/recent.rss","feed-with-entries","200","rss","13","2026-10-04T12:58:57.868065+00:00","https://scholarworks.gvsu.edu/tfr/recent.rss"
"913a0aa58a64138d","FRAGMENTA ENTOMOLOGICA","https://rosa.uniroma1.it/rosa02/fragmenta_entomologica/gateway/plugin/WebFeedGatewayPlugin/atom","feed-with-entries","200","atom","20","2026-10-04T13:01:08.865069+00:00","https://rosa.uniroma1.it/rosa02/fragmenta_entomologica/gateway/plugin/WebFeedGatewayPlugin/atom"
"b8864729b04ae4ff","French-Ukrainian Journal of Chemistry","https://fujc.pp.ua/journal/index.php/fruajc/gateway/plugin/WebFeedGatewayPlugin/atom","tls-or-network-error","","","","2026-10-04T12:55:42.734103+00:00",""
"c4e29f3626ca39aa","Frontiers in Aging","https://www.frontiersin.org/journals/aging/rss","feed-with-entries","200","rss","20","2026-10-04T12:59:50.507297+00:00","https://www.frontiersin.org/journals/aging/rss"
"e6dc03794a3404e6","Frontiers in Aging Neuroscience","https://www.frontiersin.org/journals/aging-neuroscience/rss","feed-with-entries","200","rss","20","2026-10-04T13:01:11.895778+00:00","https://www.frontiersin.org/journals/aging-neuroscience/rss"
"d18947de43dc2684","Frontiers in Agronomy","https://www.frontiersin.org/journals/agronomy/rss","feed-with-entries","200","rss","20","2026-10-04T13:01:23.041394+00:00","https://www.frontiersin.org/journals/agronomy/rss"
"8b8bb37370bde697","Frontiers in Allergy","https://www.frontiersin.org/journals/allergy/rss","feed-with-entries","200","rss","20","2026-10-04T13:01:30.327395+00:00","https://www.frontiersin.org/journals/allergy/rss"
"c9d0e9c1c6b133f2","Frontiers in Animal Science","https://www.frontiersin.org/journals/animal-science/rss","feed-with-entries","200","rss","20","2026-10-04T13:01:36.665222+00:00","https://www.frontiersin.org/journals/animal-science/rss"
"793f8ecdbe0ef089","Frontiers in Applied Mathematics and Statistics","https://www.frontiersin.org/journals/applied-mathematics-and-statistics/rss","feed-with-entries","200","rss","20","2026-10-04T13:01:39.439850+00:00","https://www.frontiersin.org/journals/applied-mathematics-and-statistics/rss"
"5c23bf910f35183a","Frontiers in Artificial Intelligence","https://www.frontiersin.org/journals/artificial-intelligence/rss","feed-with-entries","200","rss","20","2026-10-04T13:01:41.785982+00:00","https://www.frontiersin.org/journals/artificial-intelligence/rss"
"9cbdeb008c2f5c2f","Frontiers in Astronomy and Space Sciences","https://www.frontiersin.org/journals/astronomy-and-space-sciences/rss","feed-with-entries","200","rss","20","2026-10-04T13:01:43.095510+00:00","https://www.frontiersin.org/journals/astronomy-and-space-sciences/rss"
"4dafe1519dadfd32","Frontiers in Behavioral Neuroscience","https://www.frontiersin.org/journals/behavioral-neuroscience/rss","feed-with-entries","200","rss","20","2026-10-04T13:01:44.379391+00:00","https://www.frontiersin.org/journals/behavioral-neuroscience/rss"
"73fec1b6754391bd","Frontiers in Big Data","https://www.frontiersin.org/journals/big-data/rss","feed-with-entries","200","rss","20","2026-10-04T13:01:45.793523+00:00","https://www.frontiersin.org/journals/big-data/rss"
"c1e37644fbbc038b","Frontiers in Bioengineering and Biotechnology","https://www.frontiersin.org/journals/bioengineering-and-biotechnology/rss","feed-with-entries","200","rss","20","2026-10-04T13:01:47.173825+00:00","https://www.frontiersin.org/journals/bioengineering-and-biotechnology/rss"
"84a2a749357169db","Frontiers in Bioinformatics","https://www.frontiersin.org/journals/bioinformatics/rss","feed-with-entries","200","rss","20","2026-10-04T13:01:48.298164+00:00","https://www.frontiersin.org/journals/bioinformatics/rss"
"8503807987a7ae72","Frontiers in Blockchain","https://www.frontiersin.org/journals/blockchain/rss","feed-with-entries","200","rss","20","2026-10-04T13:01:49.017431+00:00","https://www.frontiersin.org/journals/blockchain/rss"
"508a49f6f59ea850","Frontiers in Built Environment","https://www.frontiersin.org/journals/built-environment/rss","feed-with-entries","200","rss","20","2026-10-04T13:01:49.809247+00:00","https://www.frontiersin.org/journals/built-environment/rss"
"c75bcee0e0987436","Frontiers in Cardiovascular Medicine","https://www.frontiersin.org/journals/cardiovascular-medicine/rss","feed-with-entries","200","rss","20","2026-10-04T13:01:50.611234+00:00","https://www.frontiersin.org/journals/cardiovascular-medicine/rss"
"e16e92302e4a2300","Frontiers in Cell and Developmental Biology","https://www.frontiersin.org/journals/cell-and-developmental-biology/rss","feed-with-entries","200","rss","20","2026-10-04T13:01:51.651905+00:00","https://www.frontiersin.org/journals/cell-and-developmental-biology/rss"
"7f98200f5c845d1e","Frontiers in Cellular and Infection Microbiology","https://www.frontiersin.org/journals/cellular-and-infection-microbiology/rss","feed-with-entries","200","rss","20","2026-10-04T13:01:52.238220+00:00","https://www.frontiersin.org/journals/cellular-and-infection-microbiology/rss"
"d068f6933eb30195","Frontiers in Cellular Neuroscience","https://www.frontiersin.org/journals/cellular-neuroscience/rss","feed-with-entries","200","rss","20","2026-10-04T13:01:53.138748+00:00","https://www.frontiersin.org/journals/cellular-neuroscience/rss"
"58b072ee8d31a8ca","Frontiers in Chemical Engineering","https://www.frontiersin.org/journals/chemical-engineering/rss","feed-with-entries","200","rss","20","2026-10-04T13:01:54.294071+00:00","https://www.frontiersin.org/journals/chemical-engineering/rss"
"f660cab6f32fd222","Frontiers in Chemistry","https://www.frontiersin.org/journals/chemistry/rss","feed-with-entries","200","rss","20","2026-10-04T13:01:55.305892+00:00","https://www.frontiersin.org/journals/chemistry/rss"
"5d1da28a3295e743","Frontiers in Climate","https://www.frontiersin.org/journals/climate/rss","feed-with-entries","200","rss","20","2026-10-04T13:01:56.500853+00:00","https://www.frontiersin.org/journals/climate/rss"
"7cfed8f050f72a29","Frontiers in Communication","https://www.frontiersin.org/journals/communication/rss","feed-with-entries","200","rss","20","2026-10-04T13:01:57.635791+00:00","https://www.frontiersin.org/journals/communication/rss"
"86ec77314f168714","Frontiers in Communications and Networks","https://www.frontiersin.org/journals/communications-and-networks/rss","feed-with-entries","200","rss","20","2026-10-04T13:01:58.575950+00:00","https://www.frontiersin.org/journals/communications-and-networks/rss"
"6e1964030061c5c9","Frontiers in Computational Neuroscience","https://www.frontiersin.org/journals/computational-neuroscience/rss","feed-with-entries","200","rss","20","2026-10-04T13:01:59.153577+00:00","https://www.frontiersin.org/journals/computational-neuroscience/rss"
"b9eded4c60fa00a9","Frontiers in Computer Science","https://www.frontiersin.org/journals/computer-science/rss","feed-with-entries","200","rss","20","2026-10-04T13:02:00.675950+00:00","https://www.frontiersin.org/journals/computer-science/rss"
"bd9213385a373102","Frontiers in Conservation Science","https://www.frontiersin.org/journals/conservation-science/rss","feed-with-entries","200","rss","20","2026-10-04T13:02:01.541445+00:00","https://www.frontiersin.org/journals/conservation-science/rss"
"39539aa876052f80","Frontiers in Dental Medicine","https://www.frontiersin.org/journals/dental-medicine/rss","feed-with-entries","200","rss","20","2026-10-04T13:02:02.520393+00:00","https://www.frontiersin.org/journals/dental-medicine/rss"
"cb86f3d34472b46a","Frontiers in Digital Health","https://www.frontiersin.org/journals/digital-health/rss","feed-with-entries","200","rss","20","2026-10-04T13:02:03.131809+00:00","https://www.frontiersin.org/journals/digital-health/rss"
"c3f740d59b459111","Frontiers in Earth Science","https://www.frontiersin.org/journals/earth-science/rss","feed-with-entries","200","rss","20","2026-10-04T13:02:04.474999+00:00","https://www.frontiersin.org/journals/earth-science/rss"
"31f1de0aa2e1870e","Frontiers in Ecology and Evolution","https://www.frontiersin.org/journals/ecology-and-evolution/rss","feed-with-entries","200","rss","20","2026-10-04T13:02:05.295205+00:00","https://www.frontiersin.org/journals/ecology-and-evolution/rss"
"a9ce71323ce0ae5c","Frontiers in Education","https://www.frontiersin.org/journals/education/rss","feed-with-entries","200","rss","20","2026-10-04T13:02:06.303505+00:00","https://www.frontiersin.org/journals/education/rss"
"5ae6ac5aeba6aa69","Frontiers in Electronics","https://www.frontiersin.org/journals/electronics/rss","feed-with-entries","200","rss","20","2026-10-04T13:02:07.434836+00:00","https://www.frontiersin.org/journals/electronics/rss"
"d96a9642003a7f68","Frontiers in Endocrinology","https://www.frontiersin.org/journals/endocrinology/rss","feed-with-entries","200","rss","20","2026-10-04T13:02:08.244009+00:00","https://www.frontiersin.org/journals/endocrinology/rss"
"c49af96a6ff631db","Frontiers in Environmental Science","https://www.frontiersin.org/journals/environmental-science/rss","feed-with-entries","200","rss","20","2026-10-04T13:02:09.370060+00:00","https://www.frontiersin.org/journals/environmental-science/rss"
"c46dc35bd1200b65","Frontiers in Forests and Global Change","https://www.frontiersin.org/journals/forests-and-global-change/rss","feed-with-entries","200","rss","20","2026-10-04T13:02:09.931007+00:00","https://www.frontiersin.org/journals/forests-and-global-change/rss"
"71332fcabef49ba8","Frontiers in Fungal Biology","https://www.frontiersin.org/journals/fungal-biology/rss","feed-with-entries","200","rss","20","2026-10-04T13:02:10.633760+00:00","https://www.frontiersin.org/journals/fungal-biology/rss"
"67aa1197a9266e54","Frontiers in Future Transportation","https://www.frontiersin.org/journals/future-transportation/rss","feed-with-entries","200","rss","20","2026-10-04T13:02:11.520589+00:00","https://www.frontiersin.org/journals/future-transportation/rss"
"a6f1490f492db612","Frontiers in Genetics","https://www.frontiersin.org/journals/genetics/rss","feed-with-entries","200","rss","20","2026-10-04T13:02:12.963836+00:00","https://www.frontiersin.org/journals/genetics/rss"
"17489ebc6ce4adf3","Frontiers in Genome Editing","https://www.frontiersin.org/journals/genome-editing/rss","feed-with-entries","200","rss","20","2026-10-04T13:02:14.010339+00:00","https://www.frontiersin.org/journals/genome-editing/rss"
"d50a6e9feddb85f8","Frontiers in Global Womens Health","https://www.frontiersin.org/journals/global-womens-health/rss","feed-with-entries","200","rss","20","2026-10-04T13:02:15.462916+00:00","https://www.frontiersin.org/journals/global-womens-health/rss"
"c30843faf8c51008","Frontiers in Health Services","https://www.frontiersin.org/journals/health-services/rss","feed-with-entries","200","rss","20","2026-10-04T13:02:16.087501+00:00","https://www.frontiersin.org/journals/health-services/rss"
"2c17add177cbc652","Frontiers in Human Dynamics","https://www.frontiersin.org/journals/human-dynamics/rss","feed-with-entries","200","rss","20","2026-10-04T13:02:16.945129+00:00","https://www.frontiersin.org/journals/human-dynamics/rss"
"cd1a3c7f11926e19","Frontiers in Human Neuroscience","https://www.frontiersin.org/journals/human-neuroscience/rss","feed-with-entries","200","rss","20","2026-10-04T13:02:17.875088+00:00","https://www.frontiersin.org/journals/human-neuroscience/rss"
"feac375fe358b37f","Frontiers in Immunology","https://www.frontiersin.org/journals/immunology/rss","feed-with-entries","200","rss","20","2026-10-04T13:02:18.611592+00:00","https://www.frontiersin.org/journals/immunology/rss"
"aab06832f20b4c22","Frontiers in Insect Science","https://www.frontiersin.org/journals/insect-science/rss","feed-with-entries","200","rss","20","2026-10-04T13:02:20.169145+00:00","https://www.frontiersin.org/journals/insect-science/rss"
"0fd1b5f039e72faf","Frontiers in Integrative Neuroscience","https://www.frontiersin.org/journals/integrative-neuroscience/rss","feed-with-entries","200","rss","20","2026-10-04T13:02:22.005730+00:00","https://www.frontiersin.org/journals/integrative-neuroscience/rss"
"9fb3673ee70a2625","Frontiers in Marine Science","https://www.frontiersin.org/journals/marine-science/rss","feed-with-entries","200","rss","20","2026-10-04T13:02:22.772234+00:00","https://www.frontiersin.org/journals/marine-science/rss"
"6d6173cec37788a1","Frontiers in Materials","https://www.frontiersin.org/journals/materials/rss","feed-with-entries","200","rss","20","2026-10-04T13:02:23.840710+00:00","https://www.frontiersin.org/journals/materials/rss"
"308bc2f5b6d00453","Frontiers in Mechanical Engineering-Switzerland","https://www.frontiersin.org/journals/mechanical-engineering/rss","feed-with-entries","200","rss","20","2026-10-04T13:02:24.537566+00:00","https://www.frontiersin.org/journals/mechanical-engineering/rss"
"b48a8df84134065a","Frontiers in Medical Technology","https://www.frontiersin.org/journals/medical-technology/rss","feed-with-entries","200","rss","20","2026-10-04T13:02:25.754589+00:00","https://www.frontiersin.org/journals/medical-technology/rss"
"ba370dbf871ad39d","Frontiers in Medicine","https://www.frontiersin.org/journals/medicine/rss","feed-with-entries","200","rss","20","2026-10-04T13:02:26.890048+00:00","https://www.frontiersin.org/journals/medicine/rss"
"74bc45af9ab18cf0","Frontiers in Microbiology","https://www.frontiersin.org/journals/microbiology/rss","feed-with-entries","200","rss","20","2026-10-04T13:02:27.986828+00:00","https://www.frontiersin.org/journals/microbiology/rss"
"bc41dd957735e80f","Frontiers in Molecular Biosciences","https://www.frontiersin.org/journals/molecular-biosciences/rss","feed-with-entries","200","rss","20","2026-10-04T13:02:28.932279+00:00","https://www.frontiersin.org/journals/molecular-biosciences/rss"
"c15e08319b051ff4","Frontiers in Molecular Neuroscience","https://www.frontiersin.org/journals/molecular-neuroscience/rss","feed-with-entries","200","rss","20","2026-10-04T13:02:30.571346+00:00","https://www.frontiersin.org/journals/molecular-neuroscience/rss"
"cd0a578df6a06ead","Frontiers in Nanotechnology","https://www.frontiersin.org/journals/nanotechnology/rss","feed-with-entries","200","rss","20","2026-10-04T13:02:31.187917+00:00","https://www.frontiersin.org/journals/nanotechnology/rss"
"b267df28d4480e3f","Frontiers in Neural Circuits","https://www.frontiersin.org/journals/neural-circuits/rss","feed-with-entries","200","rss","20","2026-10-04T13:02:32.336454+00:00","https://www.frontiersin.org/journals/neural-circuits/rss"
"57fd6a1f7f7d9346","Frontiers in Neuroanatomy","https://www.frontiersin.org/journals/neuroanatomy/rss","feed-with-entries","200","rss","20","2026-10-04T13:02:32.849108+00:00","https://www.frontiersin.org/journals/neuroanatomy/rss"
"b10338cff2ee8fde","Frontiers in Neuroergonomics","https://www.frontiersin.org/journals/neuroergonomics/rss","feed-with-entries","200","rss","20","2026-10-04T13:02:33.696321+00:00","https://www.frontiersin.org/journals/neuroergonomics/rss"
"f20e3192e69db649","Frontiers in Neuroinformatics","https://www.frontiersin.org/journals/neuroinformatics/rss","feed-with-entries","200","rss","20","2026-10-04T13:02:35.017522+00:00","https://www.frontiersin.org/journals/neuroinformatics/rss"
"759584a56ce61201","Frontiers in Neurology","https://www.frontiersin.org/journals/neurology/rss","feed-with-entries","200","rss","20","2026-10-04T13:02:36.291452+00:00","https://www.frontiersin.org/journals/neurology/rss"
"87fde7ab412a80a2","Frontiers in Neurorobotics","https://www.frontiersin.org/journals/neurorobotics/rss","feed-with-entries","200","rss","20","2026-10-04T13:02:37.335308+00:00","https://www.frontiersin.org/journals/neurorobotics/rss"
"75eaeab3556885c6","Frontiers in Neuroscience","https://www.frontiersin.org/journals/neuroscience/rss","feed-with-entries","200","rss","20","2026-10-04T13:02:38.550583+00:00","https://www.frontiersin.org/journals/neuroscience/rss"
"439fdc7251f2946a","Frontiers in Nutrition","https://www.frontiersin.org/journals/nutrition/rss","feed-with-entries","200","rss","20","2026-10-04T13:02:39.602013+00:00","https://www.frontiersin.org/journals/nutrition/rss"
"6d6aa1f25b326749","Frontiers in Oncology","https://www.frontiersin.org/journals/oncology/rss","feed-with-entries","200","rss","20","2026-10-04T13:02:41.195843+00:00","https://www.frontiersin.org/journals/oncology/rss"
"15d31f4ab6cb4241","Frontiers in Oral Health","https://www.frontiersin.org/journals/oral-health/rss","feed-with-entries","200","rss","20","2026-10-04T13:02:42.406901+00:00","https://www.frontiersin.org/journals/oral-health/rss"
"fe2a06480fe11e82","Frontiers in Pain Research","https://www.frontiersin.org/journals/pain-research/rss","feed-with-entries","200","rss","20","2026-10-04T13:02:43.895433+00:00","https://www.frontiersin.org/journals/pain-research/rss"
"6ec8d7b6118524a0","Frontiers in Pediatrics","https://www.frontiersin.org/journals/pediatrics/rss","feed-with-entries","200","rss","20","2026-10-04T13:02:44.910962+00:00","https://www.frontiersin.org/journals/pediatrics/rss"
"fbb1e6197501fdba","Frontiers in Pharmacology","https://www.frontiersin.org/journals/pharmacology/rss","feed-with-entries","200","rss","20","2026-10-04T13:02:46.241823+00:00","https://www.frontiersin.org/journals/pharmacology/rss"
"846f0bf37875b155","Frontiers in Physics","https://www.frontiersin.org/journals/physics/rss","feed-with-entries","200","rss","20","2026-10-04T13:02:47.772690+00:00","https://www.frontiersin.org/journals/physics/rss"
"16a254e225965a4a","Frontiers in Physiology","https://www.frontiersin.org/journals/physiology/rss","feed-with-entries","200","rss","20","2026-10-04T13:02:49.490864+00:00","https://www.frontiersin.org/journals/physiology/rss"
"d8e2d90b0c84cc83","Frontiers in Plant Science","https://www.frontiersin.org/journals/plant-science/rss","feed-with-entries","200","rss","20","2026-10-04T13:02:50.351368+00:00","https://www.frontiersin.org/journals/plant-science/rss"
"e6d8907d7fb29633","Frontiers in Political Science","https://www.frontiersin.org/journals/political-science/rss","feed-with-entries","200","rss","20","2026-10-04T13:02:51.667965+00:00","https://www.frontiersin.org/journals/political-science/rss"
"8d363166b83b2358","Frontiers in Psychiatry","https://www.frontiersin.org/journals/psychiatry/rss","feed-with-entries","200","rss","20","2026-10-04T13:02:52.434210+00:00","https://www.frontiersin.org/journals/psychiatry/rss"
"2bf18a42447a3a4d","Frontiers in Psychology","https://www.frontiersin.org/journals/psychology/rss","feed-with-entries","200","rss","20","2026-10-04T13:02:52.980690+00:00","https://www.frontiersin.org/journals/psychology/rss"
"71c446b7222eb99c","Frontiers in Public Health","https://www.frontiersin.org/journals/public-health/rss","feed-with-entries","200","rss","20","2026-10-04T13:02:53.893016+00:00","https://www.frontiersin.org/journals/public-health/rss"
"3a62063f0de60995","Frontiers in Rehabilitation Sciences","https://www.frontiersin.org/journals/rehabilitation-sciences/rss","feed-with-entries","200","rss","20","2026-10-04T13:02:55.053499+00:00","https://www.frontiersin.org/journals/rehabilitation-sciences/rss"
"6adfbd38219eb2cf","Frontiers in Remote Sensing","https://www.frontiersin.org/journals/remote-sensing/rss","feed-with-entries","200","rss","20","2026-10-04T13:02:55.988179+00:00","https://www.frontiersin.org/journals/remote-sensing/rss"
"4c312b9973dcb521","Frontiers in Reproductive Health","https://www.frontiersin.org/journals/reproductive-health/rss","feed-with-entries","200","rss","20","2026-10-04T13:02:57.070413+00:00","https://www.frontiersin.org/journals/reproductive-health/rss"
"8fb57f71a3efedf6","Frontiers in Robotics and AI","https://www.frontiersin.org/journals/robotics-and-ai/rss","feed-with-entries","200","rss","20","2026-10-04T13:02:58.967974+00:00","https://www.frontiersin.org/journals/robotics-and-ai/rss"
"0ddbca0086a0d676","Frontiers in Signal Processing","https://www.frontiersin.org/journals/signal-processing/rss","feed-with-entries","200","rss","20","2026-10-04T13:03:00.552131+00:00","https://www.frontiersin.org/journals/signal-processing/rss"
"9e6c412c5676fc7a","Frontiers in Sociology","https://www.frontiersin.org/journals/sociology/rss","feed-with-entries","200","rss","20","2026-10-04T13:03:00.985401+00:00","https://www.frontiersin.org/journals/sociology/rss"
"31000336ac6b87c5","Frontiers in Soil Science","https://www.frontiersin.org/journals/soil-science/rss","feed-with-entries","200","rss","20","2026-10-04T13:03:01.605260+00:00","https://www.frontiersin.org/journals/soil-science/rss"
"1124b64070ef9569","Frontiers in Sports and Active Living","https://www.frontiersin.org/journals/sports-and-active-living/rss","feed-with-entries","200","rss","20","2026-10-04T13:03:02.739068+00:00","https://www.frontiersin.org/journals/sports-and-active-living/rss"
"9c941c300982fb25","Frontiers in Surgery","https://www.frontiersin.org/journals/surgery/rss","feed-with-entries","200","rss","20","2026-10-04T13:03:03.989155+00:00","https://www.frontiersin.org/journals/surgery/rss"
"fb70d51de10cdc98","Frontiers in Sustainable Cities","https://www.frontiersin.org/journals/sustainable-cities/rss","feed-with-entries","200","rss","20","2026-10-04T13:03:04.827670+00:00","https://www.frontiersin.org/journals/sustainable-cities/rss"
"b3196e1f9ded6f27","Frontiers in Sustainable Food Systems","https://www.frontiersin.org/journals/sustainable-food-systems/rss","feed-with-entries","200","rss","20","2026-10-04T13:03:05.682609+00:00","https://www.frontiersin.org/journals/sustainable-food-systems/rss"
"a865e4500072df3b","Frontiers in Synaptic Neuroscience","https://www.frontiersin.org/journals/synaptic-neuroscience/rss","feed-with-entries","200","rss","20","2026-10-04T13:03:07.114127+00:00","https://www.frontiersin.org/journals/synaptic-neuroscience/rss"
"11c4112829dc61ea","Frontiers in Systems Neuroscience","https://www.frontiersin.org/journals/systems-neuroscience/rss","feed-with-entries","200","rss","20","2026-10-04T13:03:08.743617+00:00","https://www.frontiersin.org/journals/systems-neuroscience/rss"
"8c9a1c1a1c26c2a3","Frontiers in Toxicology","https://www.frontiersin.org/journals/toxicology/rss","feed-with-entries","200","rss","20","2026-10-04T13:03:09.407073+00:00","https://www.frontiersin.org/journals/toxicology/rss"
"f5fcb57e9efac9ad","Frontiers in Veterinary Science","https://www.frontiersin.org/journals/veterinary-science/rss","feed-with-entries","200","rss","20","2026-10-04T13:03:10.769599+00:00","https://www.frontiersin.org/journals/veterinary-science/rss"
"a9688ac8e74642f1","Frontiers in Virology","https://www.frontiersin.org/journals/virology/rss","feed-with-entries","200","rss","20","2026-10-04T13:03:12.528014+00:00","https://www.frontiersin.org/journals/virology/rss"
"938799e5e31cdebb","Frontiers in Virtual Reality","https://www.frontiersin.org/journals/virtual-reality/rss","feed-with-entries","200","rss","20","2026-10-04T13:03:13.066155+00:00","https://www.frontiersin.org/journals/virtual-reality/rss"
"fdcd03dd366fc662","Frontiers in Water","https://www.frontiersin.org/journals/water/rss","feed-with-entries","200","rss","20","2026-10-04T13:03:13.840071+00:00","https://www.frontiersin.org/journals/water/rss"
"115a0dd0b44a5a78","Function","https://functionofbeauty.com/collections/all.atom","rate-limited","429","","","2026-10-04T12:55:44.632119+00:00",""
"5ae7a5ebcd75de70","Functional Foods in Health and Disease","https://www.ffhdj.com/index.php/ffhd/gateway/plugin/WebFeedGatewayPlugin/atom","feed-with-entries","200","atom","30","2026-10-04T12:59:48.623914+00:00","https://www.ffhdj.com/index.php/ffhd/gateway/plugin/WebFeedGatewayPlugin/atom"
"14fe849961b4d6e2","FUNDAMENTA INFORMATICAE","https://fi.episciences.org/rss/papers","feed-with-entries","200","rss","30","2026-10-04T12:55:39.378159+00:00","https://api.episciences.org/api/feed/rss/fi"
"6c2a804dab3b3fa4","Fundamental Research","https://rss.sciencedirect.com/publication/science/26673258","feed-with-entries","200","rss","100","2026-10-04T13:04:31.145790+00:00","https://rss.sciencedirect.com/publication/science/26673258"
"ce34d1bcdb6159bf","Fungal Biology Reviews","https://rss.sciencedirect.com/publication/science/17494613","feed-with-entries","200","rss","14","2026-10-04T13:04:31.784811+00:00","https://rss.sciencedirect.com/publication/science/17494613"
"acc0f14c0133a183","FUNGAL GENETICS AND BIOLOGY","https://rss.sciencedirect.com/publication/science/10871845","feed-with-entries","200","rss","15","2026-10-04T13:04:32.434638+00:00","https://rss.sciencedirect.com/publication/science/10871845"
"a843be98ab632fca","Future Foods","https://rss.sciencedirect.com/publication/science/26668335","feed-with-entries","200","rss","100","2026-10-04T13:04:33.090456+00:00","https://rss.sciencedirect.com/publication/science/26668335"
"732480d5434754a6","FWU Journal of Social Sciences","https://ojs.sbbwu.edu.pk/fwu-journal/index.php/ojss/gateway/plugin/WebFeedGatewayPlugin/atom","feed-with-entries","200","atom","19","2026-10-04T12:57:12.389698+00:00","https://ojs.sbbwu.edu.pk/fwu-journal/index.php/ojss/gateway/plugin/WebFeedGatewayPlugin/atom"
"5b7af5538543300f","GAIA-Ecological Perspectives for Science and Society","https://gaia.oekom.de/index.php/gaia/gateway/plugin/WebFeedGatewayPlugin/atom","feed-with-entries","200","atom","30","2026-10-04T12:55:44.676583+00:00","https://gaia.oekom.de/index.php/gaia/gateway/plugin/WebFeedGatewayPlugin/atom"
"ea7ac0a8a3f4e384","Galicia Clinica","https://galiciaclinica.info/gc/es/gateway/plugin/WebFeedGatewayPlugin/atom","tls-or-network-error","","","","2026-10-04T12:55:44.803880+00:00",""
"630d220937ec56c5","Galician Medical Journal","https://ifnmujournal.com/gmj/gateway/plugin/WebFeedGatewayPlugin/atom","feed-with-entries","200","atom","30","2026-10-04T12:55:57.820765+00:00","https://ifnmujournal.com/gmj/gateway/plugin/WebFeedGatewayPlugin/atom"
"9d474efa34dd589f","Gateways-International Journal of Community Research and Engagement","https://epress.lib.uts.edu.au/journals/index.php/ijcre/gateway/plugin/WebFeedGatewayPlugin/atom","feed-with-entries","200","atom","16","2026-10-04T13:01:14.825581+00:00","https://epress.lib.uts.edu.au/journals/index.php/ijcre/gateway/plugin/WebFeedGatewayPlugin/atom"
"7423bd9e7fbe5529","GAYANA BOTANICA","http://www.scielo.cl/rss.php?pid=0717-664320250001&lang=en","access-blocked","403","","","2026-10-04T13:01:37.302029+00:00",""
"2589264f8df44e22","Gene Reports","https://rss.sciencedirect.com/publication/science/24520144","feed-with-entries","200","rss","100","2026-10-04T13:04:33.879662+00:00","https://rss.sciencedirect.com/publication/science/24520144"
"a60b463cc3c36a2b","GENE THERAPY","https://www.nature.com/gt.rss","feed-with-entries","200","rdf","8","2026-10-04T13:02:00.787902+00:00","https://www.nature.com/gt.rss?error=cookies_not_supported&code=dacfa812-0009-4859-a5c5-848a130a8a0e"
"8237056b3f547aa7","GENES & DEVELOPMENT","https://genesdev.cshlp.org/rss/current.xml","access-blocked","403","","","2026-10-04T12:55:45.708682+00:00",""
"a39c62ca0246ed5f","GENES AND IMMUNITY","https://www.nature.com/gene.rss","feed-with-entries","200","rdf","8","2026-10-04T13:02:01.777836+00:00","https://www.nature.com/gene.rss?error=cookies_not_supported&code=00523084-4549-49b1-84df-884dd8ebc221"
"4d80599fd9164c10","GENOMICS","https://rss.sciencedirect.com/publication/science/08887543","feed-with-entries","200","rss","38","2026-10-04T13:04:34.355445+00:00","https://rss.sciencedirect.com/publication/science/08887543"
"a11a9fd0bda8de88","Geoambiente On-line","https://revistas.ufj.edu.br/geoambiente/gateway/plugin/WebFeedGatewayPlugin/atom","tls-or-network-error","","","","2026-10-04T12:58:24.043006+00:00",""
"f4e8445ad05ba28d","GEOBIOS","https://rss.sciencedirect.com/publication/science/00166995","feed-with-entries","200","rss","24","2026-10-04T13:04:34.775381+00:00","https://rss.sciencedirect.com/publication/science/00166995"
"aac962a47a1ec3c3","Geochemistry","https://rss.sciencedirect.com/publication/science/00092819","feed-with-entries","200","rss","34","2026-10-04T13:04:35.248079+00:00","https://rss.sciencedirect.com/publication/science/00092819"
"268738e8d1a734df","Geoconservation Research","https://oiccpress.com/gcr/gateway/plugin/WebFeedGatewayPlugin/atom","feed-with-entries","200","atom","30","2026-10-04T12:57:04.975751+00:00","https://oiccpress.com/gcr/gateway/plugin/WebFeedGatewayPlugin/atom"
"37fee0afef5bb2d8","Geoderma","https://rss.sciencedirect.com/publication/science/00167061","feed-with-entries","200","rss","100","2026-10-04T13:04:35.703613+00:00","https://rss.sciencedirect.com/publication/science/00167061"
"e8174b84dab793c1","Geodesy and Geodynamics","https://rss.sciencedirect.com/publication/science/16749847","feed-with-entries","200","rss","56","2026-10-04T13:04:36.286222+00:00","https://rss.sciencedirect.com/publication/science/16749847"
"8de04114acb955c1","Geografares","https://periodicos.ufes.br/geografares/gateway/plugin/WebFeedGatewayPlugin/atom","tls-or-network-error","","","","2026-10-04T12:57:28.048218+00:00",""
"1a4cb218f0b2f1da","Geograficando","https://www.geograficando.fahce.unlp.edu.ar/gateway/plugin/AnnouncementFeedGatewayPlugin/atom","html-or-disallowed-doctype","200","","","2026-10-04T12:59:51.654850+00:00","https://www.geograficando.fahce.unlp.edu.ar/index"
"b421d79ff54064c1","Geographia Polonica","http://www.geographiapolonica.pl/geographia-polonica.xml","feed-with-entries","200","rss","15","2026-10-04T12:59:51.777069+00:00","https://www.geographiapolonica.pl/geographia-polonica.xml"
"daea85a1e97d8bce","Geographical Review of Japan-Series B","https://www.ajg.or.jp/category/society-info/publication/grj-b/feed/","feed-with-entries","200","rss","20","2026-10-04T12:59:22.144700+00:00","https://www.ajg.or.jp/category/society-info/publication/grj-b/feed/"
"5bc5cd4f1f26677a","Geology Geophysics and Environment","https://journals.agh.edu.pl/geol/en/gateway/plugin/WebFeedGatewayPlugin/atom","feed-with-entries","200","atom","30","2026-10-04T13:00:54.455680+00:00","https://journals.agh.edu.pl/geol/gateway/plugin/WebFeedGatewayPlugin/atom"
"d6f306d0d5759793","GEOMORPHOLOGY","https://rss.sciencedirect.com/publication/science/0169555X","feed-with-entries","200","rss","59","2026-10-04T13:04:36.882325+00:00","https://rss.sciencedirect.com/publication/science/0169555X"
"527ffe6001054ad3","Geosaberes","http://www.geosaberes.ufc.br/geosaberes/gateway/plugin/WebFeedGatewayPlugin/atom","network-or-safety-error","","","","2026-10-04T12:59:51.807135+00:00",""
"b6ec4f7efe3872a4","German Journal of Agricultural Economics","https://www.tib-op.org/ojs/index.php/gjae/gateway/plugin/WebFeedGatewayPlugin/atom","feed-with-entries","200","atom","12","2026-10-04T13:00:45.361943+00:00","https://www.tib-op.org/ojs/index.php/gjae/gateway/plugin/WebFeedGatewayPlugin/atom"
"d674020d305b2c38","German Law Journal","https://germanlawjournal.podigee.io/feed/mp3","feed-with-entries","200","rss","18","2026-10-04T12:55:45.849662+00:00","https://germanlawjournal.podigee.io/feed/mp3"
"2567e78ecd77a544","Gestao e Desenvolvimento","https://revistas.ucp.pt/index.php/gestaoedesenvolvimento/gateway/plugin/WebFeedGatewayPlugin/atom","feed-with-entries","200","atom","8","2026-10-04T12:58:20.150915+00:00","https://revistas.ucp.pt/index.php/gestaoedesenvolvimento/gateway/plugin/WebFeedGatewayPlugin/atom"
"beca7538e9e33ec0","GEUS Bulletin","https://geusbulletin.org/index.php/geusb/gateway/plugin/WebFeedGatewayPlugin/atom","network-or-safety-error","","","","2026-10-04T12:55:46.372762+00:00",""
"ffb1d52ac5875ac8","GHANA SOCIAL SCIENCE JOURNAL","https://journals.ug.edu.gh/index.php/gssj/gateway/plugin/WebFeedGatewayPlugin/atom","feed-with-entries","200","atom","10","2026-10-04T12:56:39.580323+00:00","https://journals.ug.edu.gh/index.php/gssj/gateway/plugin/WebFeedGatewayPlugin/atom"
"f69f1021c23902cc","Ginekologia Polska","https://journals.viamedica.pl/ginekologia_polska/gateway/plugin/WebFeedGatewayPlugin/atom","feed-with-entries","200","atom","13","2026-10-04T13:01:37.861332+00:00","https://journals.viamedica.pl/ginekologia_polska/gateway/plugin/WebFeedGatewayPlugin/atom"
"54af41dbe3063382","Giornale Italiano di Endodonzia","https://www.giornaleitalianoendodonzia.it/gie/gateway/plugin/WebFeedGatewayPlugin/atom","feed-with-entries","200","atom","5","2026-10-04T12:59:51.807282+00:00","https://www.giornaleitalianoendodonzia.it/gie/gateway/plugin/WebFeedGatewayPlugin/atom"
"38777c800747ca0d","Gland Surgery","https://gs.amegroups.org//gateway/plugin/WebFeedGatewayPlugin/atom","feed-with-entries","200","atom","28","2026-10-04T12:55:48.736045+00:00","https://gs.amegroups.org//gateway/plugin/WebFeedGatewayPlugin/atom"
"3f99b47b82a93c22","Glass Technology-European Journal of Glass Science and Technology Part A","https://api.ingentaconnect.com/content/sgt/gta/latest?format=rss","access-blocked","403","","","2026-10-04T12:54:48.135039+00:00",""
"c902367f3ae51deb","GLOBAL ENVIRONMENTAL CHANGE-HUMAN AND POLICY DIMENSIONS","https://rss.sciencedirect.com/publication/science/09593780","feed-with-entries","200","rss","30","2026-10-04T13:04:37.545552+00:00","https://rss.sciencedirect.com/publication/science/09593780"
"3ee312dbb6a140d8","Global Finance Journal","https://rss.sciencedirect.com/publication/science/10440283","feed-with-entries","200","rss","21","2026-10-04T13:04:38.128517+00:00","https://rss.sciencedirect.com/publication/science/10440283"
"35764ecb33c801a5","Global Heart","https://account.globalheartjournal.com/index.php/up-j-gh/gateway/plugin/WebFeedGatewayPlugin/atom","tls-or-network-error","","","","2026-10-04T12:54:22.759959+00:00",""
"19dd3852590afa08","GLOBAL JOURNAL OF ENVIRONMENTAL SCIENCE AND MANAGEMENT-GJESM","https://www.gjesm.net/ju.rss","access-blocked","403","","","2026-10-04T12:59:51.914168+00:00",""
"dc12c9a1fa793fc1","Global Medical Genetics","https://rss.sciencedirect.com/publication/science/26999404","feed-with-entries","200","rss","14","2026-10-04T13:04:38.677905+00:00","https://rss.sciencedirect.com/publication/science/26999404"
"4cb0ec9e87b78e82","Gomal Journal of Medical Sciences","http://gjms.com.pk/index.php/journal/gateway/plugin/WebFeedGatewayPlugin/atom","feed-with-entries","200","atom","31","2026-10-04T12:55:47.181069+00:00","http://gjms.com.pk/index.php/journal/gateway/plugin/WebFeedGatewayPlugin/atom"
"1b328f0a7ba1cd72","Gondwana Research","https://rss.sciencedirect.com/publication/science/1342937X","feed-with-entries","200","rss","36","2026-10-04T13:04:39.211479+00:00","https://rss.sciencedirect.com/publication/science/1342937X"
"91ea93a4ea4906f4","Granja-Revista de Ciencias de la Vida","http://scielo.senescyt.gob.ec/rss.php?pid=1390-859620250002&lang=es","http-error","502","","","2026-10-04T13:01:10.087399+00:00",""
"68f58ce7635720af","GRAPHICAL MODELS","https://rss.sciencedirect.com/publication/science/15240703","feed-with-entries","200","rss","10","2026-10-04T13:04:39.779525+00:00","https://rss.sciencedirect.com/publication/science/15240703"
"fa5ee5c1f81acc55","GREEK ROMAN AND BYZANTINE STUDIES","https://grbs.library.duke.edu/index.php/grbs/gateway/plugin/WebFeedGatewayPlugin/atom","network-or-safety-error","","","","2026-10-04T12:55:47.671746+00:00",""
"ea7d3254f6513334","Green Chemical Engineering","https://rss.sciencedirect.com/publication/science/26669528","feed-with-entries","200","rss","54","2026-10-04T13:04:40.586129+00:00","https://rss.sciencedirect.com/publication/science/26669528"
"d81144e96f90962e","GREEN CHEMISTRY","http://feeds.rsc.org/rss/gc","feed-with-entries","200","rss","100","2026-10-04T13:01:25.671326+00:00","http://feeds.rsc.org/rss/gc"
"b30237efaf5dfed6","Grounded Theory Review","https://groundedtheoryreview.org/index.php/gtr/gateway/plugin/WebFeedGatewayPlugin/atom","network-or-safety-error","","","","2026-10-04T12:55:48.017980+00:00",""
"9c1224704c22052a","Groups Complexity Cryptology","https://gcc.episciences.org/rss/papers","feed-with-entries","200","rss","30","2026-10-04T12:55:44.963106+00:00","https://api.episciences.org/api/feed/rss/gcc"
"77373e0efadf6dab","GROWTH HORMONE & IGF RESEARCH","https://rss.sciencedirect.com/publication/science/10966374","feed-with-entries","200","rss","26","2026-10-04T13:04:41.221192+00:00","https://rss.sciencedirect.com/publication/science/10966374"
"6288df9a963ca168","GULF AND CARIBBEAN RESEARCH","https://aquila.usm.edu/gcr/recent.rss","feed-with-entries","200","rss","20","2026-10-04T12:54:48.840429+00:00","https://aquila.usm.edu/gcr/recent.rss"
"ab3d917613f1fe60","Gut and Liver","https://www.nature.com/npjgutliver.rss","feed-with-entries","200","rdf","8","2026-10-04T13:02:02.708231+00:00","https://www.nature.com/npjgutliver.rss?error=cookies_not_supported&code=99edd571-731b-4c56-bd51-8ee70844fb4e"
"88c38c2348612319","HAEMATOLOGICA","https://haematologica.org/gateway/plugin/WebFeedGatewayPlugin/atom","feed-with-entries","200","atom","48","2026-10-04T12:55:49.683501+00:00","https://haematologica.org/gateway/plugin/WebFeedGatewayPlugin/atom"
"6a091c7359dcb72f","HARMFUL ALGAE","https://rss.sciencedirect.com/publication/science/15689883","feed-with-entries","200","rss","42","2026-10-04T13:04:41.632947+00:00","https://rss.sciencedirect.com/publication/science/15689883"
"4d760e7a7f5ca0be","HAU-Journal of Ethnographic Theory","https://www.haujournal.org/index.php/hau/gateway/plugin/WebFeedGatewayPlugin/atom","feed-with-entries","200","atom","30","2026-10-04T12:59:52.120417+00:00","https://www.haujournal.org/index.php/hau/gateway/plugin/WebFeedGatewayPlugin/atom"
"ccbacb289b65102d","HEALTH & PLACE","https://rss.sciencedirect.com/publication/science/13538292","feed-with-entries","200","rss","34","2026-10-04T13:04:42.117611+00:00","https://rss.sciencedirect.com/publication/science/13538292"
"a6b2cb2ac4a83c5c","Health SA Gesondheid","https://hsag.co.za/index.php/hsag/gateway/plugin/WebFeedGatewayPlugin/atom","feed-with-entries","200","atom","10","2026-10-04T12:55:51.274739+00:00","https://hsag.co.za/index.php/hsag/gateway/plugin/WebFeedGatewayPlugin/atom"
"a45b1724b3bf03db","HEART SURGERY FORUM","https://journal.hsforum.com/index.php/HSF/gateway/plugin/WebFeedGatewayPlugin/atom","html-or-disallowed-doctype","200","","","2026-10-04T12:56:22.375957+00:00","https://journal.hsforum.com/index.php/HSF/gateway/plugin/WebFeedGatewayPlugin/atom"
"1fbc417f011d7074","Hepatobiliary Surgery and Nutrition","https://hbsn.amegroups.org//gateway/plugin/WebFeedGatewayPlugin/atom","feed-with-entries","200","atom","38","2026-10-04T12:55:49.848139+00:00","https://hbsn.amegroups.org//gateway/plugin/WebFeedGatewayPlugin/atom"
"a04014954595e667","HEREDITY","https://www.nature.com/hdy.rss","feed-with-entries","200","rdf","8","2026-10-04T13:02:03.300993+00:00","https://www.nature.com/hdy.rss"
"47304c7627705181","Heritage Science","https://www.nature.com/npjheritagesci.rss","feed-with-entries","200","rdf","8","2026-10-04T13:02:04.803994+00:00","https://www.nature.com/npjheritagesci.rss?error=cookies_not_supported&code=f029a9cc-239a-4b10-b820-718ada63ba21"
"7aef8711e363e043","HIGH TEMPERATURES-HIGH PRESSURES","https://hthp.oldcitypublishing.com/index.php/hthp/gateway/plugin/WebFeedGatewayPlugin/atom","network-or-safety-error","","","","2026-10-04T12:55:51.452494+00:00",""
"9a7bc0782ed4fead","Historia 396","https://historia396.cl/index.php/historia396/gateway/plugin/WebFeedGatewayPlugin/atom","feed-with-entries","200","atom","13","2026-10-04T12:55:50.982628+00:00","https://historia396.cl/index.php/historia396/gateway/plugin/WebFeedGatewayPlugin/atom"
"846af75288e330a7","Historia Critica","https://revistas.uniandes.edu.co/index.php/hiscrit/gateway/plugin/WebFeedGatewayPlugin/atom","tls-or-network-error","","","","2026-10-04T12:58:29.855674+00:00",""
"699cae90fbf63c68","Historia e Cultura","https://periodicos.franca.unesp.br/index.php/historiaecultura/gateway/plugin/WebFeedGatewayPlugin/atom","html-or-disallowed-doctype","200","","","2026-10-04T12:57:26.080059+00:00","https://periodicos.franca.unesp.br/index.php/historiaecultura/gateway/plugin/WebFeedGatewayPlugin/atom"
"d505373ac58aa30f","HISTORIA MATHEMATICA","https://rss.sciencedirect.com/publication/science/03150860","feed-with-entries","200","rss","37","2026-10-04T13:04:42.502424+00:00","https://rss.sciencedirect.com/publication/science/03150860"
"f51bb4565f5275f5","Historical Studies in Education-Canada","https://historicalstudiesineducation.ca/index.php/edu_hse-rhe/gateway/plugin/WebFeedGatewayPlugin/atom","network-or-safety-error","","","","2026-10-04T12:55:51.206903+00:00",""
"9897e9c7c74fc735","HISTORY","https://www.worldhistory.org/rss2/?lang=en","feed-with-entries","200","rss","20","2026-10-04T13:00:49.152087+00:00","https://www.worldhistory.org/rss2/?lang=en"
"d9194e3194301098","Hormigon y Acero","https://www.hormigonyacero.com/index.php/ache/gateway/plugin/WebFeedGatewayPlugin/atom","feed-with-entries","200","atom","9","2026-10-04T12:59:52.463614+00:00","https://www.hormigonyacero.com/index.php/ache/gateway/plugin/WebFeedGatewayPlugin/atom"
"762b0e863285bad4","Hormones and Behavior","https://rss.sciencedirect.com/publication/science/0018506X","feed-with-entries","200","rss","10","2026-10-04T13:04:42.866709+00:00","https://rss.sciencedirect.com/publication/science/0018506X"
"81dbdc7375bbd769","Horticultural Plant Journal","https://rss.sciencedirect.com/publication/science/24680141","feed-with-entries","200","rss","64","2026-10-04T13:04:43.241345+00:00","https://rss.sciencedirect.com/publication/science/24680141"
"d8e4fde8f000e429","HPB","https://rss.sciencedirect.com/publication/science/1365182X","feed-with-entries","200","rss","73","2026-10-04T13:04:43.604104+00:00","https://rss.sciencedirect.com/publication/science/1365182X"
"6490a0a1a1228443","HTS Teologiese Studies-Theological Studies","https://hts.org.za/index.php/hts/gateway/plugin/WebFeedGatewayPlugin/atom","feed-with-entries","200","atom","10","2026-10-04T12:55:53.949779+00:00","https://hts.org.za/index.php/hts/gateway/plugin/WebFeedGatewayPlugin/atom"
"3096bed5da07ce62","Human Genome Variation","https://www.nature.com/hgv.rss","feed-with-entries","200","rdf","8","2026-10-04T13:02:05.685669+00:00","https://www.nature.com/hgv.rss"
"f060f4e7ca5eaf1a","HUMAN MOVEMENT SCIENCE","https://rss.sciencedirect.com/publication/science/01679457","feed-with-entries","200","rss","25","2026-10-04T13:04:43.964818+00:00","https://rss.sciencedirect.com/publication/science/01679457"
"20b4240c7275e06d","HUMAN PATHOLOGY","https://rss.sciencedirect.com/publication/science/00468177","feed-with-entries","200","rss","60","2026-10-04T13:04:44.550081+00:00","https://rss.sciencedirect.com/publication/science/00468177"
"7ca9f30623ec748f","HUMAN RESOURCE MANAGEMENT REVIEW","https://rss.sciencedirect.com/publication/science/10534822","feed-with-entries","200","rss","15","2026-10-04T13:04:44.908079+00:00","https://rss.sciencedirect.com/publication/science/10534822"
"5affdf5655a0a8e5","Human-Wildlife Interactions","https://digitalcommons.usu.edu/hwi/recent.rss","feed-with-entries","200","rss","20","2026-10-04T12:55:17.514423+00:00","https://digitalcommons.usu.edu/hwi/recent.rss"
"0f9a86de41a1d31e","Humana Mente-Journal of Philosophical Studies","https://www.humanamente.eu/index.php/HM/gateway/plugin/WebFeedGatewayPlugin/atom","feed-with-entries","200","atom","16","2026-10-04T12:59:54.532408+00:00","https://www.humanamente.eu/index.php/HM/gateway/plugin/WebFeedGatewayPlugin/atom"
"d91267870a85ebdb","Humanidades & Inovacao","https://revista.unitins.br/index.php/humanidadeseinovacao/gateway/plugin/WebFeedGatewayPlugin/atom","feed-with-entries","200","atom","32","2026-10-04T12:57:58.558749+00:00","https://revista.unitins.br/index.php/humanidadeseinovacao/gateway/plugin/WebFeedGatewayPlugin/atom"
"f1776e0f111d031f","Humanities & Social Sciences Communications","https://www.nature.com/palcomms.rss","feed-with-entries","200","rdf","8","2026-10-04T13:02:06.908517+00:00","https://www.nature.com/palcomms.rss"
"abad317fcc8f780c","Humanities-Basel","https://philhist.unibas.ch/en/feed/8587/feed.rss?cHash=aa51aa8f4d04c398dd7e3db8a93644e3","not-feed-xml","200","","","2026-10-04T12:57:36.113596+00:00","https://philhist.unibas.ch/en/feed/8587/feed.rss?cHash=aa51aa8f4d04c398dd7e3db8a93644e3"
"97d3aaa19c97a8ea","Hume Studies","https://www.humesociety.org/ojs/index.php/hs/gateway/plugin/WebFeedGatewayPlugin/atom","network-or-safety-error","301","","","2026-10-04T12:59:54.614905+00:00",""
"071d21feefc16d1f","Hungarian Geographical Bulletin","https://ojs.mtak.hu/index.php/hungeobull/gateway/plugin/WebFeedGatewayPlugin/atom","feed-with-entries","200","atom","7","2026-10-04T13:00:59.740587+00:00","https://ojs.mtak.hu/index.php/hungeobull/gateway/plugin/WebFeedGatewayPlugin/atom"
"94e2bb20e15fbc62","HYPERTENSION RESEARCH","https://www.nature.com/hr.rss","feed-with-entries","200","rdf","8","2026-10-04T13:02:07.514474+00:00","https://www.nature.com/hr.rss"
"916d121b12cc1f33","i2 Investigacion e Innovacion en Arquitectura y Territorio","https://i2.ua.es/gateway/plugin/WebFeedGatewayPlugin/atom","feed-with-entries","200","atom","9","2026-10-04T12:55:55.065998+00:00","https://i2.ua.es/gateway/plugin/WebFeedGatewayPlugin/atom"
"8cfe6e14b693c8e0","IACR Transactions on Symmetric Cryptology","https://tosc.iacr.org/index.php/ToSC/gateway/plugin/WebFeedGatewayPlugin/atom","feed-with-entries","200","atom","30","2026-10-04T12:59:09.576829+00:00","https://tosc.iacr.org/index.php/ToSC/en/gateway/plugin/WebFeedGatewayPlugin/atom"
"42813ca41db17e95","Iberoamerican Journal of Development Studies","https://papiro.unizar.es/ojs/index.php/ried/es/gateway/plugin/WebFeedGatewayPlugin/atom","feed-with-entries","200","atom","5","2026-10-04T13:01:00.867959+00:00","https://papiro.unizar.es/ojs/index.php/ried/es/gateway/plugin/WebFeedGatewayPlugin/atom"
"4a88dcb3b5fbc3b1","IC-Revista Cientifica de Informacion y Comunicacion","https://icjournal-ojs.org/index.php/IC-Journal/gateway/plugin/WebFeedGatewayPlugin/atom","feed-with-entries","200","atom","12","2026-10-04T12:55:56.104997+00:00","https://icjournal-ojs.org/index.php/IC-Journal/gateway/plugin/WebFeedGatewayPlugin/atom"
"79d23f3882d96ccb","Ido Movement for Culture-Journal of Martial Arts Anthropology","http://imcjournal.com/index.php/en/home?format=feed&type=rss","feed-with-entries","200","rss","6","2026-10-04T12:56:04.187903+00:00","https://imcjournal.com/index.php/en/home?format=feed&type=rss"
"5edf575fe1561f2e","IEEE Latin America Transactions","https://latamt.ieeer9.org/index.php/transactions/gateway/plugin/WebFeedGatewayPlugin/atom","network-or-safety-error","","","","2026-10-04T12:56:51.010162+00:00",""
"9beb91c0aa0eae7b","IEEE Open Journal of Nanotechnology","https://oj-nano.ieeenano.org/comments/feed/","feed-with-entries","200","rss","4","2026-10-04T12:57:05.088850+00:00","https://oj-nano.ieeenano.org/comments/feed/"
"64ab02032b70e080","IEEE ROBOTICS & AUTOMATION MAGAZINE","https://ramagazine.ieee.org/feed/","feed-with-entries","200","rss","10","2026-10-04T12:57:47.775947+00:00","https://ramagazine.ieee.org/feed/"
"66337395c729e5d4","IEEE SENSORS JOURNAL","https://ieee-sensors.org/feed/","feed-with-entries","200","rss","10","2026-10-04T12:55:57.617765+00:00","https://ieee-sensors.org/feed/"
"d10cbf0480654eb3","IEEE TRANSACTIONS ON INTELLIGENT TRANSPORTATION SYSTEMS","https://ieee-itss.org/comments/feed/","feed-with-entries","200","rss","5","2026-10-04T12:55:57.488217+00:00","https://ieee-itss.org/comments/feed/"
"70a7e8246212c68d","iForest-Biogeosciences and Forestry","https://iforest.sisef.org/users/?action=rssxml","oversize","200","","","2026-10-04T12:55:58.031504+00:00","https://iforest.sisef.org/users/?action=rssxml"
"6ccbab4fbb4024bd","IIUM Engineering Journal","https://journals.iium.edu.my/ejournal/index.php/iiumej/gateway/plugin/WebFeedGatewayPlugin/atom","feed-with-entries","200","atom","29","2026-10-04T13:01:16.354161+00:00","https://journals.iium.edu.my/ejournal/index.php/iiumej/gateway/plugin/WebFeedGatewayPlugin/atom"
"25835d3349d600e7","IIUM Law Journal","https://journals.iium.edu.my/iiumlj/index.php/iiumlj/gateway/plugin/WebFeedGatewayPlugin/atom","feed-with-entries","200","atom","18","2026-10-04T13:01:26.637350+00:00","https://journals.iium.edu.my/iiumlj/index.php/iiumlj/gateway/plugin/WebFeedGatewayPlugin/atom"
"85328c99e561a46e","IIUM Medical Journal Malaysia","https://journals.iium.edu.my/kom/index.php/imjm/gateway/plugin/AnnouncementFeedGatewayPlugin/atom","feed-with-entries","200","atom","5","2026-10-04T13:01:32.814716+00:00","https://journals.iium.edu.my/kom/index.php/imjm/gateway/plugin/AnnouncementFeedGatewayPlugin/atom"
"fdc9fd301a20a4c0","Image Analysis & Stereology","https://www.ias-iss.org/ojs/IAS/gateway/plugin/WebFeedGatewayPlugin/atom","feed-with-entries","200","atom","6","2026-10-04T12:59:54.732968+00:00","https://www.ias-iss.org/ojs/IAS/gateway/plugin/WebFeedGatewayPlugin/atom"
"16e7f017d8ba3be2","IMAGE AND VISION COMPUTING","https://rss.sciencedirect.com/publication/science/02628856","feed-with-entries","200","rss","62","2026-10-04T13:04:45.260815+00:00","https://rss.sciencedirect.com/publication/science/02628856"
"9e3175c46134db62","ImmunoTargets and Therapy","https://www.dovepress.com/feed/journal/138","feed-with-entries","200","rss","30","2026-10-04T13:01:46.912621+00:00","https://www.dovepress.com/feed/journal/138"
"a801cc69236fef60","IN BO-Ricerche e Progetti per il Territorio la Citta e l Architettura","https://in-bo.unibo.it/gateway/plugin/AnnouncementFeedGatewayPlugin/atom","feed-with-entries","200","atom","3","2026-10-04T12:56:05.058283+00:00","https://in-bo.unibo.it/gateway/plugin/AnnouncementFeedGatewayPlugin/atom"
"61a3c8369dd046e1","In die Skriflig-In Luce Verbi","https://indieskriflig.org.za/index.php/skriflig/gateway/plugin/WebFeedGatewayPlugin/atom","feed-with-entries","200","atom","10","2026-10-04T12:56:05.705798+00:00","https://indieskriflig.org.za/index.php/skriflig/gateway/plugin/WebFeedGatewayPlugin/atom"
"981b6170a27ce32a","INDAGATIONES MATHEMATICAE-NEW SERIES","https://rss.sciencedirect.com/publication/science/00193577","feed-with-entries","200","rss","71","2026-10-04T13:04:46.388181+00:00","https://rss.sciencedirect.com/publication/science/00193577"
"a9c1f97df877a41e","INDIAN JOURNAL OF GENETICS AND PLANT BREEDING","https://www.isgpb.org/journal/index.php/IJGPB/gateway/plugin/WebFeedGatewayPlugin/atom","feed-with-entries","200","atom","18","2026-10-04T12:59:59.431704+00:00","https://www.isgpb.org/journal/index.php/IJGPB/gateway/plugin/WebFeedGatewayPlugin/atom"
"1c8b452a9546a8ec","Indonesia Law Review","https://scholarhub.ui.ac.id/ilrev/recent.rss","feed-with-entries","200","rss","20","2026-10-04T12:58:56.117341+00:00","https://scholarhub.ui.ac.id/ilrev/recent.rss"
"750f8ade4aa16e73","Indonesian Capital Market Review","https://scholarhub.ui.ac.id/icmr/recent.rss","feed-with-entries","200","rss","20","2026-10-04T13:01:09.311936+00:00","https://scholarhub.ui.ac.id/icmr/recent.rss"
"751ff809fbbe7784","Indonesian Journal of Forestry Research","https://ejournal.aptklhi.org/index.php/ijfr/gateway/plugin/WebFeedGatewayPlugin/atom","tls-or-network-error","","","","2026-10-04T12:55:25.044947+00:00",""
"58ca8ab8e8492459","Indonesian Journal of Pharmacy","https://journal.ugm.ac.id/v3/IJP/gateway/plugin/WebFeedGatewayPlugin/atom","feed-with-entries","200","atom","5","2026-10-04T12:56:25.442589+00:00","https://journal.ugm.ac.id/v3/IJP/gateway/plugin/WebFeedGatewayPlugin/atom"
"dc2e8164feffb6a9","INDUSTRIAL CROPS AND PRODUCTS","https://rss.sciencedirect.com/publication/science/09266690","feed-with-entries","200","rss","100","2026-10-04T13:04:46.959302+00:00","https://rss.sciencedirect.com/publication/science/09266690"
"fb89a6fa919ae480","Infancias Imagenes","https://revistas.udistrital.edu.co/index.php/infancias/gateway/plugin/WebFeedGatewayPlugin/atom","feed-with-entries","200","atom","1","2026-10-04T13:01:05.548813+00:00","https://revistas.udistrital.edu.co/index.php/infancias/gateway/plugin/WebFeedGatewayPlugin/atom"
"9791ca7522d6d6a3","Infection and Drug Resistance","https://www.dovepress.com/feed/journal/28","feed-with-entries","200","rss","30","2026-10-04T13:01:47.872515+00:00","https://www.dovepress.com/feed/journal/28"
"815d2bfa217039b8","INFECTION GENETICS AND EVOLUTION","https://rss.sciencedirect.com/publication/science/15671348","feed-with-entries","200","rss","41","2026-10-04T13:04:47.536129+00:00","https://rss.sciencedirect.com/publication/science/15671348"
"a09a42600ff054b0","Informal Logic","https://informallogic.ca/index.php/informal_logic/gateway/plugin/WebFeedGatewayPlugin/atom","feed-with-entries","200","atom","50","2026-10-04T12:56:07.144499+00:00","https://informallogic.ca/index.php/informal_logic/gateway/plugin/WebFeedGatewayPlugin/atom"
"9de57f1b4b821df4","Informatics in Education","https://infedu.vu.lt/journal/INFEDU/feeds/latest","feed-with-entries","200","rss","10","2026-10-04T12:56:05.759434+00:00","https://infedu.vu.lt/journal/INFEDU/feeds/latest"
"ee7122737a8048f9","INFORMATION & MANAGEMENT","https://rss.sciencedirect.com/publication/science/03787206","feed-with-entries","200","rss","37","2026-10-04T13:04:47.902235+00:00","https://rss.sciencedirect.com/publication/science/03787206"
"a99782970912a1e0","Information and Organization","https://rss.sciencedirect.com/publication/science/14717727","feed-with-entries","200","rss","9","2026-10-04T13:04:48.267738+00:00","https://rss.sciencedirect.com/publication/science/14717727"
"da4639c069bb3f98","INFORMATION AND SOFTWARE TECHNOLOGY","https://rss.sciencedirect.com/publication/science/09505849","feed-with-entries","200","rss","50","2026-10-04T13:04:48.626881+00:00","https://rss.sciencedirect.com/publication/science/09505849"
"568ca5365b6df4ab","Information Geographique","https://rss.sciencedirect.com/publication/science/30505208","feed-with-entries","200","rss","11","2026-10-04T13:04:49.240948+00:00","https://rss.sciencedirect.com/publication/science/30505208"
"5e15aa8fc53b190a","INFORMATION PROCESSING LETTERS","https://rss.sciencedirect.com/publication/science/00200190","feed-with-entries","200","rss","16","2026-10-04T13:04:49.819878+00:00","https://rss.sciencedirect.com/publication/science/00200190"
"0e6a42ee72d38aae","INGE CUC","https://revistascientificas.cuc.edu.co/ingecuc/gateway/plugin/WebFeedGatewayPlugin/atom","tls-or-network-error","","","","2026-10-04T12:58:36.441707+00:00",""
"6413d2218c198923","Ingenieria Solidaria","https://revistas.ucc.edu.co/index.php/in/gateway/plugin/WebFeedGatewayPlugin/atom","feed-with-entries","200","atom","10","2026-10-04T12:58:18.353192+00:00","https://revistas.ucc.edu.co/index.php/in/en/gateway/plugin/WebFeedGatewayPlugin/atom"
"5a282c255bed3d28","Ingenieria y Competitividad","https://revistaingenieria.univalle.edu.co/index.php/ingenieria_y_competitividad/gateway/plugin/WebFeedGatewayPlugin/atom","feed-with-entries","200","atom","4","2026-10-04T12:58:06.644164+00:00","https://revistaingenieria.univalle.edu.co/index.php/ingenieria_y_competitividad/gateway/plugin/WebFeedGatewayPlugin/atom"
"56bbee6fdcd22734","INORGANICA CHIMICA ACTA","https://rss.sciencedirect.com/publication/science/00201693","feed-with-entries","200","rss","96","2026-10-04T13:04:50.160977+00:00","https://rss.sciencedirect.com/publication/science/00201693"
"4448a847d21ef2e9","Insight Turkey","https://www.insightturkey.com/services/rss/articles/all","access-blocked","403","","","2026-10-04T12:59:58.472747+00:00",""
"44f21f5e3180caf5","Integrative Medicine Research","https://rss.sciencedirect.com/publication/science/22134220","feed-with-entries","200","rss","66","2026-10-04T13:04:50.744128+00:00","https://rss.sciencedirect.com/publication/science/22134220"
"743cd14d5327eaea","Interactive Journal of Medical Research","https://www.i-jmr.org/feed/atom","feed-with-entries","200","atom","10","2026-10-04T12:59:54.615004+00:00","https://www.i-jmr.org/feed/atom"
"fa2b7e1c96d2be07","InterCambios-Dilemas y transiciones de la Educacion Superior","https://ojs.intercambios.cse.udelar.edu.uy/index.php/ic/gateway/plugin/WebFeedGatewayPlugin/atom","feed-with-entries","200","atom","17","2026-10-04T12:57:08.482166+00:00","https://ojs.intercambios.cse.udelar.edu.uy/index.php/ic/gateway/plugin/WebFeedGatewayPlugin/atom"
"894af6e2e4b4c888","INTERMETALLICS","https://rss.sciencedirect.com/publication/science/09669795","feed-with-entries","200","rss","100","2026-10-04T13:04:51.107992+00:00","https://rss.sciencedirect.com/publication/science/09669795"
"5db396e331113adf","International Business Review","https://rss.sciencedirect.com/publication/science/09695931","feed-with-entries","200","rss","15","2026-10-04T13:04:51.736568+00:00","https://rss.sciencedirect.com/publication/science/09695931"
"4614ef22e7726d43","International Electronic Journal of Geometry","https://ijgeometry.com/feed/","access-blocked","403","","","2026-10-04T12:56:02.171505+00:00",""
"1acc75b7b2486b8e","International Journal for Parasitology-Parasites and Wildlife","https://rss.sciencedirect.com/publication/science/22132244","feed-with-entries","200","rss","68","2026-10-04T13:04:52.284835+00:00","https://rss.sciencedirect.com/publication/science/22132244"
"2660da09c440b224","International Journal for Research in Vocational Education and Training-IJRVET","https://journals.suub.uni-bremen.de/index.php/ijrvet/gateway/plugin/WebFeedGatewayPlugin/atom","feed-with-entries","200","atom","30","2026-10-04T12:56:38.106429+00:00","https://journals.suub.uni-bremen.de/index.php/ijrvet/gateway/plugin/WebFeedGatewayPlugin/atom"
"d473d2707fdc7ab0","International Journal for Technology in Mathematics Education","https://api.ingentaconnect.com/content/resinf/tme/latest?format=rss","access-blocked","403","","","2026-10-04T13:00:51.651214+00:00",""
"bfc8173961246afa","International Journal of Agriculture and Natural Resources","http://www.scielo.cl/rss.php?pid=2452-573120250003&lang=en","access-blocked","403","","","2026-10-04T13:01:40.365323+00:00",""
"b27df551531eeffc","International Journal of Alcohol and Drug Research","https://ijadr.org/index.php/ijadr/gateway/plugin/WebFeedGatewayPlugin/atom","network-or-safety-error","","","","2026-10-04T12:55:59.003408+00:00",""
"fabcb63798130a87","International Journal of Analysis and Applications","https://etamaths.com/index.php/ijaa/gateway/plugin/WebFeedGatewayPlugin/atom","not-feed-xml","200","","","2026-10-04T12:55:33.993335+00:00","https://etamaths.com/index.php/ijaa/gateway/plugin/WebFeedGatewayPlugin/atom"
"169d7e1ea2dc6ffb","International Journal of Asia Pacific Studies","https://ijaps.usm.my/?feed=comments-rss2","feed-with-entries","200","rss","3","2026-10-04T12:55:59.090682+00:00","https://ijaps.usm.my/?feed=comments-rss2"
"a2b2a39c4a2211a1","International Journal of Aviation Aeronautics and Aerospace","https://commons.erau.edu/ijaaa/recent.rss","feed-with-entries","200","rss","20","2026-10-04T12:55:04.254344+00:00","https://commons.erau.edu/ijaaa/recent.rss"
"b8e0d3afa16cd9ca","INTERNATIONAL JOURNAL OF BEHAVIORAL MEDICINE","https://jcom.sissa.it/feed/","feed-with-entries","200","rss","10","2026-10-04T12:56:14.182458+00:00","https://jcom.sissa.it/feed/"
"1c73de295c518406","INTERNATIONAL JOURNAL OF BIOCHEMISTRY & CELL BIOLOGY","https://rss.sciencedirect.com/publication/science/13572725","feed-with-entries","200","rss","27","2026-10-04T13:04:52.671817+00:00","https://rss.sciencedirect.com/publication/science/13572725"
"eed44b7c03c2d2d9","International Journal of Biology and Chemistry","https://ijbch.kaznu.kz/index.php/kaznu/gateway/plugin/WebFeedGatewayPlugin/atom","feed-with-entries","200","atom","30","2026-10-04T12:55:59.573755+00:00","https://ijbch.kaznu.kz/index.php/kaznu/gateway/plugin/WebFeedGatewayPlugin/atom"
"f68d8cc667bbaa07","International Journal of Built Environment and Sustainability","https://ijbes.utm.my/index.php/ijbes/gateway/plugin/WebFeedGatewayPlugin/atom","feed-with-entries","200","atom","30","2026-10-04T12:56:00.185137+00:00","https://ijbes.utm.my/index.php/ijbes/gateway/plugin/WebFeedGatewayPlugin/atom"
"70a71eaee30ea811","International Journal of Cardiology","https://rss.sciencedirect.com/publication/science/01675273","feed-with-entries","200","rss","61","2026-10-04T13:04:53.245977+00:00","https://rss.sciencedirect.com/publication/science/01675273"
"121b6f921ba3b264","International Journal of Cardiology Congenital Heart Disease","https://rss.sciencedirect.com/publication/science/26666685","feed-with-entries","200","rss","57","2026-10-04T13:04:53.809391+00:00","https://rss.sciencedirect.com/publication/science/26666685"
"7ae0891fcd8d9558","International Journal of Chinese & Comparative Philosophy of Medicine","https://ejournals.lib.hkbu.edu.hk/index.php/ijccpm/gateway/plugin/WebFeedGatewayPlugin/atom","network-or-safety-error","","","","2026-10-04T12:55:26.793716+00:00",""
"e73df1eef217396a","INTERNATIONAL JOURNAL OF COAL GEOLOGY","https://rss.sciencedirect.com/publication/science/01665162","feed-with-entries","200","rss","20","2026-10-04T13:04:54.150646+00:00","https://rss.sciencedirect.com/publication/science/01665162"
"179000fbe9017157","International Journal of Cognitive Research in Science Engineering and Education-IJCRSEE","https://www.ijcrsee.com/index.php/ijcrsee/gateway/plugin/AnnouncementFeedGatewayPlugin/atom","feed-with-entries","200","atom","9","2026-10-04T12:59:57.310602+00:00","https://www.ijcrsee.com/index.php/ijcrsee/gateway/plugin/AnnouncementFeedGatewayPlugin/atom"
"8960227ded7c31bc","International Journal of Combinatorial Optimization Problems and Informatics","https://ijcopi.org/ojs/gateway/plugin/WebFeedGatewayPlugin/atom","feed-with-entries","200","atom","28","2026-10-04T12:56:01.033474+00:00","https://ijcopi.org/ojs/gateway/plugin/WebFeedGatewayPlugin/atom"
"4bcad93c9b0ab60c","International Journal of Communication","https://ijoc.org/index.php/ijoc/gateway/plugin/WebFeedGatewayPlugin/atom","feed-with-entries","200","atom","197","2026-10-04T12:56:03.530838+00:00","https://ijoc.org/index.php/ijoc/gateway/plugin/WebFeedGatewayPlugin/atom"
"0050a2fe0c2b6ee6","International Journal of Contemporary Economics and Administrative Sciences","http://ijceas.com/index.php/ijceas/gateway/plugin/WebFeedGatewayPlugin/atom","html-or-disallowed-doctype","200","","","2026-10-04T12:56:00.688914+00:00","https://www.ijceas.com/ijceas"
"afab6f77d2292044","International Journal of Cuban Studies","https://www.plutojournals.com/comments/feed/","feed-with-entries","200","rss","5","2026-10-04T13:00:22.358724+00:00","https://www.plutojournals.com/comments/feed/"
"d8de939fa143515f","International Journal of Design","https://ijdesign.org/index.php/IJDesign/feed/atom","feed-with-entries","200","atom","6","2026-10-04T12:56:01.219456+00:00","https://ijdesign.org/index.php/IJDesign/feed/atom"
"e872c25db3185c04","International Journal of Ecological Economics & Statistics","http://www.ceser.in/ceserp/index.php/ijees/gateway/plugin/WebFeedGatewayPlugin/atom","feed-with-entries","200","atom","5","2026-10-04T12:59:33.383294+00:00","http://www.ceser.in/ceserp/index.php/ijees/gateway/plugin/WebFeedGatewayPlugin/atom"
"4a494fa286c5627b","International Journal of Ecology & Development","http://www.ceser.in/ceserp/index.php/ijed/gateway/plugin/WebFeedGatewayPlugin/atom","feed-with-entries","200","atom","7","2026-10-04T13:01:11.078910+00:00","http://www.ceser.in/ceserp/index.php/ijed/gateway/plugin/WebFeedGatewayPlugin/atom"
"de12e47bf60f7377","International Journal of Economics Management and Accounting","https://journals.iium.edu.my/enmjournal/index.php/enmj/gateway/plugin/WebFeedGatewayPlugin/atom","feed-with-entries","200","atom","10","2026-10-04T13:01:37.571886+00:00","https://journals.iium.edu.my/enmjournal/index.php/enmj/gateway/plugin/WebFeedGatewayPlugin/atom"
"8fbce078a0132f9e","International Journal of Educational Research and Innovation","https://www.upo.es/revistas/index.php/IJERI/gateway/plugin/WebFeedGatewayPlugin/atom","feed-with-entries","200","atom","30","2026-10-04T13:00:47.076298+00:00","https://www.upo.es/revistas/index.php/IJERI/en/gateway/plugin/WebFeedGatewayPlugin/atom"
"23da3ca1f6932a63","International Journal of Engineering Pedagogy","https://online-journals.org/index.php/i-jep/gateway/plugin/WebFeedGatewayPlugin/atom","network-or-safety-error","","","","2026-10-04T12:57:17.357501+00:00",""
"510176890603f279","International Journal of Engineering Research in Africa","https://www.scientific.net/JERA/Rss","feed-with-entries","200","rss","10","2026-10-04T13:00:39.071241+00:00","https://www.scientific.net/JERA/Rss"
"07c19c9fe2168403","INTERNATIONAL JOURNAL OF ENGINEERING SCIENCE","https://rss.sciencedirect.com/publication/science/00207225","feed-with-entries","200","rss","38","2026-10-04T13:04:54.510185+00:00","https://rss.sciencedirect.com/publication/science/00207225"
"ca04a5d4a34fbccc","International Journal of English Studies","https://revistas.um.es/ijes/gateway/plugin/WebFeedGatewayPlugin/atom","feed-with-entries","200","atom","10","2026-10-04T13:01:20.369239+00:00","https://revistas.um.es/ijes/gateway/plugin/WebFeedGatewayPlugin/atom"
"adbe03715906a9c8","International Journal of Fatigue","https://rss.sciencedirect.com/publication/science/01421123","feed-with-entries","200","rss","100","2026-10-04T13:04:55.073264+00:00","https://rss.sciencedirect.com/publication/science/01421123"
"d94ba1a51f072b8a","International Journal of Fertility & Sterility","https://www.ijfs.ir/ju.rss","access-blocked","403","","","2026-10-04T12:59:57.328051+00:00",""
"339c728608bac4a8","International Journal of Gastronomy and Food Science","https://rss.sciencedirect.com/publication/science/1878450X","feed-with-entries","200","rss","100","2026-10-04T13:04:55.599564+00:00","https://rss.sciencedirect.com/publication/science/1878450X"
"3a80920027fc5f43","International Journal of General Medicine","https://www.dovepress.com/feed/journal/39","feed-with-entries","200","rss","30","2026-10-04T13:01:48.990855+00:00","https://www.dovepress.com/feed/journal/39"
"73b2ab1c200abd44","International Journal of Health Policy and Management","https://www.ijhpm.com/ju.rss","feed-with-entries","200","rss","109","2026-10-04T12:59:57.855525+00:00","https://www.ijhpm.com/ju.rss"
"8f2c89ee8c7e5532","International Journal of Hepatobiliary and Pancreatic Diseases","https://rss.sciencedirect.com/publication/science/14993872","feed-with-entries","200","rss","62","2026-10-04T13:04:56.344163+00:00","https://rss.sciencedirect.com/publication/science/14993872"
"d63a2fcf1f55f0b7","INTERNATIONAL JOURNAL OF IMPOTENCE RESEARCH","https://www.nature.com/ijir.rss","feed-with-entries","200","rdf","8","2026-10-04T13:02:08.502474+00:00","https://www.nature.com/ijir.rss"
"793cfbcf80094011","International Journal of Indigenous Health","https://jps.library.utoronto.ca/index.php/ijih/gateway/plugin/WebFeedGatewayPlugin/atom","feed-with-entries","200","atom","10","2026-10-04T12:56:42.048042+00:00","https://jps.library.utoronto.ca/index.php/ijih/gateway/plugin/WebFeedGatewayPlugin/atom"
"e900c807d8a72e80","INTERNATIONAL JOURNAL OF INDUSTRIAL ERGONOMICS","https://rss.sciencedirect.com/publication/science/01698141","feed-with-entries","200","rss","71","2026-10-04T13:04:57.017567+00:00","https://rss.sciencedirect.com/publication/science/01698141"
"c70dcfe77b44efd0","International Journal of Integrative Psychotherapy","https://www.integrative-journal.com/index.php/ijip/gateway/plugin/WebFeedGatewayPlugin/atom","feed-with-entries","200","atom","30","2026-10-04T12:59:58.789689+00:00","https://www.integrative-journal.com/index.php/ijip/gateway/plugin/WebFeedGatewayPlugin/atom"
"f1d9f8c4be0527e0","International Journal of Korean History","https://ijkh.khistory.org/journal/rss/xml/feed.xml","feed-with-entries","200","rss","253","2026-10-04T12:56:02.595347+00:00","https://ijkh.khistory.org/journal/rss/xml/feed.xml"
"7cbf6bb29169e476","INTERNATIONAL JOURNAL OF LAW AND PSYCHIATRY","https://rss.sciencedirect.com/publication/science/01602527","feed-with-entries","200","rss","16","2026-10-04T13:04:57.699936+00:00","https://rss.sciencedirect.com/publication/science/01602527"
"8b4e0f6b1cd35004","INTERNATIONAL JOURNAL OF MACHINE TOOLS & MANUFACTURE","https://rss.sciencedirect.com/publication/science/08906955","feed-with-entries","200","rss","12","2026-10-04T13:04:58.267345+00:00","https://rss.sciencedirect.com/publication/science/08906955"
"64209e8c88147c56","International Journal of Marketing Communication and New Media","http://u3isjournal.isvouga.pt/index.php/ijmcnm/gateway/plugin/WebFeedGatewayPlugin/atom","feed-with-entries","200","atom","15","2026-10-04T12:59:12.781412+00:00","http://u3isjournal.isvouga.pt/index.php/ijmcnm/gateway/plugin/WebFeedGatewayPlugin/atom"
"efd7f9391b029bf6","INTERNATIONAL JOURNAL OF MECHANICAL SCIENCES","https://rss.sciencedirect.com/publication/science/00207403","feed-with-entries","200","rss","96","2026-10-04T13:04:58.985812+00:00","https://rss.sciencedirect.com/publication/science/00207403"
"528453a84a66df6f","International Journal of Multicultural Education","https://ijme-journal.org/index.php/ijme/gateway/plugin/WebFeedGatewayPlugin/atom","network-or-safety-error","","","","2026-10-04T12:56:03.226273+00:00",""
"3622250ea771bd90","INTERNATIONAL JOURNAL OF MULTIPHASE FLOW","https://rss.sciencedirect.com/publication/science/03019322","feed-with-entries","200","rss","74","2026-10-04T13:04:59.334953+00:00","https://rss.sciencedirect.com/publication/science/03019322"
"c09295496632c0d7","INTERNATIONAL JOURNAL OF NON-LINEAR MECHANICS","https://rss.sciencedirect.com/publication/science/00207462","feed-with-entries","200","rss","14","2026-10-04T13:05:00.359618+00:00","https://rss.sciencedirect.com/publication/science/00207462"
"01388b559222ffc6","INTERNATIONAL JOURNAL OF OBESITY","https://www.nature.com/ijo.rss","feed-with-entries","200","rdf","8","2026-10-04T13:02:09.414975+00:00","https://www.nature.com/ijo.rss?error=cookies_not_supported&code=c27cb472-75cd-4372-9d19-b5979f6bf933"
"14a1bec161d7be08","International Journal of Optimization and Control-Theories & Applications-IJOCTA","https://ijocta.org/index.php/files/gateway/plugin/AnnouncementFeedGatewayPlugin/atom","feed-with-entries","200","atom","12","2026-10-04T12:56:03.645204+00:00","https://ijocta.org/index.php/files/gateway/plugin/AnnouncementFeedGatewayPlugin/atom"
"561c7e5e6b9d2680","International Journal of Oral Science","https://www.nature.com/ijos.rss","feed-with-entries","200","rdf","8","2026-10-04T13:02:09.952820+00:00","https://www.nature.com/ijos.rss"
"6a78c691910c934b","International Journal of Pharmaceutics-X","https://rss.sciencedirect.com/publication/science/25901567","feed-with-entries","200","rss","100","2026-10-04T13:05:00.955301+00:00","https://rss.sciencedirect.com/publication/science/25901567"
"7ec642b531a130fb","International Journal of Population Data Science (IJPDS)","https://ijpds.org/gateway/plugin/WebFeedGatewayPlugin/atom","network-or-safety-error","","","","2026-10-04T12:56:04.094558+00:00",""
"3d08da57f7039b61","International Journal of Prognostics and Health Management","https://papers.phmsociety.org/index.php/ijphm/gateway/plugin/WebFeedGatewayPlugin/atom","feed-with-entries","200","atom","10","2026-10-04T12:57:22.741128+00:00","https://papers.phmsociety.org/index.php/ijphm/gateway/plugin/WebFeedGatewayPlugin/atom"
"632c6c83d852fe2d","INTERNATIONAL JOURNAL OF PROJECT MANAGEMENT","https://rss.sciencedirect.com/publication/science/02637863","feed-with-entries","200","rss","16","2026-10-04T13:05:01.311351+00:00","https://rss.sciencedirect.com/publication/science/02637863"
"238cfddcc8e87a2a","International Journal of Public Health","https://www.ssph-journal.org/journals/international-journal-of-public-health/rss","feed-with-entries","200","rss","20","2026-10-04T13:00:41.746690+00:00","https://www.ssph-journal.org/journals/international-journal-of-public-health/rss"
"e5f51d2600eec976","International Journal of Renewable Energy Research","https://www.ijrer.org/index.php/ijrer/gateway/plugin/AnnouncementFeedGatewayPlugin/atom","tls-or-network-error","","","","2026-10-04T12:59:58.397352+00:00",""
"d200afbb9c5ed144","INTERNATIONAL JOURNAL OF RESEARCH IN MARKETING","https://rss.sciencedirect.com/publication/science/01678116","feed-with-entries","200","rss","53","2026-10-04T13:05:01.899538+00:00","https://rss.sciencedirect.com/publication/science/01678116"
"d20887781360077f","INTERNATIONAL JOURNAL OF RIVER BASIN MANAGEMENT","https://rss.sciencedirect.com/publication/science/2213297X","feed-with-entries","200","rss","22","2026-10-04T13:05:03.050930+00:00","https://rss.sciencedirect.com/publication/science/2213297X"
"8fe276bb07bbd9f8","International Journal of the Commons","https://account.thecommonsjournal.org/index.php/up-j-ijc/gateway/plugin/WebFeedGatewayPlugin/atom","tls-or-network-error","","","","2026-10-04T12:54:32.526243+00:00",""
"e45c038a31262c14","International Journal of Womens Health","https://www.dovepress.com/feed/journal/45","feed-with-entries","200","rss","30","2026-10-04T13:01:49.650467+00:00","https://www.dovepress.com/feed/journal/45"
"574faa2838da00e8","International Review of Economics Education","https://rss.sciencedirect.com/publication/science/14773880","feed-with-entries","200","rss","21","2026-10-04T13:05:03.833311+00:00","https://rss.sciencedirect.com/publication/science/14773880"
"dfe9d7c88b4f686d","International Review of Research in Open and Distributed Learning","https://www.irrodl.org/index.php/irrodl/gateway/plugin/WebFeedGatewayPlugin/atom","network-or-safety-error","","","","2026-10-04T12:59:58.980604+00:00",""
"ec26db6aaba3ffac","International Review of Social Psychology","https://account.rips-irsp.com/index.php/up-j-irsp/gateway/plugin/WebFeedGatewayPlugin/atom","tls-or-network-error","","","","2026-10-04T12:54:22.760403+00:00",""
"dc0efd00253d727f","Internet Journal of Allied Health Sciences and Practice","https://nsuworks.nova.edu/ijahsp/recent.rss","feed-with-entries","200","rss","20","2026-10-04T12:57:03.519340+00:00","https://nsuworks.nova.edu/ijahsp/recent.rss"
"30f18f52ad94836a","Intersecciones en Antropologia","https://interseccionesantro.soc.unicen.edu.ar/index.php/intersecciones/gateway/plugin/WebFeedGatewayPlugin/atom","feed-with-entries","200","atom","1","2026-10-04T12:56:08.010687+00:00","https://interseccionesantro.soc.unicen.edu.ar/index.php/intersecciones/gateway/plugin/WebFeedGatewayPlugin/atom"
"c0f80882687fc9e5","Intersections-East European Journal of Society and Politics","https://intersections.tk.mta.hu/index.php/intersections/gateway/plugin/WebFeedGatewayPlugin/atom","feed-with-entries","200","atom","11","2026-10-04T12:56:08.455133+00:00","https://intersections.tk.mta.hu/index.php/intersections/gateway/plugin/WebFeedGatewayPlugin/atom"
"d429d9cd7a49fbf1","Intrecci d Arte","https://intreccidarte.unibo.it/gateway/plugin/AnnouncementFeedGatewayPlugin/atom","feed-with-entries","200","atom","3","2026-10-04T12:56:08.626770+00:00","https://intreccidarte.unibo.it/gateway/plugin/AnnouncementFeedGatewayPlugin/atom"
"dc38a9062432d9b4","Investigacion y Educacion en Enfermeria","https://revistas.udea.edu.co/index.php/iee/gateway/plugin/WebFeedGatewayPlugin/atom","network-or-safety-error","","","","2026-10-04T12:58:21.975441+00:00",""
"764df097125d2dc4","Investigaciones sobre Lectura","https://riuma.uma.es/rest/opensearch/search?format=atom&scope=c1c6ba50-3829-4fa0-a731-caef15973065&query=*","feed-with-entries","200","atom","10","2026-10-04T12:58:44.721461+00:00","https://riuma.uma.es/rest/opensearch/search?format=atom&scope=c1c6ba50-3829-4fa0-a731-caef15973065&query=*"
"cac4f9a8ce536aac","Investigaciones Turisticas","https://investigacionesturisticas.ua.es/gateway/plugin/WebFeedGatewayPlugin/atom","feed-with-entries","200","atom","16","2026-10-04T12:56:08.638322+00:00","https://investigacionesturisticas.ua.es/gateway/plugin/WebFeedGatewayPlugin/atom"
"ec88a6cd1f3756bb","Iranian Journal of Biotechnology","https://www.ijbiotech.com/ju.rss","access-blocked","403","","","2026-10-04T12:59:56.279835+00:00",""
"f278de107525303f","Iranian Journal of Catalysis","https://oiccpress.com/ijc/gateway/plugin/WebFeedGatewayPlugin/atom","feed-with-entries","200","atom","30","2026-10-04T13:00:58.524390+00:00","https://oiccpress.com/ijc/gateway/plugin/WebFeedGatewayPlugin/atom"
"67f74596bc00f4d5","Iranian Red Crescent Medical Journal","https://ircmj.com/ju.rss","access-blocked","403","","","2026-10-04T12:56:10.319717+00:00",""
"aa3f63c7f2f95c15","ISME Communications","https://www.nature.com/ismecomms.rss","feed-with-entries","200","rdf","8","2026-10-04T13:02:10.774991+00:00","https://www.nature.com/ismecomms.rss?error=cookies_not_supported&code=5213d0ce-74ed-4553-a4fb-331c48f60947"
"09e88a8314f46198","ISME Journal","https://www.nature.com/ismej.rss","feed-with-entries","200","rdf","8","2026-10-04T13:02:11.899070+00:00","https://www.nature.com/ismej.rss"
"cfc0b1c3aabedb71","ISRA International Journal of Islamic Finance","https://journal.inceif.edu.my/index.php/ijif/gateway/plugin/WebFeedGatewayPlugin/atom","feed-with-entries","200","atom","10","2026-10-04T12:56:23.138074+00:00","https://journal.inceif.edu.my/index.php/ijif/gateway/plugin/WebFeedGatewayPlugin/atom"
"c7914bf64d6468df","Istanbul Universitesi Sosyoloji Dergisi-Istanbul University Journal of Sociology","https://doaj.org/feed","feed-with-entries","200","atom","100","2026-10-04T12:55:18.573650+00:00","https://doaj.org/feed"
"090edd8601f6a20c","Italian Journal of Engineering Geology and Environment","https://rosa.uniroma1.it/rosa02/engineering_geology_environment/gateway/plugin/WebFeedGatewayPlugin/atom","feed-with-entries","200","atom","6","2026-10-04T13:01:21.920822+00:00","https://rosa.uniroma1.it/rosa02/engineering_geology_environment/gateway/plugin/WebFeedGatewayPlugin/atom"
"f59cf415066eca46","ITALIAN JOURNAL OF FOOD SCIENCE","https://www.itjfs.com/index.php/ijfs/gateway/plugin/WebFeedGatewayPlugin/atom","feed-with-entries","200","atom","7","2026-10-04T12:59:59.980136+00:00","https://www.itjfs.com/index.php/ijfs/en/gateway/plugin/WebFeedGatewayPlugin/atom"
"3e22ca6560e76668","Italian Journal of Medicine","https://www.italjmed.org/ijm/gateway/plugin/WebFeedGatewayPlugin/atom","feed-with-entries","200","atom","3","2026-10-04T12:59:59.948026+00:00","https://www.italjmed.org/ijm/gateway/plugin/WebFeedGatewayPlugin/atom"
"183344ef057f5948","Ius Canonicum","https://revistas.unav.edu/index.php/ius-canonicum/gateway/plugin/WebFeedGatewayPlugin/atom","feed-with-entries","200","atom","30","2026-10-04T13:01:21.007440+00:00","https://revistas.unav.edu/index.php/ius-canonicum/gateway/plugin/WebFeedGatewayPlugin/atom"
"a60819308c21a8fc","Ius Humani-Revista de Derecho","https://iushumani.org/index.php/iushumani/gateway/plugin/WebFeedGatewayPlugin/atom","feed-with-entries","200","atom","4","2026-10-04T12:56:10.506538+00:00","https://www.iushumani.org/index.php/iushumani/gateway/plugin/WebFeedGatewayPlugin/atom"
"919658c734ab2f91","Izvestiya Instituta Matematiki i Informatiki-Udmurtskogo Gosudarstvennogo Universiteta","https://journals.udsu.ru/mathematics/gateway/plugin/WebFeedGatewayPlugin/atom","feed-with-entries","200","atom","9","2026-10-04T12:56:39.456519+00:00","https://journals.udsu.ru/mathematics/gateway/plugin/WebFeedGatewayPlugin/atom"
"6d7d54b81f5fe77c","Jamba-Journal of Disaster Risk Studies","https://jamba.org.za/index.php/jamba/gateway/plugin/WebFeedGatewayPlugin/atom","feed-with-entries","200","atom","10","2026-10-04T12:56:10.986246+00:00","https://jamba.org.za/index.php/jamba/gateway/plugin/WebFeedGatewayPlugin/atom"
"32b7373b29f31a11","JAPAN AND THE WORLD ECONOMY","https://rss.sciencedirect.com/publication/science/09221425","feed-with-entries","200","rss","10","2026-10-04T13:05:04.554720+00:00","https://rss.sciencedirect.com/publication/science/09221425"
"3db057e2991d4c1a","Japanese Dental Science Review","https://rss.sciencedirect.com/publication/science/18827616","feed-with-entries","200","rss","51","2026-10-04T13:05:05.190664+00:00","https://rss.sciencedirect.com/publication/science/18827616"
"ef2b3e83e018af08","JATI-Journal of Southeast Asian Studies","https://jati.um.edu.my/index.php/jati/gateway/plugin/WebFeedGatewayPlugin/atom","feed-with-entries","200","atom","30","2026-10-04T12:56:11.088166+00:00","https://jati.um.edu.my/index.php/jati/gateway/plugin/WebFeedGatewayPlugin/atom"
"02dd9a3ad0308433","JCI Insight","https://insight.jci.org/rss","feed-with-entries","200","rss","25","2026-10-04T12:56:07.425278+00:00","https://insight.jci.org/rss"
"3ebca8f5710297ed","Jeu-Revue de Theatre","https://revuejeu.org/feed/","feed-with-entries","200","rss","8","2026-10-04T12:58:43.058195+00:00","https://revuejeu.org/feed/"
"5c00ffdc2fbfde48","JFR-Journal of Family Research","https://ubp.uni-bamberg.de/jfr/index.php/jfr/gateway/plugin/WebFeedGatewayPlugin/atom","feed-with-entries","200","atom","24","2026-10-04T12:59:13.142666+00:00","https://ubp.uni-bamberg.de/jfr/index.php/jfr/gateway/plugin/WebFeedGatewayPlugin/atom"
"ddd64c3d9a37176f","JMIR Aging","https://aging.jmir.org/feed/atom","feed-with-entries","200","atom","10","2026-10-04T12:54:36.300840+00:00","https://aging.jmir.org/feed/atom"
"b3109b5d5e7a6623","JMIR Cancer","https://cancer.jmir.org/feed/atom","feed-with-entries","200","atom","10","2026-10-04T12:55:00.292910+00:00","https://cancer.jmir.org/feed/atom"
"5c290f866db47419","JMIR Formative Research","https://formative.jmir.org/feed/atom","feed-with-entries","200","atom","10","2026-10-04T12:55:42.117340+00:00","https://formative.jmir.org/feed/atom"
"2fd78fbbdc2758d3","JMIR Human Factors","https://humanfactors.jmir.org/feed/atom","feed-with-entries","200","atom","10","2026-10-04T12:55:54.552379+00:00","https://humanfactors.jmir.org/feed/atom"
"9a9a4d6149b7fb62","JMIR Infodemiology","https://infodemiology.jmir.org/feed/atom","feed-with-entries","200","atom","10","2026-10-04T12:56:06.940024+00:00","https://infodemiology.jmir.org/feed/atom"
"541c69edaddd1207","JMIR Medical Informatics","https://medinform.jmir.org/feed/atom","feed-with-entries","200","atom","10","2026-10-04T12:56:57.180582+00:00","https://medinform.jmir.org/feed/atom"
"11a00d6f84f4ad59","JMIR Mental Health","https://mental.jmir.org/feed/atom","feed-with-entries","200","atom","10","2026-10-04T12:56:57.440364+00:00","https://mental.jmir.org/feed/atom"
"7e22d7e9ca618311","JMIR mHealth and uHealth","https://mhealth.jmir.org/feed/atom","feed-with-entries","200","atom","10","2026-10-04T12:56:58.091681+00:00","https://mhealth.jmir.org/feed/atom"
"d9d405d8f24dc052","JMIR Pediatrics and Parenting","https://pediatrics.jmir.org/feed/atom","feed-with-entries","200","atom","10","2026-10-04T12:57:25.783766+00:00","https://pediatrics.jmir.org/feed/atom"
"965244f9aff9e562","JMIR Public Health and Surveillance","https://publichealth.jmir.org/feed/atom","feed-with-entries","200","atom","10","2026-10-04T12:57:44.376088+00:00","https://publichealth.jmir.org/feed/atom"
"a5a6adb329dda7e2","JMIR Research Protocols","https://www.researchprotocols.org/feed/atom","feed-with-entries","200","atom","10","2026-10-04T13:00:28.487047+00:00","https://www.researchprotocols.org/feed/atom"
"cf7ac18f853c40f4","JMIR Serious Games","https://games.jmir.org/feed/atom","feed-with-entries","200","atom","10","2026-10-04T12:55:44.877197+00:00","https://games.jmir.org/feed/atom"
"f94898544c224c7e","JNP- The Journal for Nurse Practitioners","https://rss.sciencedirect.com/publication/science/15554155","feed-with-entries","200","rss","40","2026-10-04T13:05:05.828797+00:00","https://rss.sciencedirect.com/publication/science/15554155"
"d86cbe4945fdb9d4","JNT-JOURNAL OF NARRATIVE THEORY","https://journalofnarrativetheory.com/feed/","feed-with-entries","200","rss","10","2026-10-04T12:56:28.223747+00:00","https://journalofnarrativetheory.com/feed/"
"443bca91a048a6a0","Jordan Journal of Chemistry","https://jjc.yu.edu.jo/index.php/jjc/gateway/plugin/WebFeedGatewayPlugin/atom","feed-with-entries","200","atom","7","2026-10-04T12:56:17.345460+00:00","https://jjc.yu.edu.jo/index.php/jjc/gateway/plugin/WebFeedGatewayPlugin/atom"
"e3842bd614005651","Jordan Journal of Mathematics and Statistics","https://jjms.yu.edu.jo/index.php/jjms/gateway/plugin/WebFeedGatewayPlugin/atom","feed-with-entries","200","atom","7","2026-10-04T12:56:18.498718+00:00","https://jjms.yu.edu.jo/index.php/jjms/gateway/plugin/WebFeedGatewayPlugin/atom"
"9fe22bb71df7565f","Jordan Journal of Modern Languages & Literature","https://jjmll.yu.edu.jo/index.php/jjmll/gateway/plugin/WebFeedGatewayPlugin/atom","feed-with-entries","200","atom","21","2026-10-04T12:56:17.493588+00:00","https://jjmll.yu.edu.jo/index.php/jjmll/gateway/plugin/WebFeedGatewayPlugin/atom"
"b7a1a522a2615e06","Journal de l Ecole Polytechnique-Mathematiques","https://jep.math.cnrs.fr/index.php/JEP/gateway/plugin/WebFeedGatewayPlugin/atom","feed-with-entries","200","atom","34","2026-10-04T12:56:14.402405+00:00","https://jep.math.cnrs.fr/index.php/JEP/gateway/plugin/WebFeedGatewayPlugin/atom"
"a0c44ae2d6fb0489","JOURNAL DE MATHEMATIQUES PURES ET APPLIQUEES","https://rss.sciencedirect.com/publication/science/00217824","feed-with-entries","200","rss","16","2026-10-04T13:05:06.546681+00:00","https://rss.sciencedirect.com/publication/science/00217824"
"093796eed102ef1e","Journal for Critical Education Policy Studies","https://jceps.com/comments/feed/","feed-with-entries","200","rss","5","2026-10-04T12:56:12.044996+00:00","https://jceps.com/comments/feed/"
"663d0b73daeb29c7","JOURNAL FOR NATURE CONSERVATION","https://rss.sciencedirect.com/publication/science/16171381","feed-with-entries","200","rss","76","2026-10-04T13:05:07.280114+00:00","https://rss.sciencedirect.com/publication/science/16171381"
"33b98f6d841e5037","JOURNAL FOR THE STUDY OF RELIGIONS AND IDEOLOGIES","https://thenewjsri.ro/index.php/njsri/gateway/plugin/WebFeedGatewayPlugin/atom","feed-with-entries","200","atom","7","2026-10-04T12:59:08.412904+00:00","https://thenewjsri.ro/index.php/njsri/gateway/plugin/WebFeedGatewayPlugin/atom"
"0682f9f012e66448","Journal fur Kulturpflanzen","https://ojs.openagrar.de/index.php/Kulturpflanzenjournal/gateway/plugin/WebFeedGatewayPlugin/atom","feed-with-entries","200","atom","30","2026-10-04T12:57:10.777755+00:00","https://ojs.openagrar.de/index.php/Kulturpflanzenjournal/gateway/plugin/WebFeedGatewayPlugin/atom"
"9c7bc2db2adabdf6","JOURNAL OF ACCOUNTING & ECONOMICS","https://rss.sciencedirect.com/publication/science/01654101","feed-with-entries","200","rss","51","2026-10-04T13:05:07.630859+00:00","https://rss.sciencedirect.com/publication/science/01654101"
"e1bf6fa8d3c0a390","Journal of Adolescent Health","https://rss.sciencedirect.com/publication/science/1054139X","feed-with-entries","200","rss","78","2026-10-04T13:05:08.218529+00:00","https://rss.sciencedirect.com/publication/science/1054139X"
"a76202835c22f9a4","JOURNAL OF AEROSOL SCIENCE","https://rss.sciencedirect.com/publication/science/00218502","feed-with-entries","200","rss","19","2026-10-04T13:05:08.839502+00:00","https://rss.sciencedirect.com/publication/science/00218502"
"26e15e573602f041","JOURNAL OF AGRICULTURAL ECONOMICS","https://rss.sciencedirect.com/publication/science/07437315","feed-with-entries","200","rss","17","2026-10-04T13:05:09.456683+00:00","https://rss.sciencedirect.com/publication/science/07437315"
"ba419969ccf9e181","Journal of Agricultural Engineering","https://www.agroengineering.org/jae/gateway/plugin/WebFeedGatewayPlugin/atom","feed-with-entries","200","atom","11","2026-10-04T12:59:20.763294+00:00","https://www.agroengineering.org/jae/gateway/plugin/WebFeedGatewayPlugin/atom"
"b7267ba9df044b0d","Journal of Agriculture and Environment for International Development","https://www.jaeid.it/index.php/jaeid/gateway/plugin/WebFeedGatewayPlugin/atom","feed-with-entries","200","atom","15","2026-10-04T13:00:01.922191+00:00","https://www.jaeid.it/index.php/jaeid/gateway/plugin/WebFeedGatewayPlugin/atom"
"4e403f1cca72f699","JOURNAL OF AIR TRANSPORT MANAGEMENT","https://rss.sciencedirect.com/publication/science/09696997","feed-with-entries","200","rss","30","2026-10-04T13:05:10.488116+00:00","https://rss.sciencedirect.com/publication/science/09696997"
"d2ea603a0fd3f309","Journal of Al-Tamaddun","https://ijie.um.edu.my/index.php/JAT/gateway/plugin/WebFeedGatewayPlugin/atom","feed-with-entries","200","atom","30","2026-10-04T13:00:53.792018+00:00","https://ijie.um.edu.my/index.php/JAT/gateway/plugin/WebFeedGatewayPlugin/atom"
"56d17313b6bc7071","Journal of Alloys and Compounds","https://rss.sciencedirect.com/publication/science/09258388","feed-with-entries","200","rss","100","2026-10-04T13:05:11.694400+00:00","https://rss.sciencedirect.com/publication/science/09258388"
"07766f49e44007bb","JOURNAL OF ANALYTICAL AND APPLIED PYROLYSIS","https://rss.sciencedirect.com/publication/science/01652370","feed-with-entries","200","rss","100","2026-10-04T13:05:12.907632+00:00","https://rss.sciencedirect.com/publication/science/01652370"
"b0c49f4fd9840d9f","Journal of Animal Behaviour and Biometeorology","https://malque.pub/ojs/index.php/jabb/gateway/plugin/WebFeedGatewayPlugin/atom","feed-with-entries","200","atom","3","2026-10-04T12:56:54.498721+00:00","https://malque.pub/ojs/index.php/jabb/gateway/plugin/WebFeedGatewayPlugin/atom"
"5bde3ac735073420","JOURNAL OF ANTHROPOLOGICAL ARCHAEOLOGY","https://rss.sciencedirect.com/publication/science/02784165","feed-with-entries","200","rss","19","2026-10-04T13:05:13.281044+00:00","https://rss.sciencedirect.com/publication/science/02784165"
"97ce8ae19c725dcb","JOURNAL OF ANTIBIOTICS","https://www.nature.com/ja.rss","feed-with-entries","200","rdf","8","2026-10-04T13:02:13.300827+00:00","https://www.nature.com/ja.rss?error=cookies_not_supported&code=f0d44f46-50cd-4bf4-b3a8-528c2e01cc90"
"861b4a16869afa94","Journal of Applied Fluid Mechanics","https://www.jafmonline.net/ju.rss","feed-with-entries","200","rss","20","2026-10-04T13:00:02.048854+00:00","https://www.jafmonline.net/ju.rss"
"f975d32eb3bb7b0e","JOURNAL OF APPLIED GEOPHYSICS","https://rss.sciencedirect.com/publication/science/09269851","feed-with-entries","200","rss","100","2026-10-04T13:05:13.838688+00:00","https://rss.sciencedirect.com/publication/science/09269851"
"b1d4f176e1c9e5d9","JOURNAL OF APPROXIMATION THEORY","https://rss.sciencedirect.com/publication/science/00219045","feed-with-entries","200","rss","9","2026-10-04T13:05:14.175805+00:00","https://rss.sciencedirect.com/publication/science/00219045"
"c775762b59c698c2","JOURNAL OF ARTIFICIAL INTELLIGENCE RESEARCH","https://www.jair.org/index.php/jair/gateway/plugin/WebFeedGatewayPlugin/atom","network-or-safety-error","","","","2026-10-04T13:00:02.056129+00:00",""
"aa11c5cf25fc86aa","Journal of Asia-Pacific Biodiversity","https://rss.sciencedirect.com/publication/science/2287884X","feed-with-entries","200","rss","75","2026-10-04T13:05:14.700922+00:00","https://rss.sciencedirect.com/publication/science/2287884X"
"9d3e32b45e9424c5","JOURNAL OF ASIAN EARTH SCIENCES","https://rss.sciencedirect.com/publication/science/13679120","feed-with-entries","200","rss","74","2026-10-04T13:05:15.250152+00:00","https://rss.sciencedirect.com/publication/science/13679120"
"eb96643bdf893e09","Journal of Banking and Finance Law and Practice","https://rss.sciencedirect.com/publication/science/03784266","feed-with-entries","200","rss","48","2026-10-04T13:05:15.595316+00:00","https://rss.sciencedirect.com/publication/science/03784266"
"9ebbc08ea97da283","Journal of Behavioral and Cognitive Therapy","https://rss.sciencedirect.com/publication/science/25899791","feed-with-entries","200","rss","39","2026-10-04T13:05:15.940368+00:00","https://rss.sciencedirect.com/publication/science/25899791"
"ea6009d8575a5f52","Journal of Behavioral and Experimental Economics","https://rss.sciencedirect.com/publication/science/22148043","feed-with-entries","200","rss","38","2026-10-04T13:05:16.311516+00:00","https://rss.sciencedirect.com/publication/science/22148043"
"d6e1d3cf9873c77d","Journal of Behavioral Science","https://so06.tci-thaijo.org/index.php/IJBS/gateway/plugin/WebFeedGatewayPlugin/atom","feed-with-entries","200","atom","9","2026-10-04T12:59:02.032022+00:00","https://so06.tci-thaijo.org/index.php/IJBS/gateway/plugin/WebFeedGatewayPlugin/atom"
"02d20af2bf9f35eb","Journal of Biomimetics Biomaterials and Biomedical Engineering","https://www.scientific.net/JBBBE/Rss","feed-with-entries","200","rss","13","2026-10-04T13:01:14.104693+00:00","https://www.scientific.net/JBBBE/Rss"
"9f5161e3b0f558d1","JOURNAL OF CARDIOVASCULAR SURGERY","https://rss.sciencedirect.com/publication/science/00225223","feed-with-entries","200","rss","100","2026-10-04T13:05:16.658187+00:00","https://rss.sciencedirect.com/publication/science/00225223"
"835ecf6920a9c80d","Journal of Cereal Science","https://rss.sciencedirect.com/publication/science/07335210","feed-with-entries","200","rss","38","2026-10-04T13:05:17.244573+00:00","https://rss.sciencedirect.com/publication/science/07335210"
"f7bd55c630577b4a","JOURNAL OF CHEMICAL NEUROANATOMY","https://rss.sciencedirect.com/publication/science/08910618","feed-with-entries","200","rss","9","2026-10-04T13:05:17.633790+00:00","https://rss.sciencedirect.com/publication/science/08910618"
"5ecbea0b4238738d","JOURNAL OF CHEMICAL THERMODYNAMICS","https://rss.sciencedirect.com/publication/science/00219614","feed-with-entries","200","rss","17","2026-10-04T13:05:18.252645+00:00","https://rss.sciencedirect.com/publication/science/00219614"
"c4c48d1b427a7f76","Journal of Childhood Studies","https://journals.uvic.ca/index.php/jcs/gateway/plugin/WebFeedGatewayPlugin/atom","feed-with-entries","200","atom","11","2026-10-04T12:56:40.331975+00:00","https://journals.uvic.ca/index.php/jcs/gateway/plugin/WebFeedGatewayPlugin/atom"
"39e305d97ca330d9","Journal of Choice Modelling","https://rss.sciencedirect.com/publication/science/17555345","feed-with-entries","200","rss","11","2026-10-04T13:05:18.789700+00:00","https://rss.sciencedirect.com/publication/science/17555345"
"bacac766ce1e323d","JOURNAL OF CHROMATOGRAPHY A","https://rss.sciencedirect.com/publication/science/00219673","feed-with-entries","200","rss","100","2026-10-04T13:05:19.144036+00:00","https://rss.sciencedirect.com/publication/science/00219673"
"873fb665ad95eef1","Journal of Clinical and Diagnostic Research","http://jcdr.net/rss.aspx","feed-with-entries","200","rss","127","2026-10-04T12:56:11.549749+00:00","https://jcdr.net/rss.aspx"
"5a1917060778e1b1","Journal of Clinical and Experimental Hepatology","https://rss.sciencedirect.com/publication/science/09736883","feed-with-entries","200","rss","46","2026-10-04T13:05:19.676759+00:00","https://rss.sciencedirect.com/publication/science/09736883"
"ea5c02242fe1cd79","JOURNAL OF CLINICAL INVESTIGATION","https://www.jci.org/rss","feed-with-entries","200","rss","45","2026-10-04T13:00:02.313183+00:00","https://www.jci.org/rss"
"02362d39ac07e65b","Journal of Clinical Tuberculosis and Other Mycobacterial Diseases","https://rss.sciencedirect.com/publication/science/24055794","feed-with-entries","200","rss","40","2026-10-04T13:05:20.418035+00:00","https://rss.sciencedirect.com/publication/science/24055794"
"364ed3a5957be2f5","JOURNAL OF COMBINATORIAL THEORY SERIES A","https://rss.sciencedirect.com/publication/science/00973165","feed-with-entries","200","rss","7","2026-10-04T13:05:20.900855+00:00","https://rss.sciencedirect.com/publication/science/00973165"
"ed226714a4164ab1","JOURNAL OF COMBINATORIAL THEORY SERIES B","https://rss.sciencedirect.com/publication/science/00958956","feed-with-entries","200","rss","9","2026-10-04T13:05:21.328680+00:00","https://rss.sciencedirect.com/publication/science/00958956"
"1c07366e46a7c720","Journal of Commodity Markets","https://rss.sciencedirect.com/publication/science/24058513","feed-with-entries","200","rss","17","2026-10-04T13:05:21.949694+00:00","https://rss.sciencedirect.com/publication/science/24058513"
"66d7e5461031466a","JOURNAL OF COMPARATIVE ECONOMICS","https://rss.sciencedirect.com/publication/science/01475967","feed-with-entries","200","rss","59","2026-10-04T13:05:23.169885+00:00","https://rss.sciencedirect.com/publication/science/01475967"
"ce8a1d9edb6163ee","JOURNAL OF COMPARATIVE PATHOLOGY","https://rss.sciencedirect.com/publication/science/00219975","feed-with-entries","200","rss","18","2026-10-04T13:05:24.739965+00:00","https://rss.sciencedirect.com/publication/science/00219975"
"dee98904f527e71a","JOURNAL OF COMPUTATIONAL PHYSICS","https://rss.sciencedirect.com/publication/science/00219991","feed-with-entries","200","rss","88","2026-10-04T13:05:25.444585+00:00","https://rss.sciencedirect.com/publication/science/00219991"
"97aec43d42b41bcc","Journal of Computer Languages","https://rss.sciencedirect.com/publication/science/25901184","feed-with-entries","200","rss","7","2026-10-04T13:05:26.292837+00:00","https://rss.sciencedirect.com/publication/science/25901184"
"d217c02e6a51105a","JOURNAL OF CONSCIOUSNESS STUDIES","https://api.ingentaconnect.com/content/imp/jcs/latest?format=rss","access-blocked","403","","","2026-10-04T13:01:14.442701+00:00",""
"d5470ec70a24d775","Journal of Contemporary European Research","https://jcer.net/index.php/jcer/gateway/plugin/WebFeedGatewayPlugin/atom","feed-with-entries","200","atom","7","2026-10-04T12:56:12.101303+00:00","https://jcer.net/index.php/jcer/gateway/plugin/WebFeedGatewayPlugin/atom"
"eb46bcda4fce942e","JOURNAL OF CRANIO-MAXILLOFACIAL SURGERY","https://rss.sciencedirect.com/publication/science/10105182","feed-with-entries","200","rss","49","2026-10-04T13:05:27.110077+00:00","https://rss.sciencedirect.com/publication/science/10105182"
"ca0bfe10dea05dd8","Journal of Criminal Psychology","https://rss.sciencedirect.com/publication/science/02643707","feed-with-entries","200","rss","14","2026-10-04T13:05:27.982874+00:00","https://rss.sciencedirect.com/publication/science/02643707"
"a7dae92f3e29f61e","Journal of Dentistry Indonesia","https://scholarhub.ui.ac.id/jdi/recent.rss","feed-with-entries","200","rss","20","2026-10-04T13:01:22.589433+00:00","https://scholarhub.ui.ac.id/jdi/recent.rss"
"2a5c4e2c36623645","Journal of Destination Marketing & Management","https://rss.sciencedirect.com/publication/science/2212571X","feed-with-entries","200","rss","36","2026-10-04T13:05:29.024386+00:00","https://rss.sciencedirect.com/publication/science/2212571X"
"3562a9a75dca270a","Journal of E-Learning and Knowledge Society","https://www.je-lks.org/ojs/index.php/Je-LKS_EN/gateway/plugin/WebFeedGatewayPlugin/atom","not-feed-xml","200","","","2026-10-04T13:00:03.038049+00:00","https://www.je-lks.org/ojs/index.php/Je-LKS_EN/gateway/plugin/WebFeedGatewayPlugin/atom"
"1f2614f8a5645c87","Journal of Economic Integration","https://www.e-jei.org/journal/rss/xml/feed.xml","feed-with-entries","200","rss","836","2026-10-04T12:59:43.052078+00:00","https://www.e-jei.org/journal/rss/xml/feed.xml"
"5d5b2d9180d8b420","Journal of Education Culture and Society","https://jecs.pl/index.php/jecs/gateway/plugin/WebFeedGatewayPlugin/atom","feed-with-entries","200","atom","30","2026-10-04T12:56:14.227620+00:00","https://jecs.pl/index.php/jecs/gateway/plugin/WebFeedGatewayPlugin/atom"
"26d70d29e620c5ac","Journal of Educational Cultural and Psychological Studies","https://www.ledonline.it/index.php/ECPS-Journal/gateway/plugin/WebFeedGatewayPlugin/atom","feed-with-entries","200","atom","10","2026-10-04T13:00:09.794435+00:00","https://www.ledonline.it/index.php/ECPS-Journal/gateway/plugin/WebFeedGatewayPlugin/atom"
"fe2f47f2dd35f0f5","Journal of Electrocardiology","https://rss.sciencedirect.com/publication/science/00220736","feed-with-entries","200","rss","72","2026-10-04T13:05:29.763894+00:00","https://rss.sciencedirect.com/publication/science/00220736"
"bd188d84dd065f22","Journal of Electrochemical Science and Engineering","https://pub.iapchem.org/ojs/index.php/JESE/gateway/plugin/WebFeedGatewayPlugin/atom","feed-with-entries","200","atom","30","2026-10-04T13:01:02.802994+00:00","https://pub.iapchem.org/ojs/index.php/JESE/gateway/plugin/WebFeedGatewayPlugin/atom"
"62f3a8a3e8f11d9b","JOURNAL OF ELECTRON SPECTROSCOPY AND RELATED PHENOMENA","https://rss.sciencedirect.com/publication/science/03682048","feed-with-entries","200","rss","8","2026-10-04T13:05:30.587799+00:00","https://rss.sciencedirect.com/publication/science/03682048"
"7133b727cef4be1c","Journal of EndoVascular Resuscitation and Trauma Management","https://publicera.kb.se/jevtm/gateway/plugin/WebFeedGatewayPlugin/atom","feed-with-entries","200","atom","7","2026-10-04T13:01:03.423619+00:00","https://publicera.kb.se/jevtm/gateway/plugin/WebFeedGatewayPlugin/atom"
"ea6ad33033907132","Journal of Energy Chemistry","https://rss.sciencedirect.com/publication/science/20954956","feed-with-entries","200","rss","100","2026-10-04T13:05:31.351403+00:00","https://rss.sciencedirect.com/publication/science/20954956"
"adbe48e637f0c330","Journal of Energy in Southern Africa","https://energyjournal.africa/gateway/plugin/WebFeedGatewayPlugin/atom","network-or-safety-error","","","","2026-10-04T12:55:29.284302+00:00",""
"2004a57b4790d3e2","Journal of Energy Storage","https://rss.sciencedirect.com/publication/science/2352152X","feed-with-entries","200","rss","100","2026-10-04T13:05:31.937889+00:00","https://rss.sciencedirect.com/publication/science/2352152X"
"d2f46d2740505461","JOURNAL OF ENVIRONMENTAL ECONOMICS AND MANAGEMENT","https://rss.sciencedirect.com/publication/science/00950696","feed-with-entries","200","rss","25","2026-10-04T13:05:32.540118+00:00","https://rss.sciencedirect.com/publication/science/00950696"
"92dd7e0b851d9e03","JOURNAL OF EQUINE VETERINARY SCIENCE","https://rss.sciencedirect.com/publication/science/07370806","feed-with-entries","200","rss","69","2026-10-04T13:05:33.213796+00:00","https://rss.sciencedirect.com/publication/science/07370806"
"2439bf9f4da60b7c","Journal of Exercise Rehabilitation","https://www.e-jer.org/journal/rss/xml/feed.xml","feed-with-entries","200","rss","19","2026-10-04T12:59:43.517223+00:00","https://www.e-jer.org/journal/rss/xml/feed.xml"
"65568c725f1a2671","JOURNAL OF EXPERIMENTAL MARINE BIOLOGY AND ECOLOGY","https://rss.sciencedirect.com/publication/science/00220981","feed-with-entries","200","rss","10","2026-10-04T13:05:34.058739+00:00","https://rss.sciencedirect.com/publication/science/00220981"
"c33f28460b58f35a","Journal of Exposure Science and Environmental Epidemiology","https://www.nature.com/jes.rss","feed-with-entries","200","rdf","8","2026-10-04T13:02:14.748216+00:00","https://www.nature.com/jes.rss"
"0456f60584cfa6f5","Journal of Eye Movement Research","https://bop.unibe.ch/JEMR/gateway/plugin/WebFeedGatewayPlugin/atom","feed-with-entries","200","atom","30","2026-10-04T12:54:58.474210+00:00","https://bop.unibe.ch/JEMR/gateway/plugin/WebFeedGatewayPlugin/atom"
"4f62c88c8e34e3a4","Journal of Family Business Strategy","https://rss.sciencedirect.com/publication/science/18778585","feed-with-entries","200","rss","7","2026-10-04T13:05:34.796656+00:00","https://rss.sciencedirect.com/publication/science/18778585"
"a3b2c3f71c9dc323","Journal of Feminist Scholarship","https://digitalcommons.uri.edu/jfs/recent.rss","feed-with-entries","200","rss","20","2026-10-04T12:55:17.354144+00:00","https://digitalcommons.uri.edu/jfs/recent.rss"
"6b9a5a027dc16604","JOURNAL OF FINANCIAL INTERMEDIATION","https://rss.sciencedirect.com/publication/science/10429573","feed-with-entries","200","rss","10","2026-10-04T13:05:35.449713+00:00","https://rss.sciencedirect.com/publication/science/10429573"
"d883fc53cbe4212e","Journal of Financial Stability","https://rss.sciencedirect.com/publication/science/15723089","feed-with-entries","200","rss","17","2026-10-04T13:05:36.236642+00:00","https://rss.sciencedirect.com/publication/science/15723089"
"55bd9d00c3e6d7ba","JOURNAL OF FLUENCY DISORDERS","https://rss.sciencedirect.com/publication/science/0094730X","feed-with-entries","200","rss","20","2026-10-04T13:05:36.740088+00:00","https://rss.sciencedirect.com/publication/science/0094730X"
"2bfeba2a1bbe54a4","JOURNAL OF FOOD PROTECTION","https://rss.sciencedirect.com/publication/science/0362028X","feed-with-entries","200","rss","53","2026-10-04T13:05:37.099543+00:00","https://rss.sciencedirect.com/publication/science/0362028X"
"a1ed9a2e50ef30ec","Journal of French and Francophone Philosophy","https://www.jffp.org/ojs/jffp/gateway/plugin/WebFeedGatewayPlugin/atom","feed-with-entries","200","atom","15","2026-10-04T13:00:03.753102+00:00","https://www.jffp.org/ojs/jffp/gateway/plugin/WebFeedGatewayPlugin/atom"
"8b39a0d03e36841f","Journal of Future Foods","https://rss.sciencedirect.com/publication/science/27725669","feed-with-entries","200","rss","95","2026-10-04T13:05:37.607785+00:00","https://rss.sciencedirect.com/publication/science/27725669"
"be8ca3cba014ff6b","Journal of Gastrointestinal and Liver Diseases","https://jgld.ro/jgld/index.php/jgld/gateway/plugin/WebFeedGatewayPlugin/atom","tls-or-network-error","","","","2026-10-04T12:56:15.889017+00:00",""
"a99e706869b52cbd","JOURNAL OF GENETICS","https://rss.sciencedirect.com/publication/science/16738527","feed-with-entries","200","rss","71","2026-10-04T13:05:38.168635+00:00","https://rss.sciencedirect.com/publication/science/16738527"
"bd47a59be0c043a5","JOURNAL OF GEOMETRY AND PHYSICS","https://rss.sciencedirect.com/publication/science/03930440","feed-with-entries","200","rss","45","2026-10-04T13:05:38.908241+00:00","https://rss.sciencedirect.com/publication/science/03930440"
"8e6fa7db4b9011c7","Journal of Geosciences","http://www.jgeosci.org/jgeosci.rss","feed-with-entries","200","rss","4","2026-10-04T13:00:04.823509+00:00","https://www.jgeosci.org/jgeosci.rss"
"9ef66775de4115b3","Journal of Gerontology and Geriatrics","https://www.jgerontology-geriatrics.com/gateway/plugin/WebFeedGatewayPlugin/atom","tls-or-network-error","","","","2026-10-04T13:00:04.837758+00:00",""
"0bf4d21a80dc5c9e","JOURNAL OF GREAT LAKES RESEARCH","https://rss.sciencedirect.com/publication/science/03801330","feed-with-entries","200","rss","79","2026-10-04T13:05:39.818454+00:00","https://rss.sciencedirect.com/publication/science/03801330"
"ce01b631ee59a8bc","Journal of Hand and Microsurgery","https://rss.sciencedirect.com/publication/science/09743227","feed-with-entries","200","rss","17","2026-10-04T13:05:40.393682+00:00","https://rss.sciencedirect.com/publication/science/09743227"
"641b69fd087f9c01","Journal of Happiness Studies","https://rss.sciencedirect.com/publication/science/00472484","feed-with-entries","200","rss","13","2026-10-04T13:05:41.201181+00:00","https://rss.sciencedirect.com/publication/science/00472484"
"79c7367f4802c550","Journal of Healthcare Quality Research","https://rss.sciencedirect.com/publication/science/26036479","feed-with-entries","200","rss","14","2026-10-04T13:05:41.978240+00:00","https://rss.sciencedirect.com/publication/science/26036479"
"b1dffd67d2c64d47","Journal of Hepatocellular Carcinoma","https://www.dovepress.com/feed/journal/148","feed-with-entries","200","rss","30","2026-10-04T13:01:50.484194+00:00","https://www.dovepress.com/feed/journal/148"
"e80d88710393b9fa","Journal of Herbal Medicine","https://rss.sciencedirect.com/publication/science/00222496","feed-with-entries","200","rss","17","2026-10-04T13:05:42.559627+00:00","https://rss.sciencedirect.com/publication/science/00222496"
"aa5edc9602dc4d7c","JOURNAL OF HISTORICAL GEOGRAPHY","https://rss.sciencedirect.com/publication/science/03057488","feed-with-entries","200","rss","52","2026-10-04T13:05:43.176813+00:00","https://rss.sciencedirect.com/publication/science/03057488"
"38102b3f6f84267c","Journal of Hospitality and Tourism Management","https://rss.sciencedirect.com/publication/science/14476770","feed-with-entries","200","rss","82","2026-10-04T13:05:43.970071+00:00","https://rss.sciencedirect.com/publication/science/14476770"
"a88711a41c6d10ee","JOURNAL OF HOUSING ECONOMICS","https://rss.sciencedirect.com/publication/science/10511377","feed-with-entries","200","rss","20","2026-10-04T13:05:44.851766+00:00","https://rss.sciencedirect.com/publication/science/10511377"
"23d59251d0c83579","JOURNAL OF HUMAN GENETICS","https://www.nature.com/jhg.rss","feed-with-entries","200","rdf","8","2026-10-04T13:02:15.697437+00:00","https://www.nature.com/jhg.rss"
"bb03ce806be23ae3","JOURNAL OF HUMAN HYPERTENSION","https://www.nature.com/jhh.rss","feed-with-entries","200","rdf","8","2026-10-04T13:02:16.903438+00:00","https://www.nature.com/jhh.rss"
"68f777ac6f4b845a","Journal of Humanistic Mathematics","https://scholarship.claremont.edu/jhm/recent.rss","feed-with-entries","200","rss","20","2026-10-04T12:58:56.374748+00:00","https://scholarship.claremont.edu/jhm/recent.rss"
"9ccbf2045c3cee2f","Journal of Hydro-environment Research","https://rss.sciencedirect.com/publication/science/15706443","feed-with-entries","200","rss","13","2026-10-04T13:05:45.519539+00:00","https://rss.sciencedirect.com/publication/science/15706443"
"38d0a6f69e9e036a","Journal of Hydrology","https://rss.sciencedirect.com/publication/science/00221694","feed-with-entries","200","rss","100","2026-10-04T13:05:46.038352+00:00","https://rss.sciencedirect.com/publication/science/00221694"
"9c2ee873be09e8b7","Journal of Hydrology X","https://rss.sciencedirect.com/publication/science/25899155","feed-with-entries","200","rss","18","2026-10-04T13:05:46.652084+00:00","https://rss.sciencedirect.com/publication/science/25899155"
"ac35dab1d9eca4e7","Journal of ICT Research and Applications","https://journals.itb.ac.id/index.php/jictra/gateway/plugin/WebFeedGatewayPlugin/atom","feed-with-entries","200","atom","6","2026-10-04T12:56:31.955071+00:00","https://journals.itb.ac.id/index.php/jictra/gateway/plugin/WebFeedGatewayPlugin/atom"
"be01697127b300a2","JOURNAL OF IMMUNOLOGICAL METHODS","https://rss.sciencedirect.com/publication/science/00221759","feed-with-entries","200","rss","27","2026-10-04T13:05:47.138418+00:00","https://rss.sciencedirect.com/publication/science/00221759"
"bb8304acf2857ff9","JOURNAL OF INFECTION","https://rss.sciencedirect.com/publication/science/01634453","feed-with-entries","200","rss","54","2026-10-04T13:05:47.763311+00:00","https://rss.sciencedirect.com/publication/science/01634453"
"1074c4ad03894cb6","Journal of Infection and Public Health","https://rss.sciencedirect.com/publication/science/18760341","feed-with-entries","200","rss","37","2026-10-04T13:05:48.342308+00:00","https://rss.sciencedirect.com/publication/science/18760341"
"9922f103279e91f1","Journal of Infection in Developing Countries","https://jidc.org/index.php/journal/gateway/plugin/AnnouncementFeedGatewayPlugin/atom","network-or-safety-error","","","","2026-10-04T12:56:16.719178+00:00",""
"ac7e663ed25a48bc","Journal of Inflammation Research","https://www.dovepress.com/feed/journal/35","feed-with-entries","200","rss","30","2026-10-04T13:01:51.429827+00:00","https://www.dovepress.com/feed/journal/35"
"48be5d50dad5d273","Journal of Information and Organizational Sciences","https://jios.foi.hr/index.php/jios/gateway/plugin/WebFeedGatewayPlugin/atom","timeout","","","","2026-10-04T12:56:16.831017+00:00",""
"8dc6271ffd31fdc7","Journal of Information Security and Applications","https://rss.sciencedirect.com/publication/science/22142126","feed-with-entries","200","rss","87","2026-10-04T13:05:48.750573+00:00","https://rss.sciencedirect.com/publication/science/22142126"
"724f012643d58c43","Journal of Infrastructure Policy and Development","https://systems.enpress-publisher.com/index.php/jipd/gateway/plugin/WebFeedGatewayPlugin/atom","feed-with-entries","200","atom","17","2026-10-04T12:59:04.939198+00:00","https://systems.enpress-publisher.com/index.php/jipd/gateway/plugin/WebFeedGatewayPlugin/atom"
"b7afe0604e8f3839","Journal of Innovation & Knowledge","https://rss.sciencedirect.com/publication/science/2444569X","feed-with-entries","200","rss","92","2026-10-04T13:05:49.357700+00:00","https://rss.sciencedirect.com/publication/science/2444569X"
"2172b77583c5e68f","Journal of Insect Biodiversity","https://www.mapress.com/jib/gateway/plugin/WebFeedGatewayPlugin/atom","feed-with-entries","200","atom","2","2026-10-04T13:00:10.991318+00:00","https://www.mapress.com/jib/gateway/plugin/WebFeedGatewayPlugin/atom"
"ca236d00eb288f74","Journal of Integrative Medicine-JIM","https://rss.sciencedirect.com/publication/science/20954964","feed-with-entries","200","rss","46","2026-10-04T13:05:49.966181+00:00","https://rss.sciencedirect.com/publication/science/20954964"
"3be8c0d23f5f4470","Journal of Intelligence Studies in Business","https://journal.lu.lv/JISIB/gateway/plugin/WebFeedGatewayPlugin/atom","feed-with-entries","200","atom","30","2026-10-04T12:56:23.562182+00:00","https://journal.lu.lv/JISIB/gateway/plugin/WebFeedGatewayPlugin/atom"
"7ba5e0bc354e6f7f","Journal of Interactive Media in Education","https://account.jime.open.ac.uk/index.php/up-j-jime/gateway/plugin/WebFeedGatewayPlugin/atom","tls-or-network-error","","","","2026-10-04T12:54:22.760035+00:00",""
"13fb08393073c129","Journal of International Advanced Otology","https://advancedotology.org/index.php/pub/gateway/plugin/WebFeedGatewayPlugin/atom","feed-with-entries","200","atom","4","2026-10-04T12:54:34.712189+00:00","https://advancedotology.org/index.php/pub/gateway/plugin/WebFeedGatewayPlugin/atom"
"6d5c4c9ecf24cf0d","Journal of International and Comparative Education","https://jice.um.edu.my/index.php/JICE/gateway/plugin/WebFeedGatewayPlugin/atom","not-feed-xml","200","","","2026-10-04T12:56:16.151066+00:00","https://jice.um.edu.my/index.php/JICE/gateway/plugin/WebFeedGatewayPlugin/atom"
"8d1e19827ac00f72","Journal of International Financial Markets Institutions & Money","https://rss.sciencedirect.com/publication/science/10424431","feed-with-entries","200","rss","17","2026-10-04T13:05:50.589917+00:00","https://rss.sciencedirect.com/publication/science/10424431"
"8015cf7f5f206252","Journal of International Management","https://rss.sciencedirect.com/publication/science/10754253","feed-with-entries","200","rss","18","2026-10-04T13:05:51.003668+00:00","https://rss.sciencedirect.com/publication/science/10754253"
"f53fb4ca78062d6b","JOURNAL OF INTERNATIONAL MONEY AND FINANCE","https://rss.sciencedirect.com/publication/science/02615606","feed-with-entries","200","rss","30","2026-10-04T13:05:52.324866+00:00","https://rss.sciencedirect.com/publication/science/02615606"
"374d5a3cba9ab9e4","Journal of International Studies-JIS","https://e-journal.uum.edu.my/index.php/jis/en/gateway/plugin/WebFeedGatewayPlugin/atom","feed-with-entries","200","atom","30","2026-10-04T12:55:20.252059+00:00","https://e-journal.uum.edu.my/index.php/jis/gateway/plugin/WebFeedGatewayPlugin/atom"
"74f583404e1da749","Journal of Korean Neurosurgical Society","https://jkns.or.kr/journal/rss/xml/feed.xml","feed-with-entries","200","rss","1100","2026-10-04T12:56:19.123527+00:00","https://jkns.or.kr/journal/rss/xml/feed.xml"
"08d23ab94b95d46f","Journal of Korean Studies","https://gwiks.elliott.gwu.edu/feed/","feed-with-entries","200","rss","10","2026-10-04T12:55:48.953609+00:00","https://gwiks.elliott.gwu.edu/feed/"
"09ba6e3428304465","Journal of Language and Education","https://jle.hse.ru/gateway/plugin/WebFeedGatewayPlugin/atom","feed-with-entries","200","atom","521","2026-10-04T12:56:19.125829+00:00","https://jle.hse.ru/gateway/plugin/WebFeedGatewayPlugin/atom"
"fc59b63d3e29aa61","Journal of Learning Analytics","https://www.learning-analytics.info/index.php/JLA/gateway/plugin/WebFeedGatewayPlugin/atom","network-or-safety-error","","","","2026-10-04T13:00:09.580243+00:00",""
"d12ef610ec8056c1","Journal of Lithic Studies","https://journals.ed.ac.uk/lithicstudies/gateway/plugin/WebFeedGatewayPlugin/atom","feed-with-entries","200","atom","30","2026-10-04T12:56:30.404506+00:00","https://journals.ed.ac.uk/lithicstudies/gateway/plugin/WebFeedGatewayPlugin/atom"
"33cd8a588f22fae7","Journal of Logical and Algebraic Methods in Programming","https://rss.sciencedirect.com/publication/science/23522208","feed-with-entries","200","rss","44","2026-10-04T13:05:53.170552+00:00","https://rss.sciencedirect.com/publication/science/23522208"
"565b80c3c3c97267","JOURNAL OF MACROECONOMICS","https://rss.sciencedirect.com/publication/science/01640704","feed-with-entries","200","rss","32","2026-10-04T13:05:53.997311+00:00","https://rss.sciencedirect.com/publication/science/01640704"
"c1f5d8dd84dc1c8d","Journal of Magnesium and Alloys","https://rss.sciencedirect.com/publication/science/22139567","feed-with-entries","200","rss","33","2026-10-04T13:05:54.867603+00:00","https://rss.sciencedirect.com/publication/science/22139567"
"5273b35dbfdc5293","Journal of Magnetic Resonance Open","https://rss.sciencedirect.com/publication/science/26664410","feed-with-entries","200","rss","6","2026-10-04T13:05:55.708314+00:00","https://rss.sciencedirect.com/publication/science/26664410"
"e1bf20879e564ffa","Journal of Management Science and Engineering","https://rss.sciencedirect.com/publication/science/20962320","feed-with-entries","200","rss","25","2026-10-04T13:05:56.449547+00:00","https://rss.sciencedirect.com/publication/science/20962320"
"b4602a0e0f832d95","Journal of Manufacturing Processes","https://rss.sciencedirect.com/publication/science/15266125","feed-with-entries","200","rss","33","2026-10-04T13:05:57.161253+00:00","https://rss.sciencedirect.com/publication/science/15266125"
"d37fa0ad5b06bb6e","JOURNAL OF MARINE SYSTEMS","https://rss.sciencedirect.com/publication/science/09247963","feed-with-entries","200","rss","39","2026-10-04T13:05:58.074205+00:00","https://rss.sciencedirect.com/publication/science/09247963"
"bd5214200fcf15bc","Journal of Materials and Engineering Structures","https://revue.ummto.dz/index.php/JMES/gateway/plugin/WebFeedGatewayPlugin/atom","tls-or-network-error","","","","2026-10-04T12:58:42.226868+00:00",""
"fa01a6f15e10c4cc","JOURNAL OF MATHEMATICAL ANALYSIS AND APPLICATIONS","https://rss.sciencedirect.com/publication/science/0022247X","feed-with-entries","200","rss","23","2026-10-04T13:05:58.774104+00:00","https://rss.sciencedirect.com/publication/science/0022247X"
"73e9fb74cbbcaa8e","Journal of Mathematical Behavior","https://rss.sciencedirect.com/publication/science/07323123","feed-with-entries","200","rss","14","2026-10-04T13:05:59.760846+00:00","https://rss.sciencedirect.com/publication/science/07323123"
"698d2c184cea2856","JOURNAL OF MATHEMATICAL ECONOMICS","https://rss.sciencedirect.com/publication/science/03044068","feed-with-entries","200","rss","28","2026-10-04T13:06:00.399222+00:00","https://rss.sciencedirect.com/publication/science/03044068"
"089c7ff89ef9d254","Journal of Mathematical Extension","https://www.ijmex.com/index.php/ijmex/gateway/plugin/WebFeedGatewayPlugin/atom","not-feed-xml","200","","","2026-10-04T12:59:58.319454+00:00","https://www.ijmex.com/index.php/ijmex/gateway/plugin/WebFeedGatewayPlugin/atom"
"6793937027c06a90","Journal of Mathematical Study","https://global-sci.com/jms/gateway/plugin/WebFeedGatewayPlugin/atom","not-found","404","","","2026-10-04T13:01:25.925171+00:00",""
"1cdd93c0cca789ab","Journal of Measurements in Engineering","https://www.extrica.com/journal/jme/rss/latest","feed-with-entries","200","rss","30","2026-10-04T12:59:47.903670+00:00","https://www.extrica.com/journal/jme/rss/latest"
"a172851521909099","JOURNAL OF MEDICAL INTERNET RESEARCH","https://www.jmir.org/feed/atom","feed-with-entries","200","atom","10","2026-10-04T13:00:05.110015+00:00","https://www.jmir.org/feed/atom"
"f897f5c1b01ca5af","JOURNAL OF MEMBRANE SCIENCE","https://rss.sciencedirect.com/publication/science/03767388","feed-with-entries","200","rss","100","2026-10-04T13:06:00.976687+00:00","https://rss.sciencedirect.com/publication/science/03767388"
"c12396d6284c9a28","Journal of Membrane Science Letters","https://rss.sciencedirect.com/publication/science/27724212","feed-with-entries","200","rss","18","2026-10-04T13:06:01.641629+00:00","https://rss.sciencedirect.com/publication/science/27724212"
"1b45a6bdbea2eaac","Journal of Migration and Health","https://rss.sciencedirect.com/publication/science/26666235","feed-with-entries","200","rss","66","2026-10-04T13:06:02.227188+00:00","https://rss.sciencedirect.com/publication/science/26666235"
"291c16e87cf9ff55","JOURNAL OF MOLECULAR GRAPHICS & MODELLING","https://rss.sciencedirect.com/publication/science/10933263","feed-with-entries","200","rss","95","2026-10-04T13:06:02.851639+00:00","https://rss.sciencedirect.com/publication/science/10933263"
"89556da22359c985","JOURNAL OF MOLECULAR SPECTROSCOPY","https://rss.sciencedirect.com/publication/science/00222852","feed-with-entries","200","rss","39","2026-10-04T13:06:03.275052+00:00","https://rss.sciencedirect.com/publication/science/00222852"
"3c6a5b8a5cab96cf","Journal of Multinational Financial Management","https://rss.sciencedirect.com/publication/science/1042444X","feed-with-entries","200","rss","7","2026-10-04T13:06:03.809663+00:00","https://rss.sciencedirect.com/publication/science/1042444X"
"865716779b0b5eb2","JOURNAL OF NEURORADIOLOGY","https://rss.sciencedirect.com/publication/science/01509861","feed-with-entries","200","rss","33","2026-10-04T13:06:04.391086+00:00","https://rss.sciencedirect.com/publication/science/01509861"
"50a3dbbd3cf41742","JOURNAL OF NEUROSCIENCE METHODS","https://rss.sciencedirect.com/publication/science/01650270","feed-with-entries","200","rss","34","2026-10-04T13:06:04.774524+00:00","https://rss.sciencedirect.com/publication/science/01650270"
"fde3ffda6792b27b","Journal of New Zealand Studies","https://ojs.victoria.ac.nz/jnzs/gateway/plugin/WebFeedGatewayPlugin/atom","feed-with-entries","200","atom","19","2026-10-04T13:01:00.621415+00:00","https://ojs.victoria.ac.nz/jnzs/gateway/plugin/WebFeedGatewayPlugin/atom"
"91eb66632dc5716f","Journal of Nonprofit Education and Leadership","https://www.js.sagamorepub.com/index.php/jnel/gateway/plugin/WebFeedGatewayPlugin/atom","feed-with-entries","200","atom","30","2026-10-04T13:00:07.088024+00:00","https://www.js.sagamorepub.com/index.php/jnel/gateway/plugin/WebFeedGatewayPlugin/atom"
"4f625ffe41a592c6","Journal of Nuclear Materials","https://rss.sciencedirect.com/publication/science/00223115","feed-with-entries","200","rss","100","2026-10-04T13:06:05.160396+00:00","https://rss.sciencedirect.com/publication/science/00223115"
"11205d8d1f8c9e73","Journal of Nusantara Studies-JONUS","https://journal.unisza.edu.my/jonus/index.php/jonus/gateway/plugin/WebFeedGatewayPlugin/atom","feed-with-entries","200","atom","30","2026-10-04T12:56:25.993030+00:00","https://journal.unisza.edu.my/jonus/index.php/jonus/gateway/plugin/WebFeedGatewayPlugin/atom"
"5df22582c0871577","Journal of Open Archaeology Data","https://account.openarchaeologydata.metajnl.com/index.php/up-j-joad/gateway/plugin/WebFeedGatewayPlugin/atom","tls-or-network-error","","","","2026-10-04T12:54:22.760234+00:00",""
"c73f50d69b896726","Journal of Oral Biosciences","https://rss.sciencedirect.com/publication/science/13490079","feed-with-entries","200","rss","21","2026-10-04T13:06:05.525649+00:00","https://rss.sciencedirect.com/publication/science/13490079"
"e6dcdec3c90fcbbc","Journal of Orthopaedic Translation","https://rss.sciencedirect.com/publication/science/2214031X","feed-with-entries","200","rss","81","2026-10-04T13:06:06.119498+00:00","https://rss.sciencedirect.com/publication/science/2214031X"
"a1c0c9c9fc7b847c","Journal of Osseointegration","https://www.journalofosseointegration.eu/jo/gateway/plugin/WebFeedGatewayPlugin/atom","http-error","500","","","2026-10-04T13:00:05.878335+00:00",""
"86aef461873cffee","Journal of Outdoor Recreation and Tourism-Research Planning and Management","https://rss.sciencedirect.com/publication/science/22130780","feed-with-entries","200","rss","46","2026-10-04T13:06:06.680890+00:00","https://rss.sciencedirect.com/publication/science/22130780"
"8eb0b93df6eff48a","Journal of Outdoor Recreation Education and Leadership","https://js.sagamorepub.com/index.php/jorel/gateway/plugin/WebFeedGatewayPlugin/atom","feed-with-entries","200","atom","30","2026-10-04T12:56:43.071268+00:00","https://js.sagamorepub.com/index.php/jorel/gateway/plugin/WebFeedGatewayPlugin/atom"
"6581417ea8e8214b","Journal of Pacific Archaeology","https://pacificarchaeology.org/index.php/journal/gateway/plugin/WebFeedGatewayPlugin/atom","network-or-safety-error","","","","2026-10-04T12:57:21.891624+00:00",""
"040eeeebce4ea967","Journal of Pain Research","https://www.dovepress.com/feed/journal/41","feed-with-entries","200","rss","30","2026-10-04T13:01:52.215439+00:00","https://www.dovepress.com/feed/journal/41"
"2742a07681cee43b","Journal of Park and Recreation Administration","https://js.sagamorepub.com/index.php/jpra/gateway/plugin/WebFeedGatewayPlugin/atom","feed-with-entries","200","atom","30","2026-10-04T13:00:57.610754+00:00","https://js.sagamorepub.com/index.php/jpra/gateway/plugin/WebFeedGatewayPlugin/atom"
"bdfb9e5b3f5cef3f","Journal of Patient-Centered Research and Reviews","https://institutionalrepository.aah.org/jpcrr/recent.rss","feed-with-entries","200","rss","20","2026-10-04T12:56:07.891743+00:00","https://institutionalrepository.aah.org/jpcrr/recent.rss"
"65a30bb4a796488f","Journal of Pediatric Surgery Case Reports","https://rss.sciencedirect.com/publication/science/22135766","feed-with-entries","200","rss","66","2026-10-04T13:06:07.094111+00:00","https://rss.sciencedirect.com/publication/science/22135766"
"2bdf8ec118044c71","Journal of PeriAnesthesia Nursing","https://rss.sciencedirect.com/publication/science/10899472","feed-with-entries","200","rss","100","2026-10-04T13:06:07.669271+00:00","https://rss.sciencedirect.com/publication/science/10899472"
"3380791a87b90241","Journal of Perinatology","https://www.nature.com/jp.rss","feed-with-entries","200","rdf","8","2026-10-04T13:02:17.467266+00:00","https://www.nature.com/jp.rss"
"27bb924f7736ec08","JOURNAL OF PHARMACEUTICAL SCIENCES","https://rss.sciencedirect.com/publication/science/00223549","feed-with-entries","200","rss","73","2026-10-04T13:06:08.577699+00:00","https://rss.sciencedirect.com/publication/science/00223549"
"b9cee9ba1f387cbf","JOURNAL OF PHARMACY AND PHARMACEUTICAL SCIENCES","https://www.frontierspartnerships.org/journals/journal-of-pharmacy-pharmaceutical-sciences/rss","not-feed-xml","200","","","2026-10-04T13:01:12.032908+00:00","https://www.frontierspartnerships.org/journals/journal-of-pharmacy-pharmaceutical-sciences/rss"
"eb9fff48ed41b2f3","Journal of Philosophical Economics","https://jpe.episciences.org/rss/papers","feed-with-entries","200","rss","30","2026-10-04T12:56:41.786687+00:00","https://api.episciences.org/api/feed/rss/jpe"
"3a8a0bca72129ebc","JOURNAL OF PHONETICS","https://rss.sciencedirect.com/publication/science/00954470","feed-with-entries","200","rss","16","2026-10-04T13:06:09.258859+00:00","https://rss.sciencedirect.com/publication/science/00954470"
"acafe0e2b6a09b5c","JOURNAL OF PHOTOCHEMISTRY AND PHOTOBIOLOGY B-BIOLOGY","https://rss.sciencedirect.com/publication/science/10111344","feed-with-entries","200","rss","22","2026-10-04T13:06:09.932627+00:00","https://rss.sciencedirect.com/publication/science/10111344"
"c7c289bd644d4f9e","JOURNAL OF PHYSICS AND CHEMISTRY OF SOLIDS","https://rss.sciencedirect.com/publication/science/00223697","feed-with-entries","200","rss","100","2026-10-04T13:06:10.779619+00:00","https://rss.sciencedirect.com/publication/science/00223697"
"3711d67200eb79cc","Journal of Plastic Reconstructive and Aesthetic Surgery","https://rss.sciencedirect.com/publication/science/17486815","feed-with-entries","200","rss","75","2026-10-04T13:06:11.445095+00:00","https://rss.sciencedirect.com/publication/science/17486815"
"28b3ea47d2a9c527","Journal of Power Sources Advances","https://rss.sciencedirect.com/publication/science/26662485","feed-with-entries","200","rss","5","2026-10-04T13:06:12.066592+00:00","https://rss.sciencedirect.com/publication/science/26662485"
"1ba377d19b7acf2d","JOURNAL OF PRAGMATICS","https://rss.sciencedirect.com/publication/science/03782166","feed-with-entries","200","rss","19","2026-10-04T13:06:12.882548+00:00","https://rss.sciencedirect.com/publication/science/03782166"
"1b18be2895872b0b","Journal of Print and Media Technology Research","https://jpmtr.org/index.php/journal/gateway/plugin/WebFeedGatewayPlugin/atom","feed-with-entries","200","atom","3","2026-10-04T12:56:41.965934+00:00","https://jpmtr.org/index.php/journal/gateway/plugin/WebFeedGatewayPlugin/atom"
"631922043590f1c8","Journal of Proteomics","https://rss.sciencedirect.com/publication/science/18743919","feed-with-entries","200","rss","28","2026-10-04T13:06:13.449175+00:00","https://rss.sciencedirect.com/publication/science/18743919"
"b08cbec07530273b","Journal of Public and Nonprofit Affairs","https://jpna.org/index.php/jpna/gateway/plugin/WebFeedGatewayPlugin/atom","network-or-safety-error","","","","2026-10-04T12:56:41.995959+00:00",""
"b617592580557e9d","Journal of Public Health in Africa","https://publichealthinafrica.org/index.php/jphia/gateway/plugin/WebFeedGatewayPlugin/atom","feed-with-entries","200","atom","10","2026-10-04T12:57:44.394292+00:00","https://publichealthinafrica.org/index.php/jphia/gateway/plugin/WebFeedGatewayPlugin/atom"
"be2e9143b994debc","Journal of Radiation Protection and Research","https://www.jrpr.org/journal/rss/xml/feed.xml","feed-with-entries","200","rss","1100","2026-10-04T13:00:06.849956+00:00","https://www.jrpr.org/journal/rss/xml/feed.xml"
"53ed4e7401e2fa79","Journal of Radiology Case Reports","https://www.radiologycases.com/index.php/radiologycases/gateway/plugin/AnnouncementFeedGatewayPlugin/atom","feed-with-entries","200","atom","3","2026-10-04T13:00:25.389034+00:00","https://www.radiologycases.com/index.php/radiologycases/gateway/plugin/AnnouncementFeedGatewayPlugin/atom"
"69151cfdf964ddf8","Journal of Rail Transport Planning & Management","https://rss.sciencedirect.com/publication/science/22109706","feed-with-entries","200","rss","11","2026-10-04T13:06:14.033689+00:00","https://rss.sciencedirect.com/publication/science/22109706"
"b15637169211b8cf","JOURNAL OF RARE EARTHS","https://rss.sciencedirect.com/publication/science/10020721","feed-with-entries","200","rss","83","2026-10-04T13:06:15.195969+00:00","https://rss.sciencedirect.com/publication/science/10020721"
"66c6683aa20efd33","Journal of Reliability and Statistical Studies","https://journals.riverpublishers.com/index.php/JRSS/gateway/plugin/WebFeedGatewayPlugin/atom","network-or-safety-error","","","","2026-10-04T12:56:36.725971+00:00",""
"26ab3b681e8be8ff","JOURNAL OF RESEARCH IN PERSONALITY","https://rss.sciencedirect.com/publication/science/00926566","feed-with-entries","200","rss","11","2026-10-04T13:06:16.011919+00:00","https://rss.sciencedirect.com/publication/science/00926566"
"4484eb6d41efd4fd","Journal of Rural and Community Development","https://journals.brandonu.ca/jrcd/gateway/plugin/WebFeedGatewayPlugin/atom","feed-with-entries","200","atom","30","2026-10-04T12:56:29.213106+00:00","https://journals.brandonu.ca/jrcd/gateway/plugin/WebFeedGatewayPlugin/atom"
"ce5a0f1b57f36757","Journal of Saudi Chemical Society","https://rss.sciencedirect.com/publication/science/13196103","feed-with-entries","200","rss","43","2026-10-04T13:06:16.604089+00:00","https://rss.sciencedirect.com/publication/science/13196103"
"92aafc25560c7a1f","JOURNAL OF SCHOOL PSYCHOLOGY","https://rss.sciencedirect.com/publication/science/00224405","feed-with-entries","200","rss","14","2026-10-04T13:06:16.986070+00:00","https://rss.sciencedirect.com/publication/science/00224405"
"944ae0d1a206bc0f","JOURNAL OF SCIENCE AND MEDICINE IN SPORT","https://rss.sciencedirect.com/publication/science/14402440","feed-with-entries","200","rss","65","2026-10-04T13:06:17.341446+00:00","https://rss.sciencedirect.com/publication/science/14402440"
"9d4eb6413476c43b","Journal of Seed Science","https://www.scielo.br/journal/jss/feed/","access-blocked","403","","","2026-10-04T13:01:48.653742+00:00",""
"47bc60ab8e0809f7","Journal of Social and Political Psychology","https://jspp.psychopen.eu/index.php/jspp/gateway/plugin/WebFeedGatewayPlugin/atom","network-or-safety-error","","","","2026-10-04T12:56:45.450130+00:00",""
"94d2dfc866152194","Journal of Specialised Translation","https://www.jostrans.org/gateway/plugin/WebFeedGatewayPlugin/atom","feed-with-entries","200","atom","17","2026-10-04T13:00:05.498890+00:00","https://www.jostrans.org/gateway/plugin/WebFeedGatewayPlugin/atom"
"5a76a62289503ccb","Journal of Sport and Health Research","https://rss.sciencedirect.com/publication/science/20952546","feed-with-entries","200","rss","100","2026-10-04T13:06:17.735768+00:00","https://rss.sciencedirect.com/publication/science/20952546"
"ef540cee9a937fed","Journal of Sport for Development","https://jsfd.org/feed/","feed-with-entries","200","rss","10","2026-10-04T12:56:44.221250+00:00","https://jsfd.org/feed/"
"c2ca922fa3ee1ba7","Journal of Statistical Software","https://www.jstatsoft.org/index.php/jss/gateway/plugin/WebFeedGatewayPlugin/atom","network-or-safety-error","","","","2026-10-04T13:00:09.156296+00:00",""
"94cc8487f3a54d21","JOURNAL OF STEROID BIOCHEMISTRY AND MOLECULAR BIOLOGY","https://rss.sciencedirect.com/publication/science/09600760","feed-with-entries","200","rss","25","2026-10-04T13:06:18.421745+00:00","https://rss.sciencedirect.com/publication/science/09600760"
"db52870b934fd56e","JOURNAL OF STORED PRODUCTS RESEARCH","https://rss.sciencedirect.com/publication/science/0022474X","feed-with-entries","200","rss","100","2026-10-04T13:06:18.860130+00:00","https://rss.sciencedirect.com/publication/science/0022474X"
"8ded65e8a7eea9ea","JOURNAL OF STRATEGIC INFORMATION SYSTEMS","https://rss.sciencedirect.com/publication/science/09638687","feed-with-entries","200","rss","16","2026-10-04T13:06:19.435049+00:00","https://rss.sciencedirect.com/publication/science/09638687"
"639325492b97ee40","Journal of Stroke","https://www.j-stroke.org/journal/rss/xml/feed.xml","feed-with-entries","200","rss","614","2026-10-04T13:00:01.896084+00:00","https://www.j-stroke.org/journal/rss/xml/feed.xml"
"9e4e463632398d1b","Journal of Student Financial Aid","https://ir.library.louisville.edu/jsfa/recent.rss","feed-with-entries","200","rss","20","2026-10-04T12:56:10.020428+00:00","https://ir.library.louisville.edu/jsfa/recent.rss"
"054ab099e010e33b","JOURNAL OF SUPERCRITICAL FLUIDS","https://rss.sciencedirect.com/publication/science/08968446","feed-with-entries","200","rss","42","2026-10-04T13:06:19.777921+00:00","https://rss.sciencedirect.com/publication/science/08968446"
"018fef912a18188d","Journal of Sustainable Mining","https://jsm.gig.eu/recent.rss","feed-with-entries","200","rss","20","2026-10-04T12:56:45.092603+00:00","https://jsm.gig.eu/recent.rss"
"2d36facc1522c435","JOURNAL OF SYMBOLIC COMPUTATION","https://rss.sciencedirect.com/publication/science/07477171","feed-with-entries","200","rss","22","2026-10-04T13:06:20.407278+00:00","https://rss.sciencedirect.com/publication/science/07477171"
"878a8925bb4a17af","JOURNAL OF SYSTEMS ARCHITECTURE","https://rss.sciencedirect.com/publication/science/13837621","feed-with-entries","200","rss","71","2026-10-04T13:06:20.793785+00:00","https://rss.sciencedirect.com/publication/science/13837621"
"686369afff9e7572","Journal of Taibah University Medical Sciences","https://rss.sciencedirect.com/publication/science/16583612","feed-with-entries","200","rss","42","2026-10-04T13:06:21.450459+00:00","https://rss.sciencedirect.com/publication/science/16583612"
"c206dd5c14272a46","Journal of Tax Administration","https://jota.website/jota/gateway/plugin/WebFeedGatewayPlugin/atom","feed-with-entries","200","atom","8","2026-10-04T12:56:20.319732+00:00","https://jota.website/jota/gateway/plugin/WebFeedGatewayPlugin/atom"
"1dde37c19ca8d0d9","Journal of the Academy of Consultation-Liaison Psychiatry","https://rss.sciencedirect.com/publication/science/26672960","feed-with-entries","200","rss","58","2026-10-04T13:06:21.841097+00:00","https://rss.sciencedirect.com/publication/science/26672960"
"d7fa159516ea6bde","JOURNAL OF THE AMERICAN LEATHER CHEMISTS ASSOCIATION","https://journals.uc.edu/index.php/JALCA/gateway/plugin/WebFeedGatewayPlugin/atom","feed-with-entries","200","atom","30","2026-10-04T12:56:38.899078+00:00","https://journals.uc.edu/index.php/JALCA/gateway/plugin/WebFeedGatewayPlugin/atom"
"06994f8fd6fc0a7c","JOURNAL OF THE AMERICAN MATHEMATICAL SOCIETY","https://www.ams.org/rss/jams.rss","feed-with-entries","200","rss","4","2026-10-04T13:01:10.507787+00:00","https://www.ams.org/rss/jams.rss"
"6cb422782de7b567","Journal of the ASEAN Federation of Endocrine Societies","https://asean-endocrinejournal.org/index.php/JAFES/gateway/plugin/AnnouncementFeedGatewayPlugin/atom","network-or-safety-error","","","","2026-10-04T12:54:51.087632+00:00",""
"176668e378229af9","Journal of the Association for Information Systems","https://aisel.aisnet.org/jais/recent.rss","feed-with-entries","200","rss","20","2026-10-04T13:00:50.807390+00:00","https://aisel.aisnet.org/jais/recent.rss"
"cec507bbd4e60b92","Journal of the Belgian Society of Radiology","https://account.jbsr.be/index.php/up-j-jbsr/gateway/plugin/WebFeedGatewayPlugin/atom","tls-or-network-error","","","","2026-10-04T12:54:22.759997+00:00",""
"c17927c12aa36ca2","Journal of the Canadian Health Libraries Association","https://journals.library.ualberta.ca/jchla/index.php/jchla/gateway/plugin/WebFeedGatewayPlugin/atom","feed-with-entries","200","atom","30","2026-10-04T13:00:54.999239+00:00","https://journals.library.ualberta.ca/jchla/index.php/jchla/en/gateway/plugin/WebFeedGatewayPlugin/atom"
"dd2f95d76202562b","JOURNAL OF THE CHILEAN CHEMICAL SOCIETY","https://jcchems.com/index.php/JCCHEMS/gateway/plugin/WebFeedGatewayPlugin/atom","feed-with-entries","200","atom","7","2026-10-04T12:56:11.299140+00:00","https://jcchems.com/index.php/JCCHEMS/gateway/plugin/WebFeedGatewayPlugin/atom"
"fc9e54dc6b5b3abe","JOURNAL OF THE ENERGY INSTITUTE","https://rss.sciencedirect.com/publication/science/17439671","feed-with-entries","200","rss","96","2026-10-04T13:06:22.645355+00:00","https://rss.sciencedirect.com/publication/science/17439671"
"cfec6bf71c2d6a5a","JOURNAL OF THE ENTOMOLOGICAL RESEARCH SOCIETY","https://www.entomol.org/journal/index.php/JERS/gateway/plugin/WebFeedGatewayPlugin/atom","feed-with-entries","200","atom","17","2026-10-04T12:59:45.158711+00:00","https://www.entomol.org/journal/index.php/JERS/gateway/plugin/WebFeedGatewayPlugin/atom"
"76665a1977326fa0","Journal of the European Ceramic Society","https://rss.sciencedirect.com/publication/science/09552219","feed-with-entries","200","rss","100","2026-10-04T13:06:23.189799+00:00","https://rss.sciencedirect.com/publication/science/09552219"
"bf40dff39db31c6a","JOURNAL OF THE FORMOSAN MEDICAL ASSOCIATION","https://rss.sciencedirect.com/publication/science/09296646","feed-with-entries","200","rss","100","2026-10-04T13:06:23.767367+00:00","https://rss.sciencedirect.com/publication/science/09296646"
"312383f44b49c90e","Journal of the Geographical Institute Jovan Cvijic SASA","https://ojs.gi.sanu.ac.rs/index.php/zbornik/gateway/plugin/AnnouncementFeedGatewayPlugin/atom","feed-with-entries","200","atom","23","2026-10-04T12:57:06.522321+00:00","https://ojs.gi.sanu.ac.rs/index.php/zbornik/gateway/plugin/AnnouncementFeedGatewayPlugin/atom"
"f70ea1c60a21742a","Journal of the Indonesian Mathematical Society","https://jims-a.org/index.php/jimsa/gateway/plugin/WebFeedGatewayPlugin/atom","feed-with-entries","200","atom","15","2026-10-04T12:56:16.820869+00:00","https://jims-a.org/index.php/jimsa/gateway/plugin/WebFeedGatewayPlugin/atom"
"9c2c539e193ca327","JOURNAL OF THE JAPANESE AND INTERNATIONAL ECONOMIES","https://rss.sciencedirect.com/publication/science/08891583","feed-with-entries","200","rss","13","2026-10-04T13:06:24.330663+00:00","https://rss.sciencedirect.com/publication/science/08891583"
"ca034840e1bb0670","JOURNAL OF THE KOREAN MATHEMATICAL SOCIETY","https://kkms.org/index.php/kjm/gateway/plugin/WebFeedGatewayPlugin/atom","feed-with-entries","200","atom","12","2026-10-04T12:56:47.927474+00:00","https://kkms.org/index.php/kjm/gateway/plugin/WebFeedGatewayPlugin/atom"
"5bf6c24e4d48c301","Journal of the Korean Medical Association","https://jkma.org/journal/rss/xml/feed.xml","feed-with-entries","200","rss","1100","2026-10-04T12:56:18.978048+00:00","https://jkma.org/journal/rss/xml/feed.xml"
"892e49c9aa2d010a","Journal of the Korean Ophthalmological Society","https://www.jkos.org/journal/rss/xml/feed.xml","feed-with-entries","200","rss","1100","2026-10-04T13:00:04.898522+00:00","https://www.jkos.org/journal/rss/xml/feed.xml"
"67a8dc5a0e507b67","JOURNAL OF THE MEDICAL LIBRARY ASSOCIATION","https://jmla.mlanet.org/ojs/jmla/gateway/plugin/WebFeedGatewayPlugin/atom","feed-with-entries","200","atom","25","2026-10-04T12:56:20.052970+00:00","https://jmla.mlanet.org/ojs/jmla/gateway/plugin/WebFeedGatewayPlugin/atom"
"71da5f882e9df53a","Journal of the Mexican Chemical Society","https://www.jmcs.org.mx/index.php/jmcs/gateway/plugin/WebFeedGatewayPlugin/atom","feed-with-entries","200","atom","40","2026-10-04T13:00:05.083126+00:00","https://www.jmcs.org.mx/index.php/jmcs/gateway/plugin/WebFeedGatewayPlugin/atom"
"3f63378333f83458","JOURNAL OF THE NATIONAL SCIENCE FOUNDATION OF SRI LANKA","https://account.jnsfsl.sljol.info/index.php/sljo-j-jnsfsl/gateway/plugin/WebFeedGatewayPlugin/atom","tls-or-network-error","","","","2026-10-04T12:54:22.760116+00:00",""
"25fc44fa15334c7e","Journal of the Pakistan Institute of Chemical Engineers","https://www.piche.org.pk/journal/index.php/jpiche/gateway/plugin/WebFeedGatewayPlugin/atom","feed-with-entries","200","atom","30","2026-10-04T13:00:20.898388+00:00","https://www.piche.org.pk/journal/index.php/jpiche/gateway/plugin/WebFeedGatewayPlugin/atom"
"78bce1cdf4dbbd2e","JOURNAL OF THE PROFESSIONAL ASSOCIATION FOR CACTUS DEVELOPMENT","https://www.jpacd.org/jpacd/gateway/plugin/WebFeedGatewayPlugin/atom","feed-with-entries","200","atom","17","2026-10-04T13:00:06.773346+00:00","https://www.jpacd.org/jpacd/gateway/plugin/WebFeedGatewayPlugin/atom"
"07b758286a2f95d3","JOURNAL OF THE ROYAL ASIATIC SOCIETY","https://royalasiaticsociety.org/comments/feed/","timeout","","","","2026-10-04T12:58:46.407911+00:00",""
"62da3f5755e43873","Journal of the Saudi Heart Association","https://www.j-saudi-heart.com/recent.rss","feed-with-entries","200","rss","20","2026-10-04T13:00:00.649268+00:00","https://www.j-saudi-heart.com/recent.rss"
"aed1bd9a5f0f1022","JOURNAL OF THE SERBIAN CHEMICAL SOCIETY","https://www.shd-pub.org.rs/index.php/JSCS/gateway/plugin/AnnouncementFeedGatewayPlugin/atom","feed-with-entries","200","atom","7","2026-10-04T13:00:41.367828+00:00","https://www.shd-pub.org.rs/index.php/JSCS/gateway/plugin/AnnouncementFeedGatewayPlugin/atom"
"c1e82ac8a1610b12","Journal of the South African Veterinary Association","https://jsava.co.za/index.php/jsava/gateway/plugin/WebFeedGatewayPlugin/atom","feed-with-entries","200","atom","30","2026-10-04T12:56:43.854031+00:00","https://jsava.co.za/index.php/jsava/gateway/plugin/WebFeedGatewayPlugin/atom"
"5699bdb2d5d0a02f","Journal of the Taiwan Institute of Chemical Engineers","https://rss.sciencedirect.com/publication/science/18761070","feed-with-entries","200","rss","100","2026-10-04T13:06:24.882867+00:00","https://rss.sciencedirect.com/publication/science/18761070"
"a4674cf3ea59cce0","JOURNAL OF THROMBOSIS AND HAEMOSTASIS","https://rss.sciencedirect.com/publication/science/15387836","feed-with-entries","200","rss","100","2026-10-04T13:06:25.607440+00:00","https://rss.sciencedirect.com/publication/science/15387836"
"dd2de9dea8ac5bfb","Journal of Tourism Sustainability and Well-being","https://journals.cinturs.pt/jtsw/gateway/plugin/WebFeedGatewayPlugin/atom","feed-with-entries","200","atom","4","2026-10-04T12:56:29.439835+00:00","https://journals.cinturs.pt/jtsw/gateway/plugin/WebFeedGatewayPlugin/atom"
"d0df377dd1b6539e","Journal of Translational Autoimmunity","https://rss.sciencedirect.com/publication/science/25899090","feed-with-entries","200","rss","68","2026-10-04T13:06:25.965354+00:00","https://rss.sciencedirect.com/publication/science/25899090"
"d06f04297c289a04","Journal of Transport and Land Use","https://www.jtlu.org/index.php/jtlu/gateway/plugin/WebFeedGatewayPlugin/atom","network-or-safety-error","","","","2026-10-04T13:00:09.201200+00:00",""
"cadfbc071ca1880d","Journal of Transport and Supply Chain Management","https://jtscm.co.za/index.php/jtscm/gateway/plugin/WebFeedGatewayPlugin/atom","feed-with-entries","200","atom","10","2026-10-04T12:56:45.883999+00:00","https://jtscm.co.za/index.php/jtscm/gateway/plugin/WebFeedGatewayPlugin/atom"
"b6854c4c659127e6","Journal of Transport Geography","https://rss.sciencedirect.com/publication/science/09666923","feed-with-entries","200","rss","82","2026-10-04T13:06:27.008789+00:00","https://rss.sciencedirect.com/publication/science/09666923"
"6ef1c23dc517071b","Journal of University Teaching and Learning Practice","https://medanthroquarterly.org/feed","access-blocked","403","","","2026-10-04T12:56:54.925858+00:00",""
"f1b2b19489863505","JOURNAL OF URBAN ECONOMICS","https://rss.sciencedirect.com/publication/science/00941190","feed-with-entries","200","rss","18","2026-10-04T13:06:27.361537+00:00","https://rss.sciencedirect.com/publication/science/00941190"
"b395053becbf1c6d","Journal of Urban Mobility","https://rss.sciencedirect.com/publication/science/26670917","feed-with-entries","200","rss","100","2026-10-04T13:06:27.980225+00:00","https://rss.sciencedirect.com/publication/science/26670917"
"0d54e4426c673d77","Journal of Vibroengineering","https://www.extrica.com/journal/jve/rss/latest","feed-with-entries","200","rss","30","2026-10-04T13:01:11.670299+00:00","https://www.extrica.com/journal/jve/rss/latest"
"52613a34f2dc1db2","Journal of Virus Eradication","https://rss.sciencedirect.com/publication/science/20556640","feed-with-entries","200","rss","10","2026-10-04T13:06:28.560035+00:00","https://rss.sciencedirect.com/publication/science/20556640"
"438fa2c6b1421779","JOURNAL OF VOCATIONAL BEHAVIOR","https://rss.sciencedirect.com/publication/science/00018791","feed-with-entries","200","rss","13","2026-10-04T13:06:29.120367+00:00","https://rss.sciencedirect.com/publication/science/00018791"
"ccb3ed950cb44891","JOURNAL OF VOLCANOLOGY AND GEOTHERMAL RESEARCH","https://rss.sciencedirect.com/publication/science/03770273","feed-with-entries","200","rss","34","2026-10-04T13:06:29.767602+00:00","https://rss.sciencedirect.com/publication/science/03770273"
"31f1ab21d5425554","Journal of Web Engineering","https://journals.riverpublishers.com/index.php/JWE/gateway/plugin/WebFeedGatewayPlugin/atom","network-or-safety-error","","","","2026-10-04T13:00:56.478662+00:00",""
"7f67777f680be86b","Journal of Web Semantics","https://rss.sciencedirect.com/publication/science/15708268","feed-with-entries","200","rss","9","2026-10-04T13:06:30.436511+00:00","https://rss.sciencedirect.com/publication/science/15708268"
"9dd3956bbcbfbc48","JOURNAL OF WORLD BUSINESS","https://rss.sciencedirect.com/publication/science/10909516","feed-with-entries","200","rss","10","2026-10-04T13:06:31.048337+00:00","https://rss.sciencedirect.com/publication/science/10909516"
"02c70105401b2a42","Journal of World-Systems Research","https://jwsr.pitt.edu/ojs/jwsr/gateway/plugin/WebFeedGatewayPlugin/atom","feed-with-entries","200","atom","50","2026-10-04T12:56:46.578570+00:00","https://jwsr.pitt.edu/ojs/jwsr/gateway/plugin/WebFeedGatewayPlugin/atom"
"7518af1a110f8466","Journal of Youth Development","https://open.clemson.edu/jyd/recent.rss","feed-with-entries","200","rss","20","2026-10-04T12:57:19.871337+00:00","https://open.clemson.edu/jyd/recent.rss"
"4ebcca0a9579d808","Journal on Efficiency and Responsibility in Education and Science","https://www.eriesjournal.com/index.php/eries/gateway/plugin/WebFeedGatewayPlugin/atom","network-or-safety-error","","","","2026-10-04T12:59:47.215794+00:00",""
"a06733ea4a003495","JPRAS Open","https://rss.sciencedirect.com/publication/science/23525878","feed-with-entries","200","rss","100","2026-10-04T13:06:31.594339+00:00","https://rss.sciencedirect.com/publication/science/23525878"
"3292f3b153045f2c","Jurnal Ilmiah Peuradeun","https://journal.scadindependent.org/index.php/jipeuradeun/gateway/plugin/WebFeedGatewayPlugin/atom","tls-or-network-error","","","","2026-10-04T12:56:25.215259+00:00",""
"f7d472ce983c38f0","Jurnal Ilmu Ternak dan Veteriner","https://medpub.appertani.org/index.php/jitv/gateway/plugin/WebFeedGatewayPlugin/atom","feed-with-entries","200","atom","1","2026-10-04T12:56:57.246741+00:00","https://medpub.appertani.org/index.php/jitv/gateway/plugin/WebFeedGatewayPlugin/atom"
"18d151df171080bc","Kardiologia Polska","https://journals.viamedica.pl/polish_heart_journal/gateway/plugin/WebFeedGatewayPlugin/atom","feed-with-entries","200","atom","21","2026-10-04T13:01:40.749963+00:00","https://journals.viamedica.pl/polish_heart_journal/gateway/plugin/WebFeedGatewayPlugin/atom"
"c7258f376f119620","Kidney Research and Clinical Practice","https://www.krcp-ksn.org/journal/rss/xml/feed.xml","feed-with-entries","200","rss","1000","2026-10-04T13:00:09.282518+00:00","https://www.krcp-ksn.org/journal/rss/xml/feed.xml"
"1546c9244c873306","Kinesiologia Slovenica","https://journals.uni-lj.si/kinsi/gateway/plugin/WebFeedGatewayPlugin/atom","feed-with-entries","200","atom","30","2026-10-04T13:01:17.737146+00:00","https://journals.uni-lj.si/kinsi/gateway/plugin/WebFeedGatewayPlugin/atom"
"1e29be7e54833395","KOEDOE","https://koedoe.co.za/index.php/koedoe/gateway/plugin/WebFeedGatewayPlugin/atom","feed-with-entries","200","atom","10","2026-10-04T12:56:48.952407+00:00","https://koedoe.co.za/index.php/koedoe/gateway/plugin/WebFeedGatewayPlugin/atom"
"408c71b234544e3b","Kompleksnoe Ispolzovanie Mineralnogo Syra","http://kims-imio.com/index.php/main/gateway/plugin/WebFeedGatewayPlugin/atom","feed-with-entries","200","atom","3","2026-10-04T12:56:46.650522+00:00","http://kims-imio.com/index.php/main/gateway/plugin/WebFeedGatewayPlugin/atom"
"607a72e514d6b252","Kriterion-Revista de Filosofia","https://periodicos.ufmg.br/index.php/kriterion/gateway/plugin/WebFeedGatewayPlugin/atom","timeout","","","","2026-10-04T13:01:01.973816+00:00",""
"01a8207154e03f88","Kvasny Prumysl","https://kvasnyprumysl.eu/index.php/kp/gateway/plugin/WebFeedGatewayPlugin/atom","feed-with-entries","200","atom","30","2026-10-04T12:56:49.948890+00:00","https://kvasnyprumysl.eu/index.php/kp/gateway/plugin/WebFeedGatewayPlugin/atom"
"64ad4ce5e7276980","Kyiv-Mohyla Humanities Journal","https://kmhj.ukma.edu.ua/gateway/plugin/WebFeedGatewayPlugin/atom","feed-with-entries","200","atom","11","2026-10-04T12:56:48.609248+00:00","https://kmhj.ukma.edu.ua/gateway/plugin/WebFeedGatewayPlugin/atom"
"ef366a3dbe61b4c5","L1 Educational Studies in Language and Literature","https://l1research.org/gateway/plugin/WebFeedGatewayPlugin/atom","tls-or-network-error","","","","2026-10-04T12:56:50.252991+00:00",""
"afd2391e2446ae17","LAB ANIMAL","https://www.nature.com/laban.rss","feed-with-entries","200","rdf","8","2026-10-04T13:02:18.060987+00:00","https://www.nature.com/laban.rss?error=cookies_not_supported&code=a104495c-2833-470e-940f-d72a185f9840"
"7af378bff7ce5a4c","Labor-Studies in Working-Class History of the Americas","https://lawcha.org/comments/feed/","feed-with-entries","200","rss","10","2026-10-04T12:56:51.925742+00:00","https://lawcha.org/comments/feed/"
"ea8c42778321107f","Laboratorium-Russian Review of Social Research","https://soclabo.org/index.php/laboratorium/gateway/plugin/WebFeedGatewayPlugin/atom","feed-with-entries","200","atom","14","2026-10-04T12:59:02.815668+00:00","https://soclabo.org/index.php/laboratorium/gateway/plugin/WebFeedGatewayPlugin/atom"
"03abd28ecf44fc41","LABORATORY INVESTIGATION","https://www.nature.com/labinvest.rss","feed-with-entries","200","rdf","8","2026-10-04T13:02:18.972837+00:00","https://www.nature.com/labinvest.rss?error=cookies_not_supported&code=2c741341-58bb-43a6-b1cc-196a724fa803"
"fede45dc0d41365b","LABOUR ECONOMICS","https://rss.sciencedirect.com/publication/science/09275371","feed-with-entries","200","rss","41","2026-10-04T13:06:32.190706+00:00","https://rss.sciencedirect.com/publication/science/09275371"
"8a9584f7454aaf56","Landbauforschung-Journal of Sustainable and Organic Agricultural Systems","https://ojs.openagrar.de/index.php/LBF/gateway/plugin/WebFeedGatewayPlugin/atom","feed-with-entries","200","atom","4","2026-10-04T13:00:59.982079+00:00","https://ojs.openagrar.de/index.php/LBF/gateway/plugin/WebFeedGatewayPlugin/atom"
"10c67a9147c98585","Landscape Architecture and Art","https://journals.llu.lv/laa/gateway/plugin/WebFeedGatewayPlugin/atom","feed-with-entries","200","atom","30","2026-10-04T12:56:33.128568+00:00","https://journals.llu.lv/laa/gateway/plugin/WebFeedGatewayPlugin/atom"
"3bd998475913ed0a","LANGUAGE & COMMUNICATION","https://rss.sciencedirect.com/publication/science/02715309","feed-with-entries","200","rss","15","2026-10-04T13:06:32.781841+00:00","https://rss.sciencedirect.com/publication/science/02715309"
"d1798acb3c0e3892","Large Animal Review","https://www.largeanimalreview.com/index.php/lar/gateway/plugin/WebFeedGatewayPlugin/atom","feed-with-entries","200","atom","24","2026-10-04T13:00:09.326823+00:00","https://www.largeanimalreview.com/index.php/lar/gateway/plugin/WebFeedGatewayPlugin/atom"
"dfdc7ec901930af0","LATIN AMERICAN APPLIED RESEARCH","https://laar.plapiqui.edu.ar/OJS/index.php/laar/gateway/plugin/WebFeedGatewayPlugin/atom","feed-with-entries","200","atom","30","2026-10-04T12:56:50.802396+00:00","https://laar.plapiqui.edu.ar/OJS/index.php/laar/gateway/plugin/WebFeedGatewayPlugin/atom"
"b1efb047464693c8","Latin American Journal of Content & Language Integrated-LACLIL","https://laclil.unisabana.edu.co/index.php/LACLIL/gateway/plugin/AnnouncementFeedGatewayPlugin/atom","network-or-safety-error","","","","2026-10-04T12:56:50.803193+00:00",""
"1bb62204e88a04c1","Latin Americanist","https://secolas.org/comments/feed/","feed-with-entries","200","rss","3","2026-10-04T12:58:58.842340+00:00","https://secolas.org/comments/feed/"
"bc3426fbcdeef350","LEADERSHIP QUARTERLY","https://rss.sciencedirect.com/publication/science/10489843","feed-with-entries","200","rss","11","2026-10-04T13:06:33.466328+00:00","https://rss.sciencedirect.com/publication/science/10489843"
"d2516f3d6323fc02","LEARNING AND INSTRUCTION","https://rss.sciencedirect.com/publication/science/09594752","feed-with-entries","200","rss","36","2026-10-04T13:06:33.845953+00:00","https://rss.sciencedirect.com/publication/science/09594752"
"fa60103edb720fb8","LEARNING AND MOTIVATION","https://rss.sciencedirect.com/publication/science/00239690","feed-with-entries","200","rss","63","2026-10-04T13:06:34.200495+00:00","https://rss.sciencedirect.com/publication/science/00239690"
"28c772723527c9a4","Learning Disabilities-A Multidisciplinary Journal","https://www.js.sagamorepub.com/index.php/ldmj/gateway/plugin/WebFeedGatewayPlugin/atom","feed-with-entries","200","atom","30","2026-10-04T13:01:12.065083+00:00","https://www.js.sagamorepub.com/index.php/ldmj/gateway/plugin/WebFeedGatewayPlugin/atom"
"ac347fbdc02b1be1","Lexikos","https://lexikos.journals.ac.za/pub/gateway/plugin/WebFeedGatewayPlugin/atom","feed-with-entries","200","atom","18","2026-10-04T12:56:52.245354+00:00","https://lexikos.journals.ac.za/pub/gateway/plugin/WebFeedGatewayPlugin/atom"
"ceac9aaa1f07e349","Lexonomica","https://journals.um.si/index.php/lexonomica/gateway/plugin/WebFeedGatewayPlugin/atom","feed-with-entries","200","atom","30","2026-10-04T12:56:40.131612+00:00","https://journals.um.si/index.php/lexonomica/gateway/plugin/WebFeedGatewayPlugin/atom"
"e3c0b178dc0d33f3","LIBRARY & INFORMATION SCIENCE RESEARCH","https://rss.sciencedirect.com/publication/science/07408188","feed-with-entries","200","rss","8","2026-10-04T13:06:34.575229+00:00","https://rss.sciencedirect.com/publication/science/07408188"
"e77664c0721a0c46","LIBRARY RESOURCES & TECHNICAL SERVICES","https://journals.ala.org/index.php/lrts/gateway/plugin/WebFeedGatewayPlugin/atom","network-or-safety-error","","","","2026-10-04T12:56:29.004416+00:00",""
"6f69ef21c86e468b","Light-Science & Applications","https://www.nature.com/lsa.rss","feed-with-entries","200","rdf","8","2026-10-04T13:02:20.994755+00:00","https://www.nature.com/lsa.rss?error=cookies_not_supported&code=4ec51563-17d5-4223-9b52-4961a6d41a73"
"2f201fc6e40c5a97","Limite-Revista de Estudios Portugueses y de la Lusofonia","https://revista-limite.unex.es/index.php/limite/gateway/plugin/WebFeedGatewayPlugin/atom","access-blocked","403","","","2026-10-04T12:57:53.304989+00:00",""
"3559496955bb9c89","LIMNOLOGICA","https://rss.sciencedirect.com/publication/science/00759511","feed-with-entries","200","rss","18","2026-10-04T13:06:35.686380+00:00","https://rss.sciencedirect.com/publication/science/00759511"
"0f900880bb4663ca","Linguistics and Education","https://rss.sciencedirect.com/publication/science/08985898","feed-with-entries","200","rss","17","2026-10-04T13:06:36.042678+00:00","https://rss.sciencedirect.com/publication/science/08985898"
"073fb9469db0b752","Literatura e Sociedade","https://revistas.usp.br/ls/pt_BR/gateway/plugin/WebFeedGatewayPlugin/atom","feed-with-entries","200","atom","30","2026-10-04T12:58:34.396602+00:00","https://revistas.usp.br/ls/pt_BR/gateway/plugin/WebFeedGatewayPlugin/atom"
"997bdebd3d351fd4","Lithuanian Journal of Physics","https://www.lmaleidykla.lt/ojs/index.php/physics/gateway/plugin/WebFeedGatewayPlugin/atom","feed-with-entries","200","atom","7","2026-10-04T13:01:12.741993+00:00","https://www.lmaleidykla.lt/ojs/index.php/physics/gateway/plugin/WebFeedGatewayPlugin/atom"
"eb7c73a81e0fee91","Local and Regional Anesthesia","https://www.dovepress.com/feed/journal/31","feed-with-entries","200","rss","30","2026-10-04T13:01:53.012342+00:00","https://www.dovepress.com/feed/journal/31"
"c40606b496256904","Logical Methods in Computer Science","https://lmcs.episciences.org/rss/papers","feed-with-entries","200","rss","30","2026-10-04T12:56:54.021608+00:00","https://api.episciences.org/api/feed/rss/lmcs"
"63f708141ae7d2e8","Logos-Revista de Linguistica Filosofia y Literatura","https://revistaschilenas.uchile.cl/feed/rss_1.0/2250/23881","feed-with-entries","200","rdf","4","2026-10-04T13:01:21.443760+00:00","https://revistaschilenas.uchile.cl/feed/rss_1.0/2250/23881"
"326ca0bdc1c36fb4","LONG RANGE PLANNING","https://rss.sciencedirect.com/publication/science/00246301","feed-with-entries","200","rss","19","2026-10-04T13:06:36.409617+00:00","https://rss.sciencedirect.com/publication/science/00246301"
"996225b2cdaa08aa","LYMPHOLOGY","http://journals.librarypublishing.arizona.edu/lymph/feed/","feed-with-entries","200","rss","10","2026-10-04T12:56:33.124297+00:00","https://journals.librarypublishing.arizona.edu/lymph/feed/"
"bc0147e136f72f88","Macedonian Journal of Chemistry and Chemical engineering","https://mjcce.org.mk/index.php/MJCCE/gateway/plugin/WebFeedGatewayPlugin/atom","network-or-safety-error","","","","2026-10-04T12:56:58.378927+00:00",""
"1236c6a2f1432e65","Madrygal-Revista de Estudios Gallegos","https://revistas.ucm.es/index.php/MADR/gateway/plugin/WebFeedGatewayPlugin/atom","feed-with-entries","200","atom","30","2026-10-04T13:01:34.012248+00:00","https://revistas.ucm.es/index.php/MADR/es/gateway/plugin/WebFeedGatewayPlugin/atom"
"f77416bbfee0026b","Magallanica-Revista de Historia Moderna","https://fh.mdp.edu.ar/revistas/index.php/magallanica/gateway/plugin/WebFeedGatewayPlugin/atom","feed-with-entries","200","atom","24","2026-10-04T13:01:15.394090+00:00","https://fh.mdp.edu.ar/revistas/index.php/magallanica/gateway/plugin/WebFeedGatewayPlugin/atom"
"ce866af0068ddd61","Makara Hubs-Asia","https://scholarhub.ui.ac.id/hubsasia/recent.rss","feed-with-entries","200","rss","20","2026-10-04T13:01:29.404075+00:00","https://scholarhub.ui.ac.id/hubsasia/recent.rss"
"46e082439eaabb84","Makara Journal of Health Research","https://scholarhub.ui.ac.id/mjhr/recent.rss","feed-with-entries","200","rss","20","2026-10-04T13:01:36.281834+00:00","https://scholarhub.ui.ac.id/mjhr/recent.rss"
"fae047ef6547c9bb","Makara Journal of Technology","https://scholarhub.ui.ac.id/mjt/recent.rss","feed-with-entries","200","rss","20","2026-10-04T13:01:39.232948+00:00","https://scholarhub.ui.ac.id/mjt/recent.rss"
"8ecfc06978682bc8","Malaysian Journal of Economic Studies","https://mjes.um.edu.my/index.php/MJES/gateway/plugin/WebFeedGatewayPlugin/atom","feed-with-entries","200","atom","30","2026-10-04T12:56:58.604359+00:00","https://mjes.um.edu.my/index.php/MJES/gateway/plugin/WebFeedGatewayPlugin/atom"
"8f440dc258365e60","Malaysian Journal of Fundamental and Applied Sciences","https://mjfas.utm.my/index.php/mjfas/gateway/plugin/WebFeedGatewayPlugin/atom","feed-with-entries","200","atom","30","2026-10-04T12:56:58.636708+00:00","https://mjfas.utm.my/index.php/mjfas/gateway/plugin/WebFeedGatewayPlugin/atom"
"f00f66204d29941e","Malaysian Journal of Learning & Instruction","https://e-journal.uum.edu.my/index.php/mjli/gateway/plugin/WebFeedGatewayPlugin/atom","feed-with-entries","200","atom","30","2026-10-04T13:00:52.299010+00:00","https://e-journal.uum.edu.my/index.php/mjli/gateway/plugin/WebFeedGatewayPlugin/atom"
"ad0189d15e8e233a","Management Theory and Studies for Rural Business and Infrastructure Development","https://ejournals.vdu.lt/index.php/mtsrbid/gateway/plugin/WebFeedGatewayPlugin/atom","feed-with-entries","200","atom","30","2026-10-04T12:55:27.269609+00:00","https://ejournals.vdu.lt/index.php/mtsrbid/gateway/plugin/WebFeedGatewayPlugin/atom"
"c20da81b8a95223e","MARINE AND PETROLEUM GEOLOGY","https://rss.sciencedirect.com/publication/science/02648172","feed-with-entries","200","rss","100","2026-10-04T13:06:36.992909+00:00","https://rss.sciencedirect.com/publication/science/02648172"
"b2bf3f5d7f482ec1","Marine Genomics","https://rss.sciencedirect.com/publication/science/18747787","feed-with-entries","200","rss","17","2026-10-04T13:06:37.535048+00:00","https://rss.sciencedirect.com/publication/science/18747787"
"456d8f517c52bda9","MARINE GEOLOGY","https://rss.sciencedirect.com/publication/science/00253227","feed-with-entries","200","rss","33","2026-10-04T13:06:37.951005+00:00","https://rss.sciencedirect.com/publication/science/00253227"
"58611dd59e301e16","Maritime Transport Research","https://rss.sciencedirect.com/publication/science/2666822X","feed-with-entries","200","rss","16","2026-10-04T13:06:38.546402+00:00","https://rss.sciencedirect.com/publication/science/2666822X"
"f69859b5d133ea3f","Matematiche","https://lematematiche.dmi.unict.it/index.php/lematematiche/gateway/plugin/WebFeedGatewayPlugin/atom","tls-or-network-error","","","","2026-10-04T12:56:51.985529+00:00",""
"c15bd36f92dd43a8","Materia Arquitectura","https://www.materiaarquitectura.com/index.php/MA/gateway/plugin/WebFeedGatewayPlugin/atom","feed-with-entries","200","atom","14","2026-10-04T13:00:11.320165+00:00","https://www.materiaarquitectura.com/index.php/MA/gateway/plugin/WebFeedGatewayPlugin/atom"
"2752a547c46e2539","Materia-Rio de Janeiro","https://www.scielo.br/journal/rmat/feed/","access-blocked","403","","","2026-10-04T13:01:49.287634+00:00",""
"d8db75da664e586d","Materiales para la Historia del Deporte","https://polired.upm.es/index.php/materiales_historia_deporte/gateway/plugin/WebFeedGatewayPlugin/atom","feed-with-entries","200","atom","30","2026-10-04T13:01:27.484367+00:00","https://polired.upm.es/index.php/materiales_historia_deporte/gateway/plugin/WebFeedGatewayPlugin/atom"
"eaea70a9faa16d71","MATERIALS CHARACTERIZATION","https://rss.sciencedirect.com/publication/science/10445803","feed-with-entries","200","rss","100","2026-10-04T13:06:38.902293+00:00","https://rss.sciencedirect.com/publication/science/10445803"
"10619995ea68ff4d","MATERIALS CHEMISTRY AND PHYSICS","https://rss.sciencedirect.com/publication/science/02540584","feed-with-entries","200","rss","97","2026-10-04T13:06:39.460943+00:00","https://rss.sciencedirect.com/publication/science/02540584"
"700cdea1279a998d","Materials Letters-X","https://rss.sciencedirect.com/publication/science/25901508","feed-with-entries","200","rss","24","2026-10-04T13:06:40.068130+00:00","https://rss.sciencedirect.com/publication/science/25901508"
"0608f07b213d90b9","Materials Science and Engineering B-Advanced Functional Solid-State Materials","https://rss.sciencedirect.com/publication/science/09215107","feed-with-entries","200","rss","84","2026-10-04T13:06:40.461434+00:00","https://rss.sciencedirect.com/publication/science/09215107"
"997abcbd81e9f3a8","Materials Today Bio","https://rss.sciencedirect.com/publication/science/25900064","feed-with-entries","200","rss","100","2026-10-04T13:06:41.111153+00:00","https://rss.sciencedirect.com/publication/science/25900064"
"405cfb2141d6eb17","Materials Today Communications","https://rss.sciencedirect.com/publication/science/23524928","feed-with-entries","200","rss","100","2026-10-04T13:06:41.794782+00:00","https://rss.sciencedirect.com/publication/science/23524928"
"1f4457d4c93e5b2e","Materials Today Physics","https://rss.sciencedirect.com/publication/science/25425293","feed-with-entries","200","rss","80","2026-10-04T13:06:42.189532+00:00","https://rss.sciencedirect.com/publication/science/25425293"
"0245df049644ba33","MATHEMATICA SCANDINAVICA","https://www.mscand.dk/gateway/plugin/WebFeedGatewayPlugin/atom","not-found","404","","","2026-10-04T13:00:14.312157+00:00",""
"6cdd03da0c6b1f8d","Mathematics Enthusiast","https://scholarworks.umt.edu/tme/recent.rss","feed-with-entries","200","rss","20","2026-10-04T12:58:58.146092+00:00","https://scholarworks.umt.edu/tme/recent.rss"
"0d30dfccf3764feb","McGill Journal of Education","https://mje.mcgill.ca/gateway/plugin/WebFeedGatewayPlugin/atom","feed-with-entries","200","atom","15","2026-10-04T12:56:58.390421+00:00","https://mje.mcgill.ca/gateway/plugin/WebFeedGatewayPlugin/atom"
"6c9117f4ffa755ad","McGill Journal of Law and Health","https://mjlh.mcgill.ca/comments/feed/","feed-with-entries","200","rss","5","2026-10-04T12:56:58.904367+00:00","https://mjlh.mcgill.ca/comments/feed/"
"506b826ba0b4bb5b","MEASUREMENT","https://rss.sciencedirect.com/publication/science/02632241","feed-with-entries","200","rss","100","2026-10-04T13:06:42.568983+00:00","https://rss.sciencedirect.com/publication/science/02632241"
"302e520d86873b5f","MEAT SCIENCE","https://rss.sciencedirect.com/publication/science/03091740","feed-with-entries","200","rss","38","2026-10-04T13:06:43.146395+00:00","https://rss.sciencedirect.com/publication/science/03091740"
"3dcf6f3b737df27a","MECHANICAL SYSTEMS AND SIGNAL PROCESSING","https://rss.sciencedirect.com/publication/science/08883270","feed-with-entries","200","rss","100","2026-10-04T13:06:43.754593+00:00","https://rss.sciencedirect.com/publication/science/08883270"
"3490e0c61e4c12e2","MECHATRONICS","https://rss.sciencedirect.com/publication/science/09574158","feed-with-entries","200","rss","23","2026-10-04T13:06:44.374089+00:00","https://rss.sciencedirect.com/publication/science/09574158"
"9427ca82731a6368","Medical Devices-Evidence and Research","https://www.dovepress.com/feed/journal/24","feed-with-entries","200","rss","30","2026-10-04T13:01:54.048203+00:00","https://www.dovepress.com/feed/journal/24"
"cdb474ccf3fef49e","MEDICAL PROBLEMS OF PERFORMING ARTISTS","https://api.ingentaconnect.com/content/scimed/mppa/latest?format=rss","access-blocked","403","","","2026-10-04T13:01:25.095598+00:00",""
"09aeceaa33e65e22","Medical Ultrasonography","https://www.medultrason.ro/medultrason/index.php/medultrason/gateway/plugin/WebFeedGatewayPlugin/atom","feed-with-entries","200","atom","23","2026-10-04T13:00:14.129489+00:00","https://www.medultrason.ro/medultrason/index.php/medultrason/gateway/plugin/WebFeedGatewayPlugin/atom"
"42d12463c5dbbb22","Medical-Surgical Journal-Revista Medico-Chirurgicala","https://revmedchir.ro/index.php/revmedchir/gateway/plugin/WebFeedGatewayPlugin/atom","feed-with-entries","200","atom","30","2026-10-04T12:58:40.685209+00:00","https://revmedchir.ro/index.php/revmedchir/gateway/plugin/WebFeedGatewayPlugin/atom"
"8ab495ba285248c1","Medicina del Lavoro","https://www.mattioli1885journals.com/index.php/lamedicinadellavoro/gateway/plugin/WebFeedGatewayPlugin/atom","feed-with-entries","200","atom","30","2026-10-04T13:00:13.074887+00:00","https://www.mattioli1885journals.com/index.php/lamedicinadellavoro/gateway/plugin/WebFeedGatewayPlugin/atom"
"e15f084da1dad344","Medicina-Lithuania","https://medicina.lsmuni.lt/feed/","feed-with-entries","200","rss","10","2026-10-04T12:56:55.248792+00:00","https://medicina.lsmuni.lt/feed/"
"30cd60cfb6f4fb40","Medicine Law & Society","https://journals.um.si/index.php/medicine/en/gateway/plugin/WebFeedGatewayPlugin/atom","feed-with-entries","200","atom","30","2026-10-04T13:00:57.003841+00:00","https://journals.um.si/index.php/medicine/en/gateway/plugin/WebFeedGatewayPlugin/atom"
"05ecdbc1c2654b7b","Metabolic Engineering Communications","https://rss.sciencedirect.com/publication/science/22140301","feed-with-entries","200","rss","19","2026-10-04T13:06:44.776285+00:00","https://rss.sciencedirect.com/publication/science/22140301"
"eba51bae88e9e578","Metallurgical & Materials Engineering","https://metall-mater-eng.com/index.php/home/gateway/plugin/WebFeedGatewayPlugin/atom","feed-with-entries","200","atom","3","2026-10-04T12:56:57.726225+00:00","https://metall-mater-eng.com/index.php/home/gateway/plugin/WebFeedGatewayPlugin/atom"
"ca80ef78d18fac11","Methods Data Analyses","https://majournals.bib.uni-mannheim.de/mda/gateway/plugin/WebFeedGatewayPlugin/atom","feed-with-entries","200","atom","9","2026-10-04T12:56:54.064966+00:00","https://majournals.bib.uni-mannheim.de/mda/gateway/plugin/WebFeedGatewayPlugin/atom"
"b3644cc19aaa44cd","Mexican Law Review","https://revistas.juridicas.unam.mx/index.php/mexican-law-review/gateway/plugin/WebFeedGatewayPlugin/atom","feed-with-entries","200","atom","6","2026-10-04T12:58:15.231533+00:00","https://revistas.juridicas.unam.mx/index.php/mexican-law-review/gateway/plugin/WebFeedGatewayPlugin/atom"
"eb473c75e7c3e85d","Micro and Nano Engineering","https://rss.sciencedirect.com/publication/science/25900072","feed-with-entries","200","rss","36","2026-10-04T13:06:45.370212+00:00","https://rss.sciencedirect.com/publication/science/25900072"
"f96619de0df3e9ce","MICROWAVE JOURNAL","https://www.microwavejournal.com/rss/articles","access-blocked","403","","","2026-10-04T13:00:14.157352+00:00",""
"1a71f37c83387d26","MIDWIFERY","https://rss.sciencedirect.com/publication/science/02666138","feed-with-entries","200","rss","62","2026-10-04T13:06:45.762672+00:00","https://rss.sciencedirect.com/publication/science/02666138"
"a014e8402d31cb1c","Mindanao Journal of Science and Technology","https://mjst.ustp.edu.ph/index.php/mjst/gateway/plugin/WebFeedGatewayPlugin/atom","feed-with-entries","200","atom","12","2026-10-04T12:56:58.963240+00:00","https://mjst.ustp.edu.ph/index.php/mjst/gateway/plugin/WebFeedGatewayPlugin/atom"
"32bf7154d6980a36","MIS Quarterly Executive","https://aisel.aisnet.org/misqe/recent.rss","feed-with-entries","200","rss","20","2026-10-04T13:01:14.357022+00:00","https://aisel.aisnet.org/misqe/recent.rss"
"add7f0c2d296588a","MITOCHONDRION","https://rss.sciencedirect.com/publication/science/15677249","feed-with-entries","200","rss","38","2026-10-04T13:06:46.336967+00:00","https://rss.sciencedirect.com/publication/science/15677249"
"24c3d3e01a564073","MLTJ-Muscles Ligaments and Tendons Journal","https://www.ejcrim.com/index.php/mltj/gateway/plugin/WebFeedGatewayPlugin/atom","feed-with-entries","200","atom","30","2026-10-04T12:59:43.881278+00:00","https://www.ejcrim.com/index.php/mltj/gateway/plugin/WebFeedGatewayPlugin/atom"
"94ecd694ff272a52","MMWR-MORBIDITY AND MORTALITY WEEKLY REPORT","https://tools.cdc.gov/api/v2/resources/media/342778.rss","feed-with-entries","200","rss","2332","2026-10-04T12:59:09.194716+00:00","https://tools.cdc.gov/api/v2/resources/media/342778.rss"
"7caa9f0d7abaad48","MODERN PATHOLOGY","https://www.nature.com/modpathol.rss","feed-with-entries","200","rdf","8","2026-10-04T13:02:22.240108+00:00","https://www.nature.com/modpathol.rss"
"9d19e1b0d0732719","Modern Stochastics-Theory and Applications","https://www.vmsta.org/journal/VMSTA/feeds/latest","feed-with-entries","200","rss","10","2026-10-04T13:00:48.780254+00:00","https://www.vmsta.org/journal/VMSTA/feeds/latest"
"535c10f60ced611e","MOLECULAR AND BIOCHEMICAL PARASITOLOGY","https://rss.sciencedirect.com/publication/science/01666851","feed-with-entries","200","rss","28","2026-10-04T13:06:46.902035+00:00","https://rss.sciencedirect.com/publication/science/01666851"
"c0064abf7661735e","MOLECULAR AND CELLULAR PROBES","https://rss.sciencedirect.com/publication/science/08908508","feed-with-entries","200","rss","13","2026-10-04T13:06:47.470557+00:00","https://rss.sciencedirect.com/publication/science/08908508"
"f4f2644d412c1583","MOLECULAR ASPECTS OF MEDICINE","https://rss.sciencedirect.com/publication/science/00982997","feed-with-entries","200","rss","12","2026-10-04T13:06:47.860089+00:00","https://rss.sciencedirect.com/publication/science/00982997"
"bc5a74d78c41fe27","Molecular Catalysis","https://rss.sciencedirect.com/publication/science/24688231","feed-with-entries","200","rss","55","2026-10-04T13:06:48.240837+00:00","https://rss.sciencedirect.com/publication/science/24688231"
"e077ae602fd2592f","MOLECULAR PHYLOGENETICS AND EVOLUTION","https://rss.sciencedirect.com/publication/science/10557903","feed-with-entries","200","rss","34","2026-10-04T13:06:48.918388+00:00","https://rss.sciencedirect.com/publication/science/10557903"
"bee92b6edab8992d","MOLECULAR PSYCHIATRY","https://www.nature.com/mp.rss","feed-with-entries","200","rdf","8","2026-10-04T13:02:22.964801+00:00","https://www.nature.com/mp.rss"
"b972231aa0b2dd8f","Molecular Therapy Methods & Clinical Development","https://rss.sciencedirect.com/publication/science/23290501","feed-with-entries","200","rss","89","2026-10-04T13:06:50.026109+00:00","https://rss.sciencedirect.com/publication/science/23290501"
"aac1ea2a7496a37a","Montenegrin Journal of Sports Science and Medicine","https://mjssm.me/rss/","feed-with-entries","200","rss","30","2026-10-04T12:56:58.945182+00:00","https://mjssm.me/rss/"
"61d150be1e4e4100","MONUMENTA NIPPONICA","https://dept.sophia.ac.jp/monumenta/feed/","feed-with-entries","200","rss","48","2026-10-04T12:55:13.889408+00:00","https://dept.sophia.ac.jp/monumenta/feed/"
"40be3e858bb23592","Moroccan Journal of Chemistry","https://rss.sciencedirect.com/publication/science/00224898","feed-with-entries","200","rss","23","2026-10-04T13:06:50.413367+00:00","https://rss.sciencedirect.com/publication/science/00224898"
"317f35e7e782fd54","Mucosal Immunology","https://www.nature.com/mi.rss","feed-with-entries","200","rdf","8","2026-10-04T13:02:24.077292+00:00","https://www.nature.com/mi.rss"
"a707796bd184accf","Mundo Agrario","https://www.mundoagrario.unlp.edu.ar/gateway/plugin/AnnouncementFeedGatewayPlugin/atom","feed-with-entries","200","atom","6","2026-10-04T13:00:14.390649+00:00","https://www.mundoagrario.unlp.edu.ar/gateway/plugin/AnnouncementFeedGatewayPlugin/atom"
"7d7b9c1cb2624eca","Musicologica Brunensia","https://journals.phil.muni.cz/musicologica-brunensia/gateway/plugin/WebFeedGatewayPlugin/atom","feed-with-entries","200","atom","7","2026-10-04T13:00:55.953669+00:00","https://journals.phil.muni.cz/musicologica-brunensia/gateway/plugin/WebFeedGatewayPlugin/atom"
"e443e551431f6b42","MUSLIM WORLD","https://www.themwl.org/en/rss.xml","feed-with-entries","200","rss","10","2026-10-04T13:00:44.132243+00:00","https://www.themwl.org/en/rss.xml"
"4e952c1f236672f6","MUTATION RESEARCH-FUNDAMENTAL AND MOLECULAR MECHANISMS OF MUTAGENESIS","https://rss.sciencedirect.com/publication/science/13861964","feed-with-entries","200","rss","27","2026-10-04T13:06:50.976372+00:00","https://rss.sciencedirect.com/publication/science/13861964"
"5832c51e7a790172","Muzikologija-Musicology","https://muzikologija-musicology.com/index.php/MM/gateway/plugin/WebFeedGatewayPlugin/atom","feed-with-entries","200","atom","30","2026-10-04T12:57:00.190852+00:00","https://muzikologija-musicology.com/index.php/MM/gateway/plugin/WebFeedGatewayPlugin/atom"
"2d9593125ea0f14d","Nano Hybrids and Composites","https://www.scientific.net/NHC/Rss","feed-with-entries","200","rss","8","2026-10-04T13:01:24.379585+00:00","https://www.scientific.net/NHC/Rss"
"b203cd3d06d57224","Nanoscale","http://feeds.rsc.org/rss/nr","feed-with-entries","200","rss","100","2026-10-04T13:01:31.528965+00:00","http://feeds.rsc.org/rss/nr"
"d592eddffea98806","NATURE","https://www.nature.com/nature.rss","feed-with-entries","200","rdf","75","2026-10-04T13:02:25.133545+00:00","https://www.nature.com/nature.rss?error=cookies_not_supported&code=8ff9d1b2-5d27-4df1-a1e7-831994f72d34"
"5b8ec588272293d3","Nature Aging","https://www.nature.com/nataging.rss","feed-with-entries","200","rdf","8","2026-10-04T13:02:26.094685+00:00","https://www.nature.com/nataging.rss"
"6b9e595febd04193","Nature Astronomy","https://www.nature.com/natastron.rss","feed-with-entries","200","rdf","8","2026-10-04T13:02:27.020487+00:00","https://www.nature.com/natastron.rss"
"caf9a8077abbe9b5","Nature Biomedical Engineering","https://www.nature.com/natbiomedeng.rss","feed-with-entries","200","rdf","8","2026-10-04T13:02:28.260857+00:00","https://www.nature.com/natbiomedeng.rss?error=cookies_not_supported&code=dd849ead-ee83-449c-b043-53ab0886c6bb"
"eef52f982c3a729c","NATURE BIOTECHNOLOGY","https://www.nature.com/nbt.rss","feed-with-entries","200","rdf","8","2026-10-04T13:02:29.966420+00:00","https://www.nature.com/nbt.rss"
"d0060149b9460ec0","Nature Cancer","https://www.nature.com/natcancer.rss","feed-with-entries","200","rdf","8","2026-10-04T13:02:30.571814+00:00","https://www.nature.com/natcancer.rss"
"4b488bc89c8737d2","Nature Cardiovascular Research","https://www.nature.com/natcardiovascres.rss","feed-with-entries","200","rdf","8","2026-10-04T13:02:31.713214+00:00","https://www.nature.com/natcardiovascres.rss"
"efb4b3ea05c9dfcc","NATURE CELL BIOLOGY","https://www.nature.com/ncb.rss","feed-with-entries","200","rdf","8","2026-10-04T13:02:32.378713+00:00","https://www.nature.com/ncb.rss"
"2fe6f64cb858726d","Nature Chemical Biology","https://www.nature.com/nchembio.rss","feed-with-entries","200","rdf","8","2026-10-04T13:02:32.991398+00:00","https://www.nature.com/nchembio.rss"
"a1c4fbeae1c37418","Nature Chemistry","https://www.nature.com/nchem.rss","feed-with-entries","200","rdf","8","2026-10-04T13:02:34.410292+00:00","https://www.nature.com/nchem.rss"
"88163e4a947a75a3","Nature Climate Change","https://www.nature.com/nclimate.rss","feed-with-entries","200","rdf","8","2026-10-04T13:02:35.686419+00:00","https://www.nature.com/nclimate.rss"
"4499d5b8cfbf0a50","Nature Communications","https://www.nature.com/ncomms.rss","feed-with-entries","200","rdf","8","2026-10-04T13:02:36.580265+00:00","https://www.nature.com/ncomms.rss"
"e83e8e600ae09702","Nature Computational Science","https://www.nature.com/natcomputsci.rss","feed-with-entries","200","rdf","8","2026-10-04T13:02:37.442371+00:00","https://www.nature.com/natcomputsci.rss"
"dbf12f6d87036af6","Nature Ecology & Evolution","https://www.nature.com/natecolevol.rss","feed-with-entries","200","rdf","8","2026-10-04T13:02:38.631391+00:00","https://www.nature.com/natecolevol.rss"
"743f1580200429c3","Nature Electronics","https://www.nature.com/natelectron.rss","feed-with-entries","200","rdf","8","2026-10-04T13:02:39.959321+00:00","https://www.nature.com/natelectron.rss"
"29bf4826457de292","Nature Energy","https://www.nature.com/nenergy.rss","feed-with-entries","200","rdf","8","2026-10-04T13:02:41.202917+00:00","https://www.nature.com/nenergy.rss"
"128839400a58decc","Nature Food","https://www.nature.com/natfood.rss","feed-with-entries","200","rdf","8","2026-10-04T13:02:42.561533+00:00","https://www.nature.com/natfood.rss"
"b037d5f3f80510d0","NATURE GENETICS","https://www.nature.com/ng.rss","feed-with-entries","200","rdf","8","2026-10-04T13:02:44.164809+00:00","https://www.nature.com/ng.rss"
"2c7d1973ff051c84","Nature Geoscience","https://www.nature.com/ngeo.rss","feed-with-entries","200","rdf","8","2026-10-04T13:02:45.396356+00:00","https://www.nature.com/ngeo.rss"
"9423444caa0d806e","Nature Human Behaviour","https://www.nature.com/nathumbehav.rss","feed-with-entries","200","rdf","8","2026-10-04T13:02:47.044405+00:00","https://www.nature.com/nathumbehav.rss"
"3c3f6c4ad5176e69","NATURE IMMUNOLOGY","https://www.nature.com/ni.rss","feed-with-entries","200","rdf","8","2026-10-04T13:02:48.181111+00:00","https://www.nature.com/ni.rss"
"02736d1b8f8c9d3a","Nature Machine Intelligence","https://www.nature.com/natmachintell.rss","feed-with-entries","200","rdf","8","2026-10-04T13:02:49.963646+00:00","https://www.nature.com/natmachintell.rss"
"641e41138a74d7a2","NATURE MATERIALS","https://www.nature.com/nmat.rss","feed-with-entries","200","rdf","8","2026-10-04T13:02:51.281480+00:00","https://www.nature.com/nmat.rss"
"b689edc034ad2938","NATURE MEDICINE","https://www.nature.com/nm.rss","feed-with-entries","200","rdf","8","2026-10-04T13:02:52.067671+00:00","https://www.nature.com/nm.rss"
"c16a98e37d63a05e","Nature Metabolism","https://www.nature.com/natmetab.rss","feed-with-entries","200","rdf","8","2026-10-04T13:02:52.602065+00:00","https://www.nature.com/natmetab.rss"
"09711f1e825877b4","NATURE METHODS","https://www.nature.com/nmeth.rss","feed-with-entries","200","rdf","8","2026-10-04T13:02:53.095961+00:00","https://www.nature.com/nmeth.rss"
"386522eefe395904","Nature Microbiology","https://www.nature.com/nmicrobiol.rss","feed-with-entries","200","rdf","8","2026-10-04T13:02:54.252413+00:00","https://www.nature.com/nmicrobiol.rss"
"c52182f28b1c6b81","Nature Nanotechnology","https://www.nature.com/nnano.rss","feed-with-entries","200","rdf","8","2026-10-04T13:02:55.102906+00:00","https://www.nature.com/nnano.rss"
"218783bc6f3991c1","NATURE NEUROSCIENCE","https://www.nature.com/neuro.rss","feed-with-entries","200","rdf","8","2026-10-04T13:02:56.086720+00:00","https://www.nature.com/neuro.rss"
"3dc9481f935b3cb2","Nature Photonics","https://www.nature.com/nphoton.rss","feed-with-entries","200","rdf","8","2026-10-04T13:02:57.191597+00:00","https://www.nature.com/nphoton.rss?error=cookies_not_supported&code=4e42c6de-b13b-4e8e-969b-35a0590f24db"
"93a2c7d45f0f7134","Nature Physics","https://www.nature.com/nphys.rss","feed-with-entries","200","rdf","8","2026-10-04T13:02:59.758086+00:00","https://www.nature.com/nphys.rss"
"21e7d7ddab7ebb55","Nature Plants","https://www.nature.com/nplants.rss","feed-with-entries","200","rdf","8","2026-10-04T13:03:00.636114+00:00","https://www.nature.com/nplants.rss"
"7e35e7bf2f9f3757","Nature Protocols","https://www.nature.com/nprot.rss","feed-with-entries","200","rdf","8","2026-10-04T13:03:01.215649+00:00","https://www.nature.com/nprot.rss"
"d56d27e2f9dd26e9","NATURE REVIEWS CANCER","https://www.nature.com/nrc.rss","feed-with-entries","200","rdf","8","2026-10-04T13:03:02.369762+00:00","https://www.nature.com/nrc.rss"
"64223ac95c3430cf","Nature Reviews Cardiology","https://www.nature.com/nrcardio.rss","feed-with-entries","200","rdf","8","2026-10-04T13:03:03.315485+00:00","https://www.nature.com/nrcardio.rss"
"0aa296b57b11d04f","Nature Reviews Chemistry","https://www.nature.com/natrevchem.rss","feed-with-entries","200","rdf","8","2026-10-04T13:03:04.267490+00:00","https://www.nature.com/natrevchem.rss"
"e5a80d1257379ae7","Nature Reviews Clinical Oncology","https://www.nature.com/nrclinonc.rss","feed-with-entries","200","rdf","8","2026-10-04T13:03:05.027319+00:00","https://www.nature.com/nrclinonc.rss"
"34bb68f8752433f3","Nature Reviews Disease Primers","https://www.nature.com/nrdp.rss","feed-with-entries","200","rdf","8","2026-10-04T13:03:06.038880+00:00","https://www.nature.com/nrdp.rss?error=cookies_not_supported&code=663fc7da-f2de-4969-861e-698000e97d17"
"695a48c21898c2f3","NATURE REVIEWS DRUG DISCOVERY","https://www.nature.com/nrd.rss","feed-with-entries","200","rdf","8","2026-10-04T13:03:07.819833+00:00","https://www.nature.com/nrd.rss"
"e60b0c7b379cd748","Nature Reviews Earth & Environment","https://www.nature.com/natrevearthenviron.rss","feed-with-entries","200","rdf","8","2026-10-04T13:03:09.061361+00:00","https://www.nature.com/natrevearthenviron.rss"
"7d68a3599aa4c170","Nature Reviews Endocrinology","https://www.nature.com/nrendo.rss","feed-with-entries","200","rdf","8","2026-10-04T13:03:09.459260+00:00","https://www.nature.com/nrendo.rss?error=cookies_not_supported&code=138ebe97-ad9c-4691-937e-381a7540fe00"
"0bfb4d03f49d73a9","Nature Reviews Gastroenterology & Hepatology","https://www.nature.com/nrgastro.rss","feed-with-entries","200","rdf","8","2026-10-04T13:03:11.515452+00:00","https://www.nature.com/nrgastro.rss"
"8b8227e23842417f","NATURE REVIEWS GENETICS","https://www.nature.com/nrg.rss","feed-with-entries","200","rdf","8","2026-10-04T13:03:12.700391+00:00","https://www.nature.com/nrg.rss"
"3cba4926170b97fb","NATURE REVIEWS IMMUNOLOGY","https://www.nature.com/nri.rss","feed-with-entries","200","rdf","8","2026-10-04T13:03:13.074050+00:00","https://www.nature.com/nri.rss"
"7905e8000edd7a88","Nature Reviews Materials","https://www.nature.com/natrevmats.rss","feed-with-entries","200","rdf","8","2026-10-04T13:03:13.852296+00:00","https://www.nature.com/natrevmats.rss"
"cc7823fe27040fd8","Nature Reviews Methods Primers","https://www.nature.com/nrmp.rss","feed-with-entries","200","rdf","8","2026-10-04T13:03:14.885984+00:00","https://www.nature.com/nrmp.rss"
"b3b0867a9a4b519e","NATURE REVIEWS MICROBIOLOGY","https://www.nature.com/nrmicro.rss","feed-with-entries","200","rdf","8","2026-10-04T13:03:15.646885+00:00","https://www.nature.com/nrmicro.rss"
"112c992668d8af2d","NATURE REVIEWS MOLECULAR CELL BIOLOGY","https://www.nature.com/nrm.rss","feed-with-entries","200","rdf","8","2026-10-04T13:03:16.001070+00:00","https://www.nature.com/nrm.rss"
"b01f8201c344c2ac","Nature Reviews Nephrology","https://www.nature.com/nrneph.rss","feed-with-entries","200","rdf","8","2026-10-04T13:03:16.422180+00:00","https://www.nature.com/nrneph.rss?error=cookies_not_supported&code=ac52d12a-5bff-4251-8d59-a25a471a9898"
"88179e4873a381a0","Nature Reviews Neurology","https://www.nature.com/nrneurol.rss","feed-with-entries","200","rdf","8","2026-10-04T13:03:17.563276+00:00","https://www.nature.com/nrneurol.rss"
"bb20a6147b624e5d","NATURE REVIEWS NEUROSCIENCE","https://www.nature.com/nrn.rss","feed-with-entries","200","rdf","8","2026-10-04T13:03:18.479072+00:00","https://www.nature.com/nrn.rss"
"945e7d29d44280c9","Nature Reviews Physics","https://www.nature.com/natrevphys.rss","feed-with-entries","200","rdf","8","2026-10-04T13:03:19.386822+00:00","https://www.nature.com/natrevphys.rss"
"111f5481e5fb53eb","Nature Reviews Psychology","https://www.nature.com/nrpsychol.rss","feed-with-entries","200","rdf","8","2026-10-04T13:03:19.592375+00:00","https://www.nature.com/nrpsychol.rss"
"ef87f067375cd61c","Nature Reviews Rheumatology","https://www.nature.com/nrrheum.rss","feed-with-entries","200","rdf","8","2026-10-04T13:03:20.128726+00:00","https://www.nature.com/nrrheum.rss"
"09322cc3f655de5e","Nature Reviews Urology","https://www.nature.com/nrurol.rss","feed-with-entries","200","rdf","8","2026-10-04T13:03:20.499299+00:00","https://www.nature.com/nrurol.rss"
"26eb871a435bca82","NATURE STRUCTURAL & MOLECULAR BIOLOGY","https://www.nature.com/nsmb.rss","feed-with-entries","200","rdf","8","2026-10-04T13:03:20.733746+00:00","https://www.nature.com/nsmb.rss"
"51fad78013ea535c","Nature Sustainability","https://www.nature.com/natsustain.rss","feed-with-entries","200","rdf","8","2026-10-04T13:03:20.999820+00:00","https://www.nature.com/natsustain.rss"
"1bc15143216a8e5a","Nature Synthesis","https://www.nature.com/natsynth.rss","feed-with-entries","200","rdf","8","2026-10-04T13:03:21.699758+00:00","https://www.nature.com/natsynth.rss"
"2a5815f29f4ada4a","NAUTILUS","https://nautil.us/feed","feed-with-entries","200","rss","10","2026-10-04T12:57:00.313593+00:00","https://nautil.us/feed"
"ec126e99374633cd","Naval War College Review","https://digital-commons.usnwc.edu/nwc-review/recent.rss","feed-with-entries","200","rss","20","2026-10-04T12:55:15.159240+00:00","https://digital-commons.usnwc.edu/nwc-review/recent.rss"
"6b30431efe613ef6","Navus-Revista de Gestao e Tecnologia","https://navus.sc.senac.br/navus/gateway/plugin/WebFeedGatewayPlugin/atom","tls-or-network-error","","","","2026-10-04T12:57:01.001344+00:00",""
"39f5184ec5da1323","Neo-Victorian Studies","https://neovictorianstudies.com/gateway/plugin/WebFeedGatewayPlugin/atom","feed-with-entries","200","atom","30","2026-10-04T12:57:01.001594+00:00","https://neovictorianstudies.com/gateway/plugin/WebFeedGatewayPlugin/atom"
"8de511abbd2343fb","NEOPLASIA","https://rss.sciencedirect.com/publication/science/14765586","feed-with-entries","200","rss","32","2026-10-04T13:06:52.052124+00:00","https://rss.sciencedirect.com/publication/science/14765586"
"d091ccbd45099d3c","Nepalese Journal of Ophthalmology","https://www.nepjol.info/index.php/NEPJOPH/gateway/plugin/WebFeedGatewayPlugin/atom","tls-or-network-error","","","","2026-10-04T13:00:15.372081+00:00",""
"935ee5056662083c","NEUPHILOLOGISCHE MITTEILUNGEN","https://journal.fi/nm/gateway/plugin/WebFeedGatewayPlugin/atom","feed-with-entries","200","atom","30","2026-10-04T13:01:16.322157+00:00","https://journal.fi/nm/gateway/plugin/WebFeedGatewayPlugin/atom"
"eae8b0a4363652c9","Neural Network World","https://ojs.nnw.cz/index.php/nnw/gateway/plugin/WebFeedGatewayPlugin/atom","feed-with-entries","200","atom","30","2026-10-04T12:57:10.776847+00:00","https://ojs.nnw.cz/index.php/nnw/gateway/plugin/WebFeedGatewayPlugin/atom"
"5246042cb9899a73","NEUROBIOLOGY OF AGING","https://rss.sciencedirect.com/publication/science/01974580","feed-with-entries","200","rss","28","2026-10-04T13:06:52.669809+00:00","https://rss.sciencedirect.com/publication/science/01974580"
"5ec37510bf685e30","NEUROCOMPUTING","https://rss.sciencedirect.com/publication/science/09252312","feed-with-entries","200","rss","100","2026-10-04T13:06:53.035811+00:00","https://rss.sciencedirect.com/publication/science/09252312"
"5a5cff46166619c9","Neurointervention","https://www.neurointervention.org/journal/rss/xml/feed.xml","feed-with-entries","200","rss","246","2026-10-04T13:00:15.716308+00:00","https://www.neurointervention.org/journal/rss/xml/feed.xml"
"58ccdb982656f967","Neurologia i Neurochirurgia Polska","https://journals.viamedica.pl/neurologia_neurochirurgia_polska/gateway/plugin/WebFeedGatewayPlugin/atom","feed-with-entries","200","atom","18","2026-10-04T13:01:42.437616+00:00","https://journals.viamedica.pl/neurologia_neurochirurgia_polska/gateway/plugin/WebFeedGatewayPlugin/atom"
"180b6b1365cf1db7","NEUROPHARMACOLOGY","https://rss.sciencedirect.com/publication/science/00283908","feed-with-entries","200","rss","60","2026-10-04T13:06:53.411513+00:00","https://rss.sciencedirect.com/publication/science/00283908"
"137c26aecc38955f","NEUROPHYSIOLOGIE CLINIQUE-CLINICAL NEUROPHYSIOLOGY","https://rss.sciencedirect.com/publication/science/09877053","feed-with-entries","200","rss","13","2026-10-04T13:06:53.782748+00:00","https://rss.sciencedirect.com/publication/science/09877053"
"a3b5bdba584e0f45","NEUROPSYCHOPHARMACOLOGY","https://www.nature.com/npp.rss","feed-with-entries","200","rdf","8","2026-10-04T13:03:21.997559+00:00","https://www.nature.com/npp.rss"
"4f8970c1812f94c9","NEUROSCIENCE RESEARCH","https://rss.sciencedirect.com/publication/science/01680102","feed-with-entries","200","rss","23","2026-10-04T13:06:54.318141+00:00","https://rss.sciencedirect.com/publication/science/01680102"
"5ac83c281d2d947a","Neurotherapeutics","https://rss.sciencedirect.com/publication/science/18787479","feed-with-entries","200","rss","62","2026-10-04T13:06:54.863342+00:00","https://rss.sciencedirect.com/publication/science/18787479"
"48a184617978e5cf","NEUROTOXICOLOGY","https://rss.sciencedirect.com/publication/science/0161813X","feed-with-entries","200","rss","57","2026-10-04T13:06:55.989429+00:00","https://rss.sciencedirect.com/publication/science/0161813X"
"738153ccd07e7b3f","NEUROTOXICOLOGY AND TERATOLOGY","https://rss.sciencedirect.com/publication/science/08920362","feed-with-entries","200","rss","8","2026-10-04T13:06:56.529111+00:00","https://rss.sciencedirect.com/publication/science/08920362"
"79afbed1285a5510","NEW ASTRONOMY REVIEWS","https://rss.sciencedirect.com/publication/science/13876473","feed-with-entries","200","rss","10","2026-10-04T13:06:56.928744+00:00","https://rss.sciencedirect.com/publication/science/13876473"
"30ccffd295e81869","New Contree","https://newcontree.org.za/index.php/nc/gateway/plugin/WebFeedGatewayPlugin/atom","feed-with-entries","200","atom","10","2026-10-04T12:57:01.403971+00:00","https://newcontree.org.za/index.php/nc/gateway/plugin/WebFeedGatewayPlugin/atom"
"105bc26d2ea377e2","NEW LEFT REVIEW","https://newleftreview.org/feed","feed-with-entries","200","rss","8","2026-10-04T12:57:02.485778+00:00","https://newleftreview.org/feed"
"0defaf041dc7a446","NEW MEXICO HISTORICAL REVIEW","https://digitalrepository.unm.edu/nmhr/recent.rss","feed-with-entries","200","rss","20","2026-10-04T12:55:17.525435+00:00","https://digitalrepository.unm.edu/nmhr/recent.rss"
"06a9f0d10da784a0","NEW ORLEANS REVIEW","https://www.neworleansreview.org/feed/","feed-with-entries","200","rss","5","2026-10-04T13:00:16.468193+00:00","https://www.neworleansreview.org/feed/"
"f0f16b7af98b9923","NEW ZEALAND JOURNAL OF FORESTRY SCIENCE","https://nzjforestryscience.nz/index.php/nzjfs/gateway/plugin/WebFeedGatewayPlugin/atom","tls-or-network-error","","","","2026-10-04T12:57:04.815655+00:00",""
"369b3984062ea1bd","Nexo Revista Cientifica","https://revistas.uni.edu.ni/index.php/Nexo/gateway/plugin/WebFeedGatewayPlugin/atom","timeout","","","","2026-10-04T12:58:29.331223+00:00",""
"fc9da691773335a8","NITRIC OXIDE-BIOLOGY AND CHEMISTRY","https://rss.sciencedirect.com/publication/science/10898603","feed-with-entries","200","rss","13","2026-10-04T13:06:57.511243+00:00","https://rss.sciencedirect.com/publication/science/10898603"
"53e796a53af959dd","Nonlinear Analysis-Hybrid Systems","https://rss.sciencedirect.com/publication/science/1751570X","feed-with-entries","200","rss","54","2026-10-04T13:06:58.100733+00:00","https://rss.sciencedirect.com/publication/science/1751570X"
"4e661ea84d072098","NONLINEAR ANALYSIS-THEORY METHODS & APPLICATIONS","https://rss.sciencedirect.com/publication/science/0362546X","feed-with-entries","200","rss","51","2026-10-04T13:06:59.150695+00:00","https://rss.sciencedirect.com/publication/science/0362546X"
"9bfcba083dafe912","Nordic Journal of Migration Research","https://account.journal-njmr.org/index.php/uh-j-njmr/gateway/plugin/WebFeedGatewayPlugin/atom","tls-or-network-error","","","","2026-10-04T12:54:22.760167+00:00",""
"d2e2ca5d4639d05c","Nordic Journal of Working Life Studies","https://tidsskrift.dk/njwls/gateway/plugin/WebFeedGatewayPlugin/atom","not-feed-xml","200","","","2026-10-04T12:59:09.024361+00:00","https://tidsskrift.dk/njwls/gateway/plugin/WebFeedGatewayPlugin/atom"
"05ab82f98eb38d3a","Nordic Theatre Studies","https://tidsskrift.dk/nts/gateway/plugin/WebFeedGatewayPlugin/atom","not-feed-xml","200","","","2026-10-04T13:01:10.471054+00:00","https://tidsskrift.dk/nts/gateway/plugin/WebFeedGatewayPlugin/atom"
"da8ea0a4c995921d","Nordisk Judaistik-Scandinavian Jewish Studies","https://journal.fi/nj/gateway/plugin/WebFeedGatewayPlugin/atom","feed-with-entries","200","atom","30","2026-10-04T13:01:26.231545+00:00","https://journal.fi/nj/gateway/plugin/WebFeedGatewayPlugin/atom"
"d934e73549f0ba62","Novos Cadernos NAEA","https://www.periodicos.ufpa.br/index.php/ncn/gateway/plugin/WebFeedGatewayPlugin/atom","tls-or-network-error","","","","2026-10-04T13:00:20.275221+00:00",""
"8434b52c68ac95a8","Novum Jus","https://novumjus.ucatolica.edu.co/gateway/plugin/WebFeedGatewayPlugin/atom","feed-with-entries","200","atom","17","2026-10-04T12:57:02.724545+00:00","https://novumjus.ucatolica.edu.co/gateway/plugin/WebFeedGatewayPlugin/atom"
"54133c3acaf41da2","NPG Asia Materials","https://www.nature.com/am.rss","feed-with-entries","200","rdf","8","2026-10-04T13:03:22.388162+00:00","https://www.nature.com/am.rss"
"4528f7e5606ae149","npj 2D Materials and Applications","https://www.nature.com/npj2dmaterials.rss","feed-with-entries","200","rdf","8","2026-10-04T13:03:22.781072+00:00","https://www.nature.com/npj2dmaterials.rss"
"c29b321b6a882dec","npj Aging and Mechanisms of Disease","https://www.nature.com/npjamd.rss","feed-with-entries","200","rdf","8","2026-10-04T13:03:23.063600+00:00","https://www.nature.com/npjamd.rss?error=cookies_not_supported&code=32f51918-9b6b-4fdd-9d6c-0966d927bc43"
"0dda14abbb13ab4a","npj Biofilms and Microbiomes","https://www.nature.com/npjbiofilms.rss","feed-with-entries","200","rdf","8","2026-10-04T13:03:23.509270+00:00","https://www.nature.com/npjbiofilms.rss"
"d359b7e2c897b529","npj Breast Cancer","https://www.nature.com/npjbcancer.rss","feed-with-entries","200","rdf","8","2026-10-04T13:03:24.123082+00:00","https://www.nature.com/npjbcancer.rss?error=cookies_not_supported&code=c529262b-fc26-4df3-a218-7bdff879b4cd"
"a8dd86d6f0b4e3e5","npj Clean Water","https://www.nature.com/npjcleanwater.rss","feed-with-entries","200","rdf","8","2026-10-04T13:03:24.678476+00:00","https://www.nature.com/npjcleanwater.rss?error=cookies_not_supported&code=885efb3a-1d81-4484-acb6-9fa1c74ec89e"
"054bf4015fe5ddb6","npj Climate and Atmospheric Science","https://www.nature.com/npjclimatsci.rss","feed-with-entries","200","rdf","8","2026-10-04T13:03:25.301343+00:00","https://www.nature.com/npjclimatsci.rss"
"83f64a8e036e2c87","npj Computational Materials","https://www.nature.com/npjcompumats.rss","feed-with-entries","200","rdf","8","2026-10-04T13:03:26.259732+00:00","https://www.nature.com/npjcompumats.rss"
"47258164a4471a62","npj Digital Medicine","https://www.nature.com/npjdigitalmed.rss","feed-with-entries","200","rdf","8","2026-10-04T13:03:26.874858+00:00","https://www.nature.com/npjdigitalmed.rss?error=cookies_not_supported&code=3f33a977-7fbf-4397-88e0-89f670944fb3"
"677244168146cda4","npj Flexible Electronics","https://www.nature.com/npjflexelectron.rss","feed-with-entries","200","rdf","8","2026-10-04T13:03:27.331569+00:00","https://www.nature.com/npjflexelectron.rss"
"da63b457c3aa68ec","npj Genomic Medicine","https://www.nature.com/npjgenmed.rss","feed-with-entries","200","rdf","8","2026-10-04T13:03:27.957776+00:00","https://www.nature.com/npjgenmed.rss?error=cookies_not_supported&code=0a314076-5338-4fc7-b93c-c63c7bb1d76e"
"5ae67949a6853b0b","npj Materials Degradation","https://www.nature.com/npjmatdeg.rss","feed-with-entries","200","rdf","8","2026-10-04T13:03:28.530075+00:00","https://www.nature.com/npjmatdeg.rss?error=cookies_not_supported&code=f8bf51ae-93ec-42ff-8460-a384c5cbe788"
"89ae39b875041e10","NPJ Microgravity","https://www.nature.com/npjmgrav.rss","feed-with-entries","200","rdf","8","2026-10-04T13:03:29.141864+00:00","https://www.nature.com/npjmgrav.rss"
"a867df5522ec6e52","npj Parkinsons Disease","https://www.nature.com/npjparkd.rss","feed-with-entries","200","rdf","8","2026-10-04T13:03:29.650110+00:00","https://www.nature.com/npjparkd.rss?error=cookies_not_supported&code=ca0ebd5b-905d-472f-8165-0a3aca0d609a"
"d1960b26afb9780e","npj Precision Oncology","https://www.nature.com/npjprecisiononcology.rss","feed-with-entries","200","rdf","8","2026-10-04T13:03:30.661062+00:00","https://www.nature.com/npjprecisiononcology.rss"
"39309f258fa89126","npj Primary Care Respiratory Medicine","https://www.nature.com/npjpcrm.rss","feed-with-entries","200","rdf","8","2026-10-04T13:03:31.267771+00:00","https://www.nature.com/npjpcrm.rss"
"1cace853ed0c36ec","npj Quantum Information","https://www.nature.com/npjqi.rss","feed-with-entries","200","rdf","8","2026-10-04T13:03:31.869210+00:00","https://www.nature.com/npjqi.rss?error=cookies_not_supported&code=3a31f58a-0681-4040-aa6c-f59b9984c302"
"686c7123e572cac6","npj Quantum Materials","https://www.nature.com/npjquantmats.rss","feed-with-entries","200","rdf","8","2026-10-04T13:03:32.279574+00:00","https://www.nature.com/npjquantmats.rss"
"fb32343bab038fc4","npj Regenerative Medicine","https://www.nature.com/npjregenmed.rss","feed-with-entries","200","rdf","8","2026-10-04T13:03:33.260244+00:00","https://www.nature.com/npjregenmed.rss"
"5be904ddc28a8246","NPJ Schizophrenia","https://www.nature.com/npjschz.rss","feed-with-entries","200","rdf","8","2026-10-04T13:03:33.869959+00:00","https://www.nature.com/npjschz.rss?error=cookies_not_supported&code=a78a3f48-9dc6-4053-8874-b59db15dfcda"
"7fcb381f6a210d76","npj Science of Food","https://www.nature.com/npjscifood.rss","feed-with-entries","200","rdf","8","2026-10-04T13:03:34.416796+00:00","https://www.nature.com/npjscifood.rss?error=cookies_not_supported&code=5b0a56b6-b345-4b57-a19d-1dd5fe774c70"
"a4c58a294afbed87","npj Science of Learning","https://www.nature.com/npjscilearn.rss","feed-with-entries","200","rdf","8","2026-10-04T13:03:35.158298+00:00","https://www.nature.com/npjscilearn.rss?error=cookies_not_supported&code=5f8a7424-3ff9-49e4-8123-9a3b5461cb10"
"b4ee4f4d7b98f2de","npj Systems Biology and Applications","https://www.nature.com/npjsba.rss","feed-with-entries","200","rdf","8","2026-10-04T13:03:35.528188+00:00","https://www.nature.com/npjsba.rss?error=cookies_not_supported&code=0576f3c1-c502-4c3a-adf2-de1fe361385b"
"3dfb743c6b9084d0","npj Urban Sustainability","https://www.nature.com/npjurbansustain.rss","feed-with-entries","200","rdf","8","2026-10-04T13:03:36.279304+00:00","https://www.nature.com/npjurbansustain.rss?error=cookies_not_supported&code=459c1b24-d8f5-4974-bb17-9dc29e4477c3"
"b37653c82f1c90ca","npj Vaccines","https://www.nature.com/npjvaccines.rss","feed-with-entries","200","rdf","8","2026-10-04T13:03:37.138887+00:00","https://www.nature.com/npjvaccines.rss?error=cookies_not_supported&code=778797aa-5aa8-44b9-a346-5eec0c090f28"
"05a53698e598903d","Nuclear Materials and Energy","https://rss.sciencedirect.com/publication/science/23521791","feed-with-entries","200","rss","62","2026-10-04T13:07:00.197176+00:00","https://rss.sciencedirect.com/publication/science/23521791"
"ff076a15e710bb92","NUCLEAR MEDICINE AND BIOLOGY","https://rss.sciencedirect.com/publication/science/09698051","feed-with-entries","200","rss","14","2026-10-04T13:07:00.622839+00:00","https://rss.sciencedirect.com/publication/science/09698051"
"d635768167e43534","Nueva Revista Filologia Hispanica","https://nrfh.colmex.mx/index.php/nrfh/gateway/plugin/WebFeedGatewayPlugin/atom","network-or-safety-error","","","","2026-10-04T12:57:03.024679+00:00",""
"08924ad4e8a3a806","NURSE EDUCATION TODAY","https://rss.sciencedirect.com/publication/science/02606917","feed-with-entries","200","rss","100","2026-10-04T13:07:01.259975+00:00","https://rss.sciencedirect.com/publication/science/02606917"
"1b3f2582cab668c1","NURSING CLINICS OF NORTH AMERICA","https://rss.sciencedirect.com/publication/science/00296465","feed-with-entries","200","rss","51","2026-10-04T13:07:02.351739+00:00","https://rss.sciencedirect.com/publication/science/00296465"
"5b79837e1b770a7d","Nusantara Bioscience","https://smujo.id/nb/gateway/plugin/WebFeedGatewayPlugin/atom","feed-with-entries","200","atom","30","2026-10-04T12:59:01.839699+00:00","https://smujo.id/nb/gateway/plugin/WebFeedGatewayPlugin/atom"
"2f4c41301f951689","Nutrition & Diabetes","https://www.nature.com/nutd.rss","feed-with-entries","200","rdf","8","2026-10-04T13:03:37.493012+00:00","https://www.nature.com/nutd.rss?error=cookies_not_supported&code=9a2f55b6-eab3-4ede-bc21-91358ea8ee66"
"8489a970904073eb","Obra Digital-Revista de Comunicacion","https://revistesdigitals.uvic.cat/index.php/obradigital/gateway/plugin/WebFeedGatewayPlugin/atom","feed-with-entries","200","atom","12","2026-10-04T12:58:40.298471+00:00","https://revistesdigitals.uvic.cat/index.php/obradigital/gateway/plugin/WebFeedGatewayPlugin/atom"
"7e60771464f4ec5b","Obstetrics & Gynecology Science","https://www.ogscience.org/journal/rss/xml/feed.xml","feed-with-entries","200","rss","1100","2026-10-04T13:00:17.219168+00:00","https://www.ogscience.org/journal/rss/xml/feed.xml"
"aa8cf0c36df5aa15","OBSTETRICS AND GYNECOLOGY CLINICS OF NORTH AMERICA","https://rss.sciencedirect.com/publication/science/08898545","feed-with-entries","200","rss","57","2026-10-04T13:07:02.994693+00:00","https://rss.sciencedirect.com/publication/science/08898545"
"62d982b2b4eb3e66","Ocean Engineering","https://rss.sciencedirect.com/publication/science/00298018","feed-with-entries","200","rss","100","2026-10-04T13:07:03.675966+00:00","https://rss.sciencedirect.com/publication/science/00298018"
"2f6c2ce4a23173da","OCEANOLOGIA","https://rss.sciencedirect.com/publication/science/00783234","feed-with-entries","200","rss","31","2026-10-04T13:07:04.252845+00:00","https://rss.sciencedirect.com/publication/science/00783234"
"c6527525603856a9","OCEANOLOGICAL AND HYDROBIOLOGICAL STUDIES","https://czasopisma.bg.ug.edu.pl/index.php/oandhs/gateway/plugin/WebFeedGatewayPlugin/atom","feed-with-entries","200","atom","7","2026-10-04T12:55:10.008249+00:00","https://czasopisma.bg.ug.edu.pl/index.php/oandhs/gateway/plugin/WebFeedGatewayPlugin/atom"
"66f286519abd67de","ODONATOLOGICA","https://www.odonatologica.com/feed/","feed-with-entries","200","rss","10","2026-10-04T13:00:17.042249+00:00","https://www.odonatologica.com/feed/"
"9468e8e3b9a33d4d","Oido Pensante","https://revistascientificas.filo.uba.ar/index.php/oidopensante/gateway/plugin/WebFeedGatewayPlugin/atom","feed-with-entries","200","atom","30","2026-10-04T12:58:36.561097+00:00","https://revistascientificas.filo.uba.ar/index.php/oidopensante/gateway/plugin/WebFeedGatewayPlugin/atom"
"1c11154a99a56ff0","ONCOGENE","https://www.nature.com/onc.rss","feed-with-entries","200","rdf","8","2026-10-04T13:03:38.255613+00:00","https://www.nature.com/onc.rss"
"d5ba07f3f1961491","Oncogenesis","https://www.nature.com/oncsis.rss","feed-with-entries","200","rdf","8","2026-10-04T13:03:39.301937+00:00","https://www.nature.com/oncsis.rss?error=cookies_not_supported&code=92aed19c-9405-47f5-811c-c256086edea0"
"ca3c6e99976515ee","Oncology in Clinical Practice","https://journals.viamedica.pl/oncology_in_clinical_practice/gateway/plugin/WebFeedGatewayPlugin/atom","feed-with-entries","200","atom","171","2026-10-04T13:01:43.844567+00:00","https://journals.viamedica.pl/oncology_in_clinical_practice/gateway/plugin/WebFeedGatewayPlugin/atom"
"efc816a0fd0150d0","ONCOLOGY NURSING FORUM","https://www.ons.org/rss.xml","feed-with-entries","200","rss","2","2026-10-04T13:00:17.730420+00:00","https://www.ons.org/rss.xml"
"0b3cefff57f545e4","Oncology Reviews","https://www.frontiersin.org/journals/oncology-reviews/rss","feed-with-entries","200","rss","20","2026-10-04T13:03:14.705345+00:00","https://www.frontiersin.org/journals/oncology-reviews/rss"
"455b490444c4773b","ONDERSTEPOORT JOURNAL OF VETERINARY RESEARCH","https://ojvr.org/index.php/ojvr/gateway/plugin/WebFeedGatewayPlugin/atom","html-or-disallowed-doctype","200","","","2026-10-04T12:57:16.633573+00:00","https://ojvr.org/index.php/ojvr/index"
"77a76cef85bf6920","Open Praxis","https://account.openpraxis.org/index.php/up-j-op/gateway/plugin/WebFeedGatewayPlugin/atom","tls-or-network-error","","","","2026-10-04T12:54:22.760287+00:00",""
"47ed20f2d3f6885e","Operations Research for Health Care","https://rss.sciencedirect.com/publication/science/22116923","feed-with-entries","200","rss","4","2026-10-04T13:07:04.602879+00:00","https://rss.sciencedirect.com/publication/science/22116923"
"c83a9c51eb9c1102","OPERATIONS RESEARCH LETTERS","https://rss.sciencedirect.com/publication/science/01676377","feed-with-entries","200","rss","40","2026-10-04T13:07:05.191220+00:00","https://rss.sciencedirect.com/publication/science/01676377"
"b49833f78ac381ba","Operations Research Perspectives","https://rss.sciencedirect.com/publication/science/22147160","feed-with-entries","200","rss","43","2026-10-04T13:07:05.785538+00:00","https://rss.sciencedirect.com/publication/science/22147160"
"41cbb9b34d9c4748","OPERATIVE DENTISTRY","https://jopdent.com/feed/","feed-with-entries","200","rss","3","2026-10-04T12:56:20.095679+00:00","https://jopdent.com/feed/"
"bd54009dcf01f58d","Optical Switching and Networking","https://rss.sciencedirect.com/publication/science/15734277","feed-with-entries","200","rss","31","2026-10-04T13:07:06.427207+00:00","https://rss.sciencedirect.com/publication/science/15734277"
"ce0006ea6894b3b6","OPTICS AND LASER TECHNOLOGY","https://rss.sciencedirect.com/publication/science/00303992","feed-with-entries","200","rss","100","2026-10-04T13:07:06.798522+00:00","https://rss.sciencedirect.com/publication/science/00303992"
"0a01a81a3be57a4a","Opuscula Mathematica","https://www.opuscula.agh.edu.pl/rss2","feed-with-entries","200","rss","26","2026-10-04T13:00:18.661671+00:00","https://www.opuscula.agh.edu.pl/rss2"
"4706df4b5a460299","ORGANIC ELECTRONICS","https://rss.sciencedirect.com/publication/science/15661199","feed-with-entries","200","rss","13","2026-10-04T13:07:07.176693+00:00","https://rss.sciencedirect.com/publication/science/15661199"
"b0913467c6b16dde","ORGANIZATIONAL BEHAVIOR AND HUMAN DECISION PROCESSES","https://rss.sciencedirect.com/publication/science/07495978","feed-with-entries","200","rss","11","2026-10-04T13:07:07.714919+00:00","https://rss.sciencedirect.com/publication/science/07495978"
"21432cb1633fd8d0","Organon F","https://www.organonf.com/rss.xml","feed-with-entries","200","rss","284","2026-10-04T13:00:18.801323+00:00","https://www.organonf.com/rss.xml"
"13eeb3af3d653a8d","ORNIS FENNICA","https://ornisfennica.journal.fi/gateway/plugin/AnnouncementFeedGatewayPlugin/atom","feed-with-entries","200","atom","8","2026-10-04T12:57:20.892579+00:00","https://ornisfennica.journal.fi/gateway/plugin/AnnouncementFeedGatewayPlugin/atom"
"6fac3f1dc2143bdf","ORNITOLOGIA NEOTROPICAL","https://ornneo.ornitologianeotropical.org/index.php/ornneo/gateway/plugin/WebFeedGatewayPlugin/atom","network-or-safety-error","","","","2026-10-04T12:57:20.958244+00:00",""
"e75c272f32c6d022","OSGOODE HALL LAW JOURNAL","https://digitalcommons.osgoode.yorku.ca/ohlj/recent.rss","feed-with-entries","200","rss","20","2026-10-04T12:55:17.057874+00:00","https://digitalcommons.osgoode.yorku.ca/ohlj/recent.rss"
"d5e2b028fc77b3ce","OTOLARYNGOLOGIC CLINICS OF NORTH AMERICA","https://rss.sciencedirect.com/publication/science/00306665","feed-with-entries","200","rss","72","2026-10-04T13:07:08.302831+00:00","https://rss.sciencedirect.com/publication/science/00306665"
"32ebcefd02ca5b3e","Otoritas-Jurnal Ilmu Pemerintahan","https://journal.unismuh.ac.id/index.php/Otoritas/gateway/plugin/WebFeedGatewayPlugin/atom","feed-with-entries","200","atom","30","2026-10-04T12:56:25.936646+00:00","https://journal.unismuh.ac.id/index.php/Otoritas/gateway/plugin/WebFeedGatewayPlugin/atom"
"ea0099e9297d01f0","Pacific Asia Journal of the Association for Information Systems","https://aisel.aisnet.org/pajais/recent.rss","feed-with-entries","200","rss","20","2026-10-04T13:01:24.438141+00:00","https://aisel.aisnet.org/pajais/recent.rss"
"9e011763f1707007","Pacific Journalism Review","https://ojs.aut.ac.nz/pacific-journalism-review/gateway/plugin/WebFeedGatewayPlugin/atom","feed-with-entries","200","atom","27","2026-10-04T12:57:05.486307+00:00","https://ojs.aut.ac.nz/pacific-journalism-review/gateway/plugin/WebFeedGatewayPlugin/atom"
"64ecb7fffc955c40","Paediatric Respiratory Reviews","https://rss.sciencedirect.com/publication/science/15260542","feed-with-entries","200","rss","53","2026-10-04T13:07:09.011160+00:00","https://rss.sciencedirect.com/publication/science/15260542"
"b04a7099e5b926b8","Paediatrica Indonesiana","https://paediatricaindonesiana.org/index.php/paediatrica-indonesiana/gateway/plugin/WebFeedGatewayPlugin/atom","access-blocked","403","","","2026-10-04T12:57:22.098274+00:00",""
"f26a6daff0175296","Pakistan Journal of Medical Sciences","https://www.pjms.org.pk/index.php/pjms/gateway/plugin/WebFeedGatewayPlugin/atom","feed-with-entries","200","atom","46","2026-10-04T13:00:21.548257+00:00","https://www.pjms.org.pk/index.php/pjms/gateway/plugin/WebFeedGatewayPlugin/atom"
"64e7cb36a567581b","Pakistan Journal of Statistics and Operation Research","https://pjsor.com/pjsor/gateway/plugin/WebFeedGatewayPlugin/atom","feed-with-entries","200","atom","8","2026-10-04T12:57:36.755893+00:00","https://pjsor.com/pjsor/gateway/plugin/WebFeedGatewayPlugin/atom"
"bcfd95f90b56ef3c","Palaeoentomology","https://www.mapress.com/pe/gateway/plugin/WebFeedGatewayPlugin/atom","feed-with-entries","200","atom","19","2026-10-04T13:01:13.111018+00:00","https://www.mapress.com/pe/gateway/plugin/WebFeedGatewayPlugin/atom"
"2cb02504f4df3e8a","PALAEOGEOGRAPHY PALAEOCLIMATOLOGY PALAEOECOLOGY","https://rss.sciencedirect.com/publication/science/00310182","feed-with-entries","200","rss","100","2026-10-04T13:07:09.378142+00:00","https://rss.sciencedirect.com/publication/science/00310182"
"4b27e6472e018c5a","PALAEONTOLOGIA ELECTRONICA","https://palaeo-electronica.org/content/?format=feed&type=rss","feed-with-entries","200","rss","9","2026-10-04T12:57:22.276372+00:00","https://palaeo-electronica.org/content/?format=feed&type=rss"
"456966bc14ae6a38","Pancreatology","https://rss.sciencedirect.com/publication/science/14243903","feed-with-entries","200","rss","72","2026-10-04T13:07:09.994473+00:00","https://rss.sciencedirect.com/publication/science/14243903"
"a864147d78fa70e7","Papers from the Institute of Archaeology","https://student-journals.ucl.ac.uk/pia/feed/","feed-with-entries","200","rss","10","2026-10-04T12:59:04.644546+00:00","https://student-journals.ucl.ac.uk/pia/feed/"
"7978c1d8563d3da7","PAPERS IN REGIONAL SCIENCE","https://rss.sciencedirect.com/publication/science/10568190","feed-with-entries","200","rss","11","2026-10-04T13:07:11.159506+00:00","https://rss.sciencedirect.com/publication/science/10568190"
"9c9b0a579aa2779b","PARALLEL COMPUTING","https://rss.sciencedirect.com/publication/science/01678191","feed-with-entries","200","rss","15","2026-10-04T13:07:11.521631+00:00","https://rss.sciencedirect.com/publication/science/01678191"
"208b7eb351bf6c3f","Parasite Epidemiology and Control","https://rss.sciencedirect.com/publication/science/24056731","feed-with-entries","200","rss","35","2026-10-04T13:07:12.076731+00:00","https://rss.sciencedirect.com/publication/science/24056731"
"205864fc7efe1be9","PARERGON","https://parergon.org/index.php/parergon/gateway/plugin/WebFeedGatewayPlugin/atom","network-or-safety-error","","","","2026-10-04T12:57:23.206396+00:00",""
"1b57a1f7155a2ab2","Pasado y Memoria-Revista de Historia Contemporanea","https://pasadoymemoria.ua.es/gateway/plugin/WebFeedGatewayPlugin/atom","feed-with-entries","200","atom","24","2026-10-04T12:57:23.390331+00:00","https://pasadoymemoria.ua.es/gateway/plugin/WebFeedGatewayPlugin/atom"
"cdc9349310dd4a8c","PATHOLOGICA","https://www.pathologica.it/gateway/plugin/WebFeedGatewayPlugin/atom","feed-with-entries","200","atom","8","2026-10-04T13:00:19.861947+00:00","https://www.pathologica.it/gateway/plugin/WebFeedGatewayPlugin/atom"
"fd3cf0d34b6dd7c4","PATHOLOGY & ONCOLOGY RESEARCH","https://www.por-journal.com/journals/pathology-and-oncology-research/rss","feed-with-entries","200","rss","20","2026-10-04T13:00:23.793499+00:00","https://www.por-journal.com/journals/pathology-and-oncology-research/rss"
"8585098d949c6918","Pathology and Laboratory Medicine International","https://www.dovepress.com/feed.php?journal_id=80","feed-with-entries","200","rss","30","2026-10-04T13:01:55.217601+00:00","https://www.dovepress.com/feed/journal/80"
"05c6b796cb8cbf3f","Patient Preference and Adherence","https://www.dovepress.com/feed/journal/20","feed-with-entries","200","rss","30","2026-10-04T13:01:56.326116+00:00","https://www.dovepress.com/feed/journal/20"
"f666ea81180c8f47","PATTERN RECOGNITION LETTERS","https://rss.sciencedirect.com/publication/science/01678655","feed-with-entries","200","rss","79","2026-10-04T13:07:12.642159+00:00","https://rss.sciencedirect.com/publication/science/01678655"
"9e4a0fceb70a3d5c","Pedagogia Social Revista Interuniversitaria","https://www.pedagogiasocialrevista.es/feeds/posts/default","feed-with-entries","200","atom","25","2026-10-04T13:00:19.869890+00:00","https://www.pedagogiasocialrevista.es/feeds/posts/default"
"6097cb2c679ec7e9","Pedagogy of Physical Culture and Sports","https://sportpedagogy.org.ua/index.php/ppcs/gateway/plugin/WebFeedGatewayPlugin/atom","feed-with-entries","200","atom","10","2026-10-04T12:59:03.569967+00:00","https://sportpedagogy.org.ua/index.php/ppcs/gateway/plugin/WebFeedGatewayPlugin/atom"
"515c4431b6ffcf43","Pediatric Dental Journal","https://rss.sciencedirect.com/publication/science/09172394","feed-with-entries","200","rss","23","2026-10-04T13:07:13.016791+00:00","https://rss.sciencedirect.com/publication/science/09172394"
"edfc208921baa0d0","PEDIATRIC RESEARCH","https://www.nature.com/pr.rss","feed-with-entries","200","rdf","8","2026-10-04T13:03:39.840350+00:00","https://www.nature.com/pr.rss"
"98a0a9420de4d999","PEDOBIOLOGIA","https://rss.sciencedirect.com/publication/science/00314056","feed-with-entries","200","rss","30","2026-10-04T13:07:13.419485+00:00","https://rss.sciencedirect.com/publication/science/00314056"
"051b51b09d84ef88","Pennsylvania History-A Journal of Mid-Atlantic Studies","https://journals.psu.edu/phj/gateway/plugin/WebFeedGatewayPlugin/atom","tls-or-network-error","","","","2026-10-04T12:56:34.146569+00:00",""
"c9afcc8c005b0077","PENNSYLVANIA MAGAZINE OF HISTORY AND BIOGRAPHY","https://journals.psu.edu/pmhb/gateway/plugin/WebFeedGatewayPlugin/atom","tls-or-network-error","","","","2026-10-04T13:00:56.070303+00:00",""
"7a4043c5373a1f4c","Pensando Psicologia","https://revistas.ucc.edu.co/index.php/pe/gateway/plugin/WebFeedGatewayPlugin/atom","feed-with-entries","200","atom","6","2026-10-04T13:01:04.657913+00:00","https://revistas.ucc.edu.co/index.php/pe/es/gateway/plugin/WebFeedGatewayPlugin/atom"
"30b20a3247be549a","PEPTIDES","https://rss.sciencedirect.com/publication/science/01969781","feed-with-entries","200","rss","12","2026-10-04T13:07:13.768262+00:00","https://rss.sciencedirect.com/publication/science/01969781"
"ffff61983b31a6c9","Perifrasis-Revista de Literatura Teoria y Critica","https://revistas.uniandes.edu.co/index.php/perifrasis/gateway/plugin/WebFeedGatewayPlugin/atom","network-or-safety-error","","","","2026-10-04T13:01:06.722053+00:00",""
"1f5ef052e8d74875","PERIODICA POLYTECHNICA-CHEMICAL ENGINEERING","https://pp.bme.hu/ch/gateway/plugin/WebFeedGatewayPlugin/atom","feed-with-entries","200","atom","15","2026-10-04T12:57:39.228085+00:00","https://pp.bme.hu/ch/gateway/plugin/WebFeedGatewayPlugin/atom"
"c425535e4d7d311f","Periodica Polytechnica-Civil Engineering","https://pp.bme.hu/ci/gateway/plugin/WebFeedGatewayPlugin/atom","feed-with-entries","200","atom","27","2026-10-04T13:01:02.489370+00:00","https://pp.bme.hu/ci/gateway/plugin/WebFeedGatewayPlugin/atom"
"35f348b0a9f8859b","PERIODICA POLYTECHNICA-MECHANICAL ENGINEERING","https://pp.bme.hu/me/gateway/plugin/WebFeedGatewayPlugin/atom","feed-with-entries","200","atom","10","2026-10-04T13:01:19.487803+00:00","https://pp.bme.hu/me/gateway/plugin/WebFeedGatewayPlugin/atom"
"bc05884ac40557b5","PERIODICUM BIOLOGORUM","https://ojs.srce.hr/periodicum_biologorum/gateway/plugin/WebFeedGatewayPlugin/atom","feed-with-entries","200","atom","30","2026-10-04T13:01:00.108948+00:00","https://ojs.srce.hr/periodicum_biologorum/gateway/plugin/WebFeedGatewayPlugin/atom"
"b78156698ff50cb0","Persian Journal of Acarology","https://www.biotaxa.org/pja/gateway/plugin/AnnouncementFeedGatewayPlugin/atom","feed-with-entries","200","atom","3","2026-10-04T12:59:31.048783+00:00","https://www.biotaxa.org/pja/gateway/plugin/AnnouncementFeedGatewayPlugin/atom"
"2262d15a84a86978","Perspectiva Educacional","http://www.perspectivaeducacional.cl/index.php/peducacional/gateway/plugin/AnnouncementFeedGatewayPlugin/atom","feed-with-entries","200","atom","5","2026-10-04T13:00:20.323796+00:00","https://www.perspectivaeducacional.cl/index.php/peducacional/gateway/plugin/AnnouncementFeedGatewayPlugin/atom"
"3d0781f212eff220","Perspectiva Teologica","https://www.faje.edu.br/periodicos/index.php/perspectiva/gateway/plugin/WebFeedGatewayPlugin/atom","tls-or-network-error","","","","2026-10-04T12:59:48.411535+00:00",""
"856fbd32236b53c1","PERSPECTIVES IN PLANT ECOLOGY EVOLUTION AND SYSTEMATICS","https://rss.sciencedirect.com/publication/science/14338319","feed-with-entries","200","rss","12","2026-10-04T13:07:14.123859+00:00","https://rss.sciencedirect.com/publication/science/14338319"
"3c75051ae73d9256","Pesquisa Brasileira em Odontopediatria e Clinica Integrada","https://www.scielo.br/journal/pboci/feed/","access-blocked","403","","","2026-10-04T13:01:50.037806+00:00",""
"d1a9230b71cbfede","PESQUISA VETERINARIA BRASILEIRA","https://www.scielo.br/journal/pvb/feed/","access-blocked","403","","","2026-10-04T13:01:50.984838+00:00",""
"fd1d3ff83aca901e","Pharmaceutical Care Espana","https://www.pharmcareesp.com/index.php/PharmaCARE/gateway/plugin/WebFeedGatewayPlugin/atom","feed-with-entries","200","atom","16","2026-10-04T13:00:20.735607+00:00","https://www.pharmcareesp.com/index.php/PharmaCARE/gateway/plugin/WebFeedGatewayPlugin/atom"
"f3065e548214c7c9","PHARMACOGENOMICS JOURNAL","https://www.nature.com/tpj.rss","feed-with-entries","200","rdf","8","2026-10-04T13:03:41.138202+00:00","https://www.nature.com/tpj.rss?error=cookies_not_supported&code=80b8bf23-9fc8-4e74-8eeb-8fd76fda0667"
"2de8b18576daa4a1","PHARMACOLOGICAL RESEARCH","https://rss.sciencedirect.com/publication/science/10436618","feed-with-entries","200","rss","100","2026-10-04T13:07:15.261750+00:00","https://rss.sciencedirect.com/publication/science/10436618"
"2ca0df7446333526","PHARMACOLOGY BIOCHEMISTRY AND BEHAVIOR","https://rss.sciencedirect.com/publication/science/00913057","feed-with-entries","200","rss","15","2026-10-04T13:07:15.637489+00:00","https://rss.sciencedirect.com/publication/science/00913057"
"8b73b24b17695a72","Pharmacy Practice-Granada","https://scielo.isciii.es/rss.php?pid=1885-642X20210003&lang=en","feed-with-entries","200","rss","16","2026-10-04T13:01:09.551666+00:00","https://scielo.isciii.es/rss.php?pid=1885-642X20210003&lang=en"
"f129a92126cba639","PharmaNutrition","https://rss.sciencedirect.com/publication/science/22134344","feed-with-entries","200","rss","24","2026-10-04T13:07:16.221791+00:00","https://rss.sciencedirect.com/publication/science/22134344"
"005faf044cff8957","PHARMAZIE","https://api.ingentaconnect.com/content/govi/pharmaz/latest?format=rss","access-blocked","403","","","2026-10-04T13:01:30.881440+00:00",""
"d2e19fb39c78ffd8","Philosophers Imprint","https://journals.publishing.umich.edu/phimp/feed/","feed-with-entries","200","rss","10","2026-10-04T13:01:16.696244+00:00","https://journals.publishing.umich.edu/phimp/feed/"
"88a38b49fd468109","Philosophical Inquiries","https://www.philinq.it/index.php/philinq/gateway/plugin/AnnouncementFeedGatewayPlugin/atom","tls-or-network-error","","","","2026-10-04T13:00:20.806758+00:00",""
"160d3da23b4b1396","Photoacoustics","https://rss.sciencedirect.com/publication/science/22135979","feed-with-entries","200","rss","37","2026-10-04T13:07:16.594057+00:00","https://rss.sciencedirect.com/publication/science/22135979"
"fa18fe107e594e9d","Photonics and Nanostructures-Fundamentals and Applications","https://rss.sciencedirect.com/publication/science/15694410","feed-with-entries","200","rss","52","2026-10-04T13:07:17.532926+00:00","https://rss.sciencedirect.com/publication/science/15694410"
"6187b598f7ca3933","Phronimon","https://unisapressjournals.co.za/index.php/Phronimon/gateway/plugin/WebFeedGatewayPlugin/atom","network-or-safety-error","","","","2026-10-04T12:59:13.309799+00:00",""
"71c3deda4c0bc20b","PHYSICA B-CONDENSED MATTER","https://rss.sciencedirect.com/publication/science/09214526","feed-with-entries","200","rss","100","2026-10-04T13:07:18.076102+00:00","https://rss.sciencedirect.com/publication/science/09214526"
"e197f614269e14b0","PHYSICA C-SUPERCONDUCTIVITY AND ITS APPLICATIONS","https://rss.sciencedirect.com/publication/science/09214534","feed-with-entries","200","rss","20","2026-10-04T13:07:18.443782+00:00","https://rss.sciencedirect.com/publication/science/09214534"
"5f50ddb99f329a23","PHYSICA D-NONLINEAR PHENOMENA","https://rss.sciencedirect.com/publication/science/01672789","feed-with-entries","200","rss","85","2026-10-04T13:07:19.017123+00:00","https://rss.sciencedirect.com/publication/science/01672789"
"41f8e3c2f41d45b6","Physical Medicine and Rehabilitation Clinics of North America","https://rss.sciencedirect.com/publication/science/10479651","feed-with-entries","200","rss","49","2026-10-04T13:07:19.576123+00:00","https://rss.sciencedirect.com/publication/science/10479651"
"e141f18b3079c3e1","Physics & Imaging in Radiation Oncology","https://rss.sciencedirect.com/publication/science/24056316","feed-with-entries","200","rss","37","2026-10-04T13:07:19.934797+00:00","https://rss.sciencedirect.com/publication/science/24056316"
"4ea227d4c8396512","Physics and Chemistry of Glasses-European Journal of Glass Science and Technology Part B","https://api.ingentaconnect.com/content/sgt/ejgst/latest?format=rss","access-blocked","403","","","2026-10-04T13:01:37.325965+00:00",""
"09d156a93b84046b","Physics of Life Reviews","https://rss.sciencedirect.com/publication/science/15710645","feed-with-entries","200","rss","41","2026-10-04T13:07:20.286365+00:00","https://rss.sciencedirect.com/publication/science/15710645"
"7231f3ee856eeb82","PHYSICS OF THE EARTH AND PLANETARY INTERIORS","https://rss.sciencedirect.com/publication/science/00319201","feed-with-entries","200","rss","6","2026-10-04T13:07:21.332617+00:00","https://rss.sciencedirect.com/publication/science/00319201"
"db21ea20c4e3afe1","PHYSIOLOGICAL AND MOLECULAR PLANT PATHOLOGY","https://rss.sciencedirect.com/publication/science/08855765","feed-with-entries","200","rss","100","2026-10-04T13:07:21.717605+00:00","https://rss.sciencedirect.com/publication/science/08855765"
"1241e721ce6132bd","Phytochemistry Letters","https://rss.sciencedirect.com/publication/science/18743900","feed-with-entries","200","rss","44","2026-10-04T13:07:22.265640+00:00","https://rss.sciencedirect.com/publication/science/18743900"
"3321f4594b4018ab","Phytotaxa","https://phytotaxa.mapress.com/pt/gateway/plugin/WebFeedGatewayPlugin/atom","feed-with-entries","200","atom","8","2026-10-04T12:57:36.587998+00:00","https://phytotaxa.mapress.com/pt/gateway/plugin/WebFeedGatewayPlugin/atom"
"591f31c735f31f6a","PLANETARY AND SPACE SCIENCE","https://rss.sciencedirect.com/publication/science/00320633","feed-with-entries","200","rss","17","2026-10-04T13:07:22.819535+00:00","https://rss.sciencedirect.com/publication/science/00320633"
"7ee457d2ddf33911","Plant Pathology Journal","https://www.ppjonline.org/journal/rss/xml/feed.xml","feed-with-entries","200","rss","1100","2026-10-04T13:00:23.947092+00:00","https://www.ppjonline.org/journal/rss/xml/feed.xml"
"e5373fdbc2dbfaac","Plant Science Today","https://horizonepublishing.com/index.php/PST/gateway/plugin/WebFeedGatewayPlugin/atom","network-or-safety-error","","","","2026-10-04T12:55:51.266916+00:00",""
"48730cf018b610ae","PLASMID","https://rss.sciencedirect.com/publication/science/0147619X","feed-with-entries","200","rss","17","2026-10-04T13:07:23.210881+00:00","https://rss.sciencedirect.com/publication/science/0147619X"
"f5dcbf099d02052c","Plastic Surgery","https://www.plasticsurgery.org/rss/news-rss-feed","feed-with-entries","200","rss","15","2026-10-04T13:00:21.800243+00:00","https://www.plasticsurgery.org/rss/news-rss-feed"
"e4ecb636f3375cf6","Plato Journal","https://platosociety.org/comments/feed/","feed-with-entries","200","rss","5","2026-10-04T12:57:38.380959+00:00","https://platosociety.org/comments/feed/"
"daacaa98b46e57dc","PLOS BIOLOGY","https://journals.plos.org/plosbiology/feed/atom","feed-with-entries","200","atom","30","2026-10-04T12:56:33.977543+00:00","https://journals.plos.org/plosbiology/feed/atom"
"ebacf78ea03bc6fe","PLoS Computational Biology","https://journals.plos.org/ploscompbiol/feed/atom","feed-with-entries","200","atom","30","2026-10-04T13:00:55.954207+00:00","https://journals.plos.org/ploscompbiol/feed/atom"
"2056db4228f6f8d1","PLoS Genetics","https://journals.plos.org/plosgenetics/feed/atom","feed-with-entries","200","atom","30","2026-10-04T13:01:16.654027+00:00","https://journals.plos.org/plosgenetics/feed/atom"
"64c6c46705db2d9c","PLOS MEDICINE","https://journals.plos.org/plosmedicine/feed/atom","feed-with-entries","200","atom","30","2026-10-04T13:01:26.700286+00:00","https://journals.plos.org/plosmedicine/feed/atom"
"a998aa0365c30621","PLoS Neglected Tropical Diseases","https://journals.plos.org/plosntds/feed/atom","feed-with-entries","200","atom","30","2026-10-04T13:01:32.878563+00:00","https://journals.plos.org/plosntds/feed/atom"
"9723d5e70499932c","PLoS One","https://journals.plos.org/plosone/feed/atom","feed-with-entries","200","atom","30","2026-10-04T13:01:37.703014+00:00","https://journals.plos.org/plosone/feed/atom"
"2a85d9fac4de0238","PLoS Pathogens","https://journals.plos.org/plospathogens/feed/atom","feed-with-entries","200","atom","30","2026-10-04T13:01:40.468386+00:00","https://journals.plos.org/plospathogens/feed/atom"
"31aa694cfc12ef85","Plura-Revista de Estudos de Religiao","https://revistaplura.emnuvens.com.br/plura/gateway/plugin/WebFeedGatewayPlugin/atom","feed-with-entries","200","atom","21","2026-10-04T12:58:09.567017+00:00","https://revistaplura.emnuvens.com.br/plura/gateway/plugin/WebFeedGatewayPlugin/atom"
"8ce8ee4e772fe62b","Podium-Sport Leisure and Tourism Review","https://periodicos.uninove.br/podium/gateway/plugin/WebFeedGatewayPlugin/atom","feed-with-entries","200","atom","10","2026-10-04T12:57:33.983148+00:00","https://periodicos.uninove.br/podium/gateway/plugin/WebFeedGatewayPlugin/atom"
"0671832470917a1a","Politics and Governance","https://www.cogitatiopress.com/politicsandgovernance/gateway/plugin/WebFeedGatewayPlugin/atom","feed-with-entries","200","atom","9","2026-10-04T12:59:37.083099+00:00","https://www.cogitatiopress.com/politicsandgovernance/gateway/plugin/WebFeedGatewayPlugin/atom"
"ff94132fdb9b7608","Politologicky Casopis-Czech Journal of Political Science","https://czechpolsci.eu/gateway/plugin/WebFeedGatewayPlugin/atom","feed-with-entries","200","atom","6","2026-10-04T12:55:12.064058+00:00","https://czechpolsci.eu/gateway/plugin/WebFeedGatewayPlugin/atom"
"a75b991217bd89e6","POLYHEDRON","https://rss.sciencedirect.com/publication/science/02775387","feed-with-entries","200","rss","57","2026-10-04T13:07:23.591365+00:00","https://rss.sciencedirect.com/publication/science/02775387"
"c310ff2bccc49b2d","Pomorstvo-Scientific Journal of Maritime Research","https://ojs.srce.hr/pomorstvo/gateway/plugin/WebFeedGatewayPlugin/atom","feed-with-entries","200","atom","30","2026-10-04T13:01:17.977759+00:00","https://ojs.srce.hr/pomorstvo/gateway/plugin/WebFeedGatewayPlugin/atom"
"da3e52a20daee2b3","POULTRY SCIENCE","https://rss.sciencedirect.com/publication/science/00325791","feed-with-entries","200","rss","100","2026-10-04T13:07:24.018898+00:00","https://rss.sciencedirect.com/publication/science/00325791"
"c05600c23b0328d0","Prace Komisji Geografii Przemyslu Polskiego Towarzystwa Geograficznego-Studies of the Industrial Geography Commission of the Polish Geographical Society","https://prace-kgp.uken.krakow.pl/gateway/plugin/WebFeedGatewayPlugin/atom","feed-with-entries","200","atom","6","2026-10-04T12:57:39.869515+00:00","https://prace-kgp.uken.krakow.pl/gateway/plugin/WebFeedGatewayPlugin/atom"
"bcc34b56c9119397","Practical Laboratory Medicine","https://rss.sciencedirect.com/publication/science/23525517","feed-with-entries","200","rss","15","2026-10-04T13:07:24.561819+00:00","https://rss.sciencedirect.com/publication/science/23525517"
"64282355afa20409","Pratiques Psychologiques","https://rss.sciencedirect.com/publication/science/12691763","feed-with-entries","200","rss","27","2026-10-04T13:07:25.612794+00:00","https://rss.sciencedirect.com/publication/science/12691763"
"da037fd75bb0747d","Pravni Vjesnik","https://ojs.srce.hr/pravni-vjesnik/gateway/plugin/WebFeedGatewayPlugin/atom","feed-with-entries","200","atom","30","2026-10-04T13:01:27.273410+00:00","https://ojs.srce.hr/pravni-vjesnik/gateway/plugin/WebFeedGatewayPlugin/atom"
"258f59f380215275","Presente y Pasado-Revista de Historia","http://erevistas.saber.ula.ve/index.php/presenteypasado/gateway/plugin/WebFeedGatewayPlugin/atom","network-or-safety-error","","","","2026-10-04T12:55:30.183675+00:00",""
"4dafd699a7da4381","PRESERVATION","https://www.iccrom.org/feed","feed-with-entries","200","rss","10","2026-10-04T12:59:56.046430+00:00","https://www.iccrom.org/feed"
"645b90b3aad58ba0","Presse Medicale","https://rss.sciencedirect.com/publication/science/07554982","feed-with-entries","200","rss","34","2026-10-04T13:07:26.316124+00:00","https://rss.sciencedirect.com/publication/science/07554982"
"3b0cd351fa2fd151","Preventive Medicine Reports","https://rss.sciencedirect.com/publication/science/22113355","feed-with-entries","200","rss","54","2026-10-04T13:07:26.919356+00:00","https://rss.sciencedirect.com/publication/science/22113355"
"0367e1cdfd75877d","Prikladnaya Diskretnaya Matematika","https://www.mathnet.ru/rss/rssLastIssue.phtml?jrnid=pdm&option_lang=eng","feed-with-entries","200","rss","8","2026-10-04T13:00:11.977308+00:00","https://www.mathnet.ru/rss/rssLastIssue.phtml?jrnid=pdm&option_lang=eng"
"dcd42d7aba6a3619","Primary Care Diabetes","https://rss.sciencedirect.com/publication/science/17519918","feed-with-entries","200","rss","48","2026-10-04T13:07:28.161527+00:00","https://rss.sciencedirect.com/publication/science/17519918"
"d98bd7b2cd8fa981","Procesos-Revista Ecuatoriana de Historia","https://revistas.uasb.edu.ec/index.php/procesos/gateway/plugin/WebFeedGatewayPlugin/atom","feed-with-entries","200","atom","30","2026-10-04T12:58:17.726835+00:00","https://revistas.uasb.edu.ec/index.php/procesos/gateway/plugin/WebFeedGatewayPlugin/atom"
"a3586376adba8fc6","Processes of Petrochemistry and Oil Refining","https://ppor.az/index.php/ppor/gateway/plugin/WebFeedGatewayPlugin/atom","network-or-safety-error","","","","2026-10-04T12:57:39.466516+00:00",""
"d0cf388b910ff55d","Processing and Application of Ceramics","http://ojs.tf.uns.ac.rs/index.php/pac/gateway/plugin/WebFeedGatewayPlugin/atom","feed-with-entries","200","atom","12","2026-10-04T12:57:13.923624+00:00","http://ojs.tf.uns.ac.rs/index.php/pac/gateway/plugin/WebFeedGatewayPlugin/atom"
"aaf8ba4d0aa293da","PROGRESS IN AEROSPACE SCIENCES","https://rss.sciencedirect.com/publication/science/03760421","feed-with-entries","200","rss","8","2026-10-04T13:07:28.518889+00:00","https://rss.sciencedirect.com/publication/science/03760421"
"f39e0eeaacd94725","PROGRESS IN CARDIOVASCULAR DISEASES","https://rss.sciencedirect.com/publication/science/00330620","feed-with-entries","200","rss","81","2026-10-04T13:07:29.309151+00:00","https://rss.sciencedirect.com/publication/science/00330620"
"70e9bfa4e3699455","PROGRESS IN CRYSTAL GROWTH AND CHARACTERIZATION OF MATERIALS","https://rss.sciencedirect.com/publication/science/09608974","feed-with-entries","200","rss","4","2026-10-04T13:07:30.023223+00:00","https://rss.sciencedirect.com/publication/science/09608974"
"579a57688c179d31","Progress in Disaster Science","https://rss.sciencedirect.com/publication/science/25900617","feed-with-entries","200","rss","100","2026-10-04T13:07:30.394419+00:00","https://rss.sciencedirect.com/publication/science/25900617"
"e2e5b0abc47d23c4","PROGRESS IN ENERGY AND COMBUSTION SCIENCE","https://rss.sciencedirect.com/publication/science/03601285","feed-with-entries","200","rss","4","2026-10-04T13:07:30.968712+00:00","https://rss.sciencedirect.com/publication/science/03601285"
"81c38bba35979b97","PROGRESS IN LIPID RESEARCH","https://rss.sciencedirect.com/publication/science/01637827","feed-with-entries","200","rss","21","2026-10-04T13:07:31.775898+00:00","https://rss.sciencedirect.com/publication/science/01637827"
"bb48c34f7a2424b0","Progress in Natural Science-Materials International","https://rss.sciencedirect.com/publication/science/10020071","feed-with-entries","200","rss","63","2026-10-04T13:07:32.405394+00:00","https://rss.sciencedirect.com/publication/science/10020071"
"f21df783dd821ec2","PROGRESS IN NEUROBIOLOGY","https://rss.sciencedirect.com/publication/science/03010082","feed-with-entries","200","rss","10","2026-10-04T13:07:32.760820+00:00","https://rss.sciencedirect.com/publication/science/03010082"
"f7c608187967fb16","PROGRESS IN OCEANOGRAPHY","https://rss.sciencedirect.com/publication/science/00796611","feed-with-entries","200","rss","20","2026-10-04T13:07:33.142609+00:00","https://rss.sciencedirect.com/publication/science/00796611"
"105fc4353a6b0984","PROGRESS IN PARTICLE AND NUCLEAR PHYSICS","https://rss.sciencedirect.com/publication/science/01466410","feed-with-entries","200","rss","7","2026-10-04T13:07:34.269963+00:00","https://rss.sciencedirect.com/publication/science/01466410"
"1750af1a74fb2937","PROGRESS IN PLANNING","https://rss.sciencedirect.com/publication/science/03059006","feed-with-entries","200","rss","9","2026-10-04T13:07:34.827819+00:00","https://rss.sciencedirect.com/publication/science/03059006"
"dc166d350b171ce0","PROGRESS IN POLYMER SCIENCE","https://rss.sciencedirect.com/publication/science/00796700","feed-with-entries","200","rss","7","2026-10-04T13:07:35.185910+00:00","https://rss.sciencedirect.com/publication/science/00796700"
"efbba4281ed94b93","PROGRESS IN QUANTUM ELECTRONICS","https://rss.sciencedirect.com/publication/science/00796727","feed-with-entries","200","rss","11","2026-10-04T13:07:35.542384+00:00","https://rss.sciencedirect.com/publication/science/00796727"
"86f5239f0e985913","PROGRESS IN SOLID STATE CHEMISTRY","https://rss.sciencedirect.com/publication/science/00796786","feed-with-entries","200","rss","17","2026-10-04T13:07:36.153272+00:00","https://rss.sciencedirect.com/publication/science/00796786"
"de0d10c145260a50","PROGRESS IN SURFACE SCIENCE","https://rss.sciencedirect.com/publication/science/00796816","feed-with-entries","200","rss","6","2026-10-04T13:07:36.689667+00:00","https://rss.sciencedirect.com/publication/science/00796816"
"cca63248e2b4a788","PROSTATE CANCER AND PROSTATIC DISEASES","https://www.nature.com/pcan.rss","feed-with-entries","200","rdf","8","2026-10-04T13:03:44.829230+00:00","https://www.nature.com/pcan.rss?error=cookies_not_supported&code=db3a3a52-b82e-4bd8-9bb3-214c4e94a673"
"024cfd566d64007d","Prostate International","https://rss.sciencedirect.com/publication/science/22878882","feed-with-entries","200","rss","51","2026-10-04T13:07:37.258849+00:00","https://rss.sciencedirect.com/publication/science/22878882"
"e5df56ad9d92bbfa","PROTEIN EXPRESSION AND PURIFICATION","https://rss.sciencedirect.com/publication/science/10465928","feed-with-entries","200","rss","33","2026-10-04T13:07:37.599596+00:00","https://rss.sciencedirect.com/publication/science/10465928"
"30bdea356847c539","PROTIST","https://rss.sciencedirect.com/publication/science/14344610","feed-with-entries","200","rss","10","2026-10-04T13:07:38.215471+00:00","https://rss.sciencedirect.com/publication/science/14344610"
"b9b428a8186fb702","PSYCHIATRY RESEARCH","https://rss.sciencedirect.com/publication/science/01651781","feed-with-entries","200","rss","100","2026-10-04T13:07:39.324129+00:00","https://rss.sciencedirect.com/publication/science/01651781"
"6b57b89887fbb1f9","Psycholinguistics","https://psycholing-journal.com/index.php/journal/gateway/plugin/WebFeedGatewayPlugin/atom","feed-with-entries","200","atom","8","2026-10-04T12:57:40.932270+00:00","https://psycholing-journal.com/index.php/journal/gateway/plugin/WebFeedGatewayPlugin/atom"
"46f31932ffd2d5c6","PSYCHOLOGICA BELGICA","https://account.psychologicabelgica.com/index.php/up-j-pb/gateway/plugin/WebFeedGatewayPlugin/atom","tls-or-network-error","","","","2026-10-04T12:54:22.760362+00:00",""
"61ed251f4590c953","Psychology Society & Education","https://journals.uco.es/psye/gateway/plugin/WebFeedGatewayPlugin/atom","feed-with-entries","200","atom","7","2026-10-04T13:00:56.961675+00:00","https://journals.uco.es/psye/gateway/plugin/WebFeedGatewayPlugin/atom"
"90fece218064c22b","Psychology-Journal of the Higher School of Economics","https://psy-journal.hse.ru/en/rss","html-or-disallowed-doctype","200","","","2026-10-04T12:57:40.161180+00:00","https://psy-journal.hse.ru/"
"16d86ad2f9868250","PSYCHONEUROENDOCRINOLOGY","https://rss.sciencedirect.com/publication/science/03064530","feed-with-entries","200","rss","33","2026-10-04T13:07:39.688138+00:00","https://rss.sciencedirect.com/publication/science/03064530"
"8158e3fa11b474de","PUBLIC HEALTH REVIEWS","https://www.ssph-journal.org/journals/public-health-reviews/rss","feed-with-entries","200","rss","20","2026-10-04T13:01:14.240899+00:00","https://www.ssph-journal.org/journals/public-health-reviews/rss"
"09d3ed20c5fa145d","PULMONARY PHARMACOLOGY & THERAPEUTICS","https://rss.sciencedirect.com/publication/science/10945539","feed-with-entries","200","rss","14","2026-10-04T13:07:41.213773+00:00","https://rss.sciencedirect.com/publication/science/10945539"
"de4c69005f3c637d","Punto Genero","https://revistapuntogenero.uchile.cl/index.php/RPG/gateway/plugin/WebFeedGatewayPlugin/atom","tls-or-network-error","","","","2026-10-04T12:58:09.753497+00:00",""
"732e7a81639b5f67","QED-A Journal in GLBTQ Worldmaking","https://ojs.msupress.org/index.php/QED/gateway/plugin/WebFeedGatewayPlugin/atom","feed-with-entries","200","atom","23","2026-10-04T12:57:10.163465+00:00","https://ojs.msupress.org/index.php/QED/gateway/plugin/WebFeedGatewayPlugin/atom"
"61f6b644644410c2","Quaderns de Psicologia","https://quadernsdepsicologia.cat/gateway/plugin/WebFeedGatewayPlugin/atom","feed-with-entries","200","atom","12","2026-10-04T12:57:46.007074+00:00","https://quadernsdepsicologia.cat/gateway/plugin/WebFeedGatewayPlugin/atom"
"81a00440532f7366","Quaestio Rossica","https://qr.urfu.ru/ojs/index.php/qr/gateway/plugin/WebFeedGatewayPlugin/atom","timeout","200","","","2026-10-04T12:57:45.676643+00:00","https://qr.urfu.ru/ojs/index.php/qr/gateway/plugin/WebFeedGatewayPlugin/atom"
"1275aa337c8f1a18","Qualitative Report","https://nsuworks.nova.edu/tqr/recent.rss","feed-with-entries","200","rss","20","2026-10-04T13:00:57.795626+00:00","https://nsuworks.nova.edu/tqr/recent.rss"
"c3bb79f2af4f110a","Quality Assurance and Safety of Crops & Foods","https://qascf.com/index.php/qas/gateway/plugin/WebFeedGatewayPlugin/atom","feed-with-entries","200","atom","30","2026-10-04T12:57:44.796720+00:00","https://qascf.com/index.php/qas/gateway/plugin/WebFeedGatewayPlugin/atom"
"db4039303e846f69","Quantitative Imaging in Medicine and Surgery","https://qims.amegroups.org//gateway/plugin/WebFeedGatewayPlugin/atom","feed-with-entries","200","atom","84","2026-10-04T12:57:45.313190+00:00","https://qims.amegroups.org//gateway/plugin/WebFeedGatewayPlugin/atom"
"e21b746c615f0d3a","QUANTUM INFORMATION & COMPUTATION","https://dl.acm.org/action/showFeed?type=etoc&feed=rss&jc=qic","feed-with-entries","200","rdf","3","2026-10-04T13:01:31.262740+00:00","https://dl.acm.org/action/showFeed?type=etoc&feed=rss&jc=qic"
"7dcb9374dbe9287f","Quaternary","https://rss.sciencedirect.com/publication/science/10406182","feed-with-entries","200","rss","9","2026-10-04T13:07:41.679711+00:00","https://rss.sciencedirect.com/publication/science/10406182"
"cccb9c8a1b660a5b","Quaternary Geochronology","https://rss.sciencedirect.com/publication/science/18711014","feed-with-entries","200","rss","11","2026-10-04T13:07:42.325109+00:00","https://rss.sciencedirect.com/publication/science/18711014"
"d97d24bd485d36e5","Quaternary Science Advances","https://rss.sciencedirect.com/publication/science/26660334","feed-with-entries","200","rss","24","2026-10-04T13:07:42.968877+00:00","https://rss.sciencedirect.com/publication/science/26660334"
"61d431ebc49f82b2","RADIATION MEASUREMENTS","https://rss.sciencedirect.com/publication/science/13504487","feed-with-entries","200","rss","33","2026-10-04T13:07:43.452567+00:00","https://rss.sciencedirect.com/publication/science/13504487"
"872ef0d143e35bdf","RADICAL PHILOSOPHY","https://www.radicalphilosophy.com/comments/feed","feed-with-entries","200","rss","5","2026-10-04T13:00:23.953014+00:00","https://www.radicalphilosophy.com/comments/feed"
"773b17241f1407fc","Radical Teacher","https://radicalteacher.library.pitt.edu/ojs/radicalteacher/gateway/plugin/WebFeedGatewayPlugin/atom","feed-with-entries","200","atom","20","2026-10-04T12:57:47.749076+00:00","https://radicalteacher.library.pitt.edu/ojs/radicalteacher/gateway/plugin/WebFeedGatewayPlugin/atom"
"3999057a61d86e8c","Range Management and Agroforestry","https://publications.rmsi.in/index.php/rma/gateway/plugin/WebFeedGatewayPlugin/atom","feed-with-entries","200","atom","30","2026-10-04T12:57:43.474853+00:00","https://publications.rmsi.in/index.php/rma/gateway/plugin/WebFeedGatewayPlugin/atom"
"47ddef1d813db1f4","Rational Pharmacotherapy in Cardiology","https://www.rpcardio.online/jour/gateway/plugin/WebFeedGatewayPlugin/atom","tls-or-network-error","","","","2026-10-04T13:00:33.846559+00:00",""
"b6086c76ffe3fe13","Raumforschung und Raumordnung-Spatial Research and Planning","https://rur.oekom.de/index.php/rur/gateway/plugin/AnnouncementFeedGatewayPlugin/atom","feed-with-entries","200","atom","47","2026-10-04T12:58:47.364088+00:00","https://rur.oekom.de/index.php/rur/en/gateway/plugin/AnnouncementFeedGatewayPlugin/atom"
"d04f06d0a20b30f4","RED-Revista de Educacion a Distancia","https://revistas.um.es/red/gateway/plugin/WebFeedGatewayPlugin/atom","feed-with-entries","200","atom","7","2026-10-04T13:01:27.847604+00:00","https://revistas.um.es/red/gateway/plugin/WebFeedGatewayPlugin/atom"
"271f349d2912f8a4","REGIONAL SCIENCE AND URBAN ECONOMICS","https://rss.sciencedirect.com/publication/science/01660462","feed-with-entries","200","rss","35","2026-10-04T13:07:44.072236+00:00","https://rss.sciencedirect.com/publication/science/01660462"
"f4ab548b21c6049d","Regional Science Policy and Practice","https://rss.sciencedirect.com/publication/science/17577802","feed-with-entries","200","rss","11","2026-10-04T13:07:44.647037+00:00","https://rss.sciencedirect.com/publication/science/17577802"
"c96e8c6c331261f1","Regional Studies in Marine Science","https://rss.sciencedirect.com/publication/science/23524855","feed-with-entries","200","rss","100","2026-10-04T13:07:45.204559+00:00","https://rss.sciencedirect.com/publication/science/23524855"
"1f80a6b162060e6c","Regional Sustainability","https://rss.sciencedirect.com/publication/science/2666660X","feed-with-entries","200","rss","25","2026-10-04T13:07:46.000498+00:00","https://rss.sciencedirect.com/publication/science/2666660X"
"8d7baee7a3b3fc3e","Regulatory Mechanisms in Biosystems","https://medicine.dp.ua/index.php/med/gateway/plugin/WebFeedGatewayPlugin/atom","feed-with-entries","200","atom","12","2026-10-04T12:56:55.497058+00:00","https://medicine.dp.ua/index.php/med/gateway/plugin/WebFeedGatewayPlugin/atom"
"beb3ba1f770884a0","RELIGION","https://www.religion-online.org/feed/","feed-with-entries","200","rss","8","2026-10-04T13:00:27.197547+00:00","https://www.religion-online.org/feed/"
"46fbc55261561ffc","Remate de Males","https://periodicos.sbu.unicamp.br/ojs/index.php/remate/gateway/plugin/AnnouncementFeedGatewayPlugin/atom","empty-feed","200","atom","0","2026-10-04T13:01:01.872600+00:00","https://periodicos.sbu.unicamp.br/ojs/index.php/remate/gateway/plugin/AnnouncementFeedGatewayPlugin/atom"
"7f9ede7876d8a933","REMEA-Revista Eletronica do Mestrado em Educacao Ambiental","https://periodicos.furg.br/remea/gateway/plugin/WebFeedGatewayPlugin/atom","tls-or-network-error","","","","2026-10-04T12:57:26.365714+00:00",""
"3f943f5078b5046e","Remote Sensing Applications-Society and Environment","https://rss.sciencedirect.com/publication/science/23529385","feed-with-entries","200","rss","100","2026-10-04T13:07:46.402014+00:00","https://rss.sciencedirect.com/publication/science/23529385"
"eb1100225a4832da","RENAISSANCE AND REFORMATION","https://jps.library.utoronto.ca/index.php/renref/gateway/plugin/WebFeedGatewayPlugin/atom","feed-with-entries","200","atom","45","2026-10-04T13:00:57.568701+00:00","https://jps.library.utoronto.ca/index.php/renref/gateway/plugin/WebFeedGatewayPlugin/atom"
"f8e5ad41b705caff","Reports of Practical Oncology and Radiotherapy","https://journals.viamedica.pl/rpor/gateway/plugin/WebFeedGatewayPlugin/atom","feed-with-entries","200","atom","17","2026-10-04T13:01:45.162685+00:00","https://journals.viamedica.pl/rpor/gateway/plugin/WebFeedGatewayPlugin/atom"
"7bac94e71ac79161","Research in Cold and Arid Regions","https://rss.sciencedirect.com/publication/science/20971583","feed-with-entries","200","rss","44","2026-10-04T13:07:46.893540+00:00","https://rss.sciencedirect.com/publication/science/20971583"
"460ca31e69d4a93c","Research in Economics","https://rss.sciencedirect.com/publication/science/10909443","feed-with-entries","200","rss","26","2026-10-04T13:07:47.296566+00:00","https://rss.sciencedirect.com/publication/science/10909443"
"4293db8455a58a7d","Research in Learning Technology","https://journal.alt.ac.uk/index.php/rlt/gateway/plugin/AnnouncementFeedGatewayPlugin/atom","feed-with-entries","200","atom","3","2026-10-04T12:56:21.392281+00:00","https://journal.alt.ac.uk/index.php/rlt/gateway/plugin/AnnouncementFeedGatewayPlugin/atom"
"2e361af32057946d","Research in Organizational Behavior","https://rss.sciencedirect.com/publication/science/01913085","feed-with-entries","200","rss","21","2026-10-04T13:07:47.926681+00:00","https://rss.sciencedirect.com/publication/science/01913085"
"e67656d96f975917","Research in Social Stratification and Mobility","https://rss.sciencedirect.com/publication/science/02765624","feed-with-entries","200","rss","31","2026-10-04T13:07:48.341686+00:00","https://rss.sciencedirect.com/publication/science/02765624"
"e47ec86c5008a8ac","Research Reports in Clinical Cardiology","https://www.dovepress.com/feed/journal/96","feed-with-entries","200","rss","30","2026-10-04T13:01:57.484821+00:00","https://www.dovepress.com/feed/journal/96"
"a395df2e03b4c128","RESOURCE AND ENERGY ECONOMICS","https://rss.sciencedirect.com/publication/science/09287655","feed-with-entries","200","rss","16","2026-10-04T13:07:49.121319+00:00","https://rss.sciencedirect.com/publication/science/09287655"
"553ca123d135aa40","Resources Policy","https://rss.sciencedirect.com/publication/science/03014207","feed-with-entries","200","rss","39","2026-10-04T13:07:49.680214+00:00","https://rss.sciencedirect.com/publication/science/03014207"
"81a8887d3cab9c29","Respiratory Medicine and Research","https://rss.sciencedirect.com/publication/science/25900412","feed-with-entries","200","rss","100","2026-10-04T13:07:50.252858+00:00","https://rss.sciencedirect.com/publication/science/25900412"
"dc99b5924982bbef","Resuscitation Plus","https://rss.sciencedirect.com/publication/science/26665204","feed-with-entries","200","rss","79","2026-10-04T13:07:50.673698+00:00","https://rss.sciencedirect.com/publication/science/26665204"
"26d4a92b71c2c261","Reumatismo","https://www.reumatismo.org/reuma/gateway/plugin/WebFeedGatewayPlugin/atom","feed-with-entries","200","atom","5","2026-10-04T13:00:29.057436+00:00","https://www.reumatismo.org/reuma/gateway/plugin/WebFeedGatewayPlugin/atom"
"95a1b8e90f0852db","REUNIR-Revista de Administracao Contabilidade e Sustentabilidade","https://reunir.revistas.ufcg.edu.br/index.php/uacc/gateway/plugin/AnnouncementFeedGatewayPlugin/atom","feed-with-entries","200","atom","16","2026-10-04T12:57:51.969176+00:00","https://reunir.revistas.ufcg.edu.br/index.php/uacc/gateway/plugin/AnnouncementFeedGatewayPlugin/atom"
"2e0a06a3e36900ea","Review of Economic Analysis","https://openjournals.uwaterloo.ca/index.php/rofea/gateway/plugin/WebFeedGatewayPlugin/atom","feed-with-entries","200","atom","10","2026-10-04T12:57:20.770019+00:00","https://openjournals.uwaterloo.ca/index.php/rofea/gateway/plugin/WebFeedGatewayPlugin/atom"
"fac40d64da211787","REVIEW OF ECONOMIC DYNAMICS","https://rss.sciencedirect.com/publication/science/10942025","feed-with-entries","200","rss","20","2026-10-04T13:07:51.274729+00:00","https://rss.sciencedirect.com/publication/science/10942025"
"76ddc18fcbf6b889","Review of European and Comparative Law","https://czasopisma.kul.pl/index.php/recl/gateway/plugin/WebFeedGatewayPlugin/atom","network-or-safety-error","","","","2026-10-04T13:01:14.724492+00:00",""
"7e5cad5c2650a2d7","Revista Argentina de Historiografia Linguistica","https://www.rahl.ar/index.php/rahl/gateway/plugin/WebFeedGatewayPlugin/atom","feed-with-entries","200","atom","6","2026-10-04T13:00:25.614427+00:00","https://www.rahl.ar/index.php/rahl/gateway/plugin/WebFeedGatewayPlugin/atom"
"58235e0423731972","Revista Biblica","https://www.revistabiblica.com/ojs/index.php/RB/gateway/plugin/WebFeedGatewayPlugin/atom","feed-with-entries","200","atom","12","2026-10-04T13:00:29.123378+00:00","https://www.revistabiblica.com/ojs/index.php/RB/gateway/plugin/WebFeedGatewayPlugin/atom"
"c5662296acc958c9","Revista Brasileira de Ciencias Ambientais","https://www.rbciamb.com.br/Publicacoes_RBCIAMB/gateway/plugin/WebFeedGatewayPlugin/atom","feed-with-entries","200","atom","60","2026-10-04T13:00:25.762641+00:00","https://www.rbciamb.com.br/Publicacoes_RBCIAMB/gateway/plugin/WebFeedGatewayPlugin/atom"
"d9d773d0249391c1","Revista Brasileira de Direito Processual Penal","https://revista.ibraspp.com.br/RBDPP/gateway/plugin/WebFeedGatewayPlugin/atom","feed-with-entries","200","atom","30","2026-10-04T12:57:57.760586+00:00","https://revista.ibraspp.com.br/RBDPP/gateway/plugin/WebFeedGatewayPlugin/atom"
"7049486e4b65d36d","Revista Brasileira de Engenharia Agricola e Ambiental","https://www.scielo.br/journal/rbeaa/feed/","access-blocked","403","","","2026-10-04T13:01:51.867565+00:00",""
"cde9f286962a0043","REVISTA BRASILEIRA DE ENTOMOLOGIA","https://www.scielo.br/journal/rbent/feed/","access-blocked","403","","","2026-10-04T13:01:52.671088+00:00",""
"2bd4b86cc27d449e","Revista Brasileira de Estudos Politicos","https://pos.direito.ufmg.br/rbep/index.php/rbep/gateway/plugin/AnnouncementFeedGatewayPlugin/atom","tls-or-network-error","","","","2026-10-04T12:57:38.727438+00:00",""
"2bda978d9a1dd710","Revista Brasileira de Fruticultura","https://www.scielo.br/journal/rbf/feed/","access-blocked","403","","","2026-10-04T13:01:53.971732+00:00",""
"3bf27c14641bf8cc","Revista Brasileira de Geomorfologia","https://rbgeomorfologia.org.br/rbg/gateway/plugin/WebFeedGatewayPlugin/atom","feed-with-entries","200","atom","8","2026-10-04T12:57:49.478254+00:00","https://rbgeomorfologia.org.br/rbg/gateway/plugin/WebFeedGatewayPlugin/atom"
"89de2f81509c4e61","Revista Brasileira de Historia","https://www.scielo.br/journal/rbh/feed/","access-blocked","403","","","2026-10-04T13:01:54.949071+00:00",""
"7ccc251ee9ef51d4","Revista Brasileira de Inovacao","https://www.scielo.br/journal/rbi/feed/","access-blocked","403","","","2026-10-04T13:01:56.002580+00:00",""
"c37c1f0d023393c3","Revista Brasileira de Marketing","https://periodicos.uninove.br/remark/gateway/plugin/WebFeedGatewayPlugin/atom","feed-with-entries","200","atom","4","2026-10-04T13:01:02.166820+00:00","https://periodicos.uninove.br/remark/gateway/plugin/WebFeedGatewayPlugin/atom"
"66192e68417efc1a","Revista CES Derecho","https://revistas.ces.edu.co/index.php/derecho/gateway/plugin/WebFeedGatewayPlugin/atom","access-blocked","403","","","2026-10-04T12:58:13.817241+00:00",""
"d81580c7f2d57dc8","Revista Chilena de Derecho","https://revistachilenadederecho.uc.cl/index.php/Rchd/gateway/plugin/WebFeedGatewayPlugin/atom","access-blocked","403","","","2026-10-04T12:58:01.214730+00:00",""
"04fa569e309cde0e","Revista Chilena de Infectologia","https://revinf.cl/index.php/revinf/gateway/plugin/WebFeedGatewayPlugin/atom","feed-with-entries","200","atom","18","2026-10-04T12:57:52.549862+00:00","https://revinf.cl/index.php/revinf/gateway/plugin/WebFeedGatewayPlugin/atom"
"6058076f8c14b8df","REVISTA CHILENA DE LITERATURA","https://revistaliteratura.uchile.cl/index.php/RCL/gateway/plugin/WebFeedGatewayPlugin/atom","tls-or-network-error","","","","2026-10-04T12:58:08.119236+00:00",""
"6a2e2c02ea8521db","Revista Chilena de Nutricion","http://www.scielo.cl/rss.php?pid=0717-751820260001&lang=es","access-blocked","403","","","2026-10-04T13:01:42.170476+00:00",""
"cb82b1a62b824761","Revista Ciencias Administrativas","https://revistas.unlp.edu.ar/CADM/gateway/plugin/WebFeedGatewayPlugin/atom","feed-with-entries","200","atom","30","2026-10-04T13:01:06.801112+00:00","https://revistas.unlp.edu.ar/CADM/gateway/plugin/WebFeedGatewayPlugin/atom"
"36e0f6a1093b5e01","Revista Cientifica da Faculdade de Educacao e Meio Ambiente","https://revista.faema.edu.br/index.php/Revista-FAEMA/gateway/plugin/AnnouncementFeedGatewayPlugin/rss2","access-blocked","403","","","2026-10-04T12:57:55.990862+00:00",""
"598439474f6e288f","Revista Colombiana de Cancerologia","https://www.revistacancercol.org/index.php/cancer/gateway/plugin/WebFeedGatewayPlugin/atom","feed-with-entries","200","atom","5","2026-10-04T13:00:29.477543+00:00","https://www.revistacancercol.org/index.php/cancer/gateway/plugin/WebFeedGatewayPlugin/atom"
"56e98fc243f1ac92","Revista Colombiana de Investigaciones Agroindustriales","https://revistas.sena.edu.co/index.php/recia/gateway/plugin/AnnouncementFeedGatewayPlugin/atom","http-error","500","","","2026-10-04T12:58:17.596779+00:00",""
"6da0be33b35e4fed","Revista Conrado","https://conrado.ucf.edu.cu/index.php/conrado/gateway/plugin/WebFeedGatewayPlugin/atom","tls-or-network-error","","","","2026-10-04T12:55:05.496637+00:00",""
"01634727ef64952b","Revista Contemporanea de Educacao","https://revistas.ufrj.br/index.php/rce/gateway/plugin/WebFeedGatewayPlugin/atom","tls-or-network-error","","","","2026-10-04T13:01:20.069546+00:00",""
"5564cc00fa822593","Revista Criminalidad","https://revistacriminalidad.policia.gov.co:8000/index.php/revcriminalidad/gateway/plugin/WebFeedGatewayPlugin/atom","network-or-safety-error","","","","2026-10-04T12:58:01.429573+00:00",""
"606b8a2bb4cb45dc","Revista Cubana de Fisica","https://www.revistacubanadefisica.org/index.php/rcf/gateway/plugin/WebFeedGatewayPlugin/atom","feed-with-entries","200","atom","30","2026-10-04T13:00:29.526584+00:00","https://www.revistacubanadefisica.org/index.php/rcf/gateway/plugin/WebFeedGatewayPlugin/atom"
"dfbe0357e46dbc4a","Revista Cuidarte","https://revistas.unam.mx/index.php/cuidarte/gateway/plugin/WebFeedGatewayPlugin/atom","access-blocked","403","","","2026-10-04T12:58:27.065584+00:00",""
"35806fa1198789e4","Revista da Associacao Medica Brasileira","https://www.scielo.br/journal/ramb/feed/","access-blocked","403","","","2026-10-04T13:01:57.306543+00:00",""
"b1ff608f44a7bcaa","Revista da Escola de Enfermagem da USP","https://revistas.usp.br/reeusp/en/gateway/plugin/WebFeedGatewayPlugin/atom","feed-with-entries","200","atom","30","2026-10-04T13:01:07.052825+00:00","https://revistas.usp.br/reeusp/en/gateway/plugin/WebFeedGatewayPlugin/atom"
"e176b77296e5f1a2","Revista da Sociedade Brasileira de Medicina Tropical","https://www.scielo.br/journal/rsbmt/feed/","access-blocked","403","","","2026-10-04T13:01:57.817187+00:00",""
"4db138e2854056ec","Revista de Arquitectura-Bogota","https://revistadearquitectura.ucatolica.edu.co/gateway/plugin/WebFeedGatewayPlugin/atom","feed-with-entries","200","atom","9","2026-10-04T12:58:03.272846+00:00","https://revistadearquitectura.ucatolica.edu.co/gateway/plugin/WebFeedGatewayPlugin/atom"
"3434c93559fc4d0f","REVISTA DE BIOLOGIA TROPICAL","http://www.scielo.sa.cr/rss.php?pid=0034-774420250002&lang=en","feed-with-entries","200","rss","19","2026-10-04T13:00:36.737128+00:00","https://www.scielo.sa.cr/rss.php?pid=0034-774420250002&lang=en"
"c0eb2d06c5e363ce","Revista de Cancioneros Impresos y Manuscritos","https://rcim.ua.es/gateway/plugin/WebFeedGatewayPlugin/atom","feed-with-entries","200","atom","21","2026-10-04T12:57:49.480130+00:00","https://rcim.ua.es/gateway/plugin/WebFeedGatewayPlugin/atom"
"3657245cf121f09f","Revista de Comunicacion-Peru","https://revistadecomunicacion.com/es/gateway/plugin/WebFeedGatewayPlugin/atom","feed-with-entries","200","atom","30","2026-10-04T12:58:04.278203+00:00","https://revistadecomunicacion.com/index.php/rcom/es/gateway/plugin/WebFeedGatewayPlugin/atom"
"329bfc7503b9d1ee","Revista de Contabilidad-Spanish Accounting Review","https://revistas.um.es/rcsar/gateway/plugin/WebFeedGatewayPlugin/atom","feed-with-entries","200","atom","12","2026-10-04T13:01:34.430115+00:00","https://revistas.um.es/rcsar/gateway/plugin/WebFeedGatewayPlugin/atom"
"39a8c920d4308834","Revista de Derecho Privado","https://revistas.juridicas.unam.mx/index.php/derecho-privado/gateway/plugin/WebFeedGatewayPlugin/atom","feed-with-entries","200","atom","5","2026-10-04T13:01:03.824624+00:00","https://revistas.juridicas.unam.mx/index.php/derecho-privado/gateway/plugin/WebFeedGatewayPlugin/atom"
"5726dbcfb79ba4a1","Revista de Direito da Cidade-City Law","https://www.e-publicacoes.uerj.br/rdc/gateway/plugin/WebFeedGatewayPlugin/atom","tls-or-network-error","","","","2026-10-04T12:59:43.700187+00:00",""
"85b8f5f8f36e0c00","Revista de Ensino de Bioquimica","https://www.bioquimica.org.br/index.php/REB/gateway/plugin/AnnouncementFeedGatewayPlugin/atom","feed-with-entries","200","atom","3","2026-10-04T12:59:29.694921+00:00","https://www.bioquimica.org.br/index.php/REB/gateway/plugin/AnnouncementFeedGatewayPlugin/atom"
"bfd2bdc135872187","Revista de Estudios en Seguridad Internacional-RESI","http://seguridadinternacional.es/resi/index.php/revista/gateway/plugin/WebFeedGatewayPlugin/atom","feed-with-entries","200","atom","9","2026-10-04T12:59:00.507178+00:00","http://seguridadinternacional.es/resi/index.php/revista/gateway/plugin/WebFeedGatewayPlugin/atom"
"6cf0bba14164b593","Revista de Estudios Sociales","https://revistas.uniandes.edu.co/index.php/res/gateway/plugin/WebFeedGatewayPlugin/atom","network-or-safety-error","","","","2026-10-04T13:01:21.155257+00:00",""
"d705b7a906cbf931","Revista de Estudos da Linguagem","http://periodicos.letras.ufmg.br/index.php/relin/gateway/plugin/WebFeedGatewayPlugin/atom","http-error","502","","","2026-10-04T13:01:01.611546+00:00",""
"63b44d43d006dee9","Revista de Filosofia Aurora","https://periodicos.pucpr.br/aurora/gateway/plugin/WebFeedGatewayPlugin/atom","access-blocked","403","","","2026-10-04T12:57:27.891482+00:00",""
"4f281bea3e6d6b49","Revista de Filosofia La Plata","https://www.rdf.fahce.unlp.edu.ar/gateway/plugin/WebFeedGatewayPlugin/atom","feed-with-entries","200","atom","7","2026-10-04T13:00:25.860011+00:00","https://www.rdf.fahce.unlp.edu.ar/gateway/plugin/WebFeedGatewayPlugin/atom"
"9119be9157371a0a","Revista de Gestao Financas e Contabilidade","https://revistas.uneb.br/financ/gateway/plugin/WebFeedGatewayPlugin/atom","tls-or-network-error","","","","2026-10-04T12:58:28.777881+00:00",""
"720ba1807b35189d","Revista de Gestion Publica","https://revistaschilenas.uchile.cl/feed/rss_1.0/2250/165470","feed-with-entries","200","rdf","4","2026-10-04T13:01:29.004990+00:00","https://revistaschilenas.uchile.cl/feed/rss_1.0/2250/165470"
"2bc38dd6580d7b13","Revista de Historia da Sociedade e da Cultura","https://impactum-journals.uc.pt/rhsc/gateway/plugin/WebFeedGatewayPlugin/atom","feed-with-entries","200","atom","5","2026-10-04T13:01:26.044575+00:00","https://impactum-journals.uc.pt/rhsc/gateway/plugin/WebFeedGatewayPlugin/atom"
"8981043784ec92a7","Revista de Historia das Ideias","https://impactum-journals.uc.pt/rhi/gateway/plugin/WebFeedGatewayPlugin/atom","feed-with-entries","200","atom","5","2026-10-04T13:01:31.906525+00:00","https://impactum-journals.uc.pt/rhi/gateway/plugin/WebFeedGatewayPlugin/atom"
"65242fa2df742208","Revista de Historia Moderna-Anales de la Universidad de Alicante","https://revistahistoriamoderna.ua.es/gateway/plugin/WebFeedGatewayPlugin/atom","feed-with-entries","200","atom","17","2026-10-04T12:58:06.578278+00:00","https://revistahistoriamoderna.ua.es/gateway/plugin/WebFeedGatewayPlugin/atom"
"62243b413a0ce3dc","Revista de Historia-Sao Paulo","https://www.scielo.br/journal/rh/feed/","access-blocked","403","","","2026-10-04T13:01:58.822864+00:00",""
"329ed3ba282ec32f","Revista de Investigacion Linguistica","https://revistas.um.es/ril/gateway/plugin/WebFeedGatewayPlugin/atom","feed-with-entries","200","atom","19","2026-10-04T13:01:38.270121+00:00","https://revistas.um.es/ril/gateway/plugin/WebFeedGatewayPlugin/atom"
"5dad90a754355d4a","Revista de Investigaciones Veterinarias del Peru","http://www.scielo.org.pe/rss.php?pid=1609-911720250006&lang=es","feed-with-entries","200","rss","29","2026-10-04T13:00:36.358461+00:00","http://www.scielo.org.pe/rss.php?pid=1609-911720250006&lang=es"
"9d4321f818cd0e08","Revista de Investigaciones-Universidad del Quindio","https://ojs.uniquindio.edu.co/ojs/index.php/riuq/gateway/plugin/WebFeedGatewayPlugin/atom","http-error","500","","","2026-10-04T12:57:15.073460+00:00",""
"6b4772f19192cef4","Revista de la Federacion Argentina de Cardiologia","https://revistafac.org.ar/ojs/index.php/revistafac/gateway/plugin/WebFeedGatewayPlugin/atom","feed-with-entries","200","atom","30","2026-10-04T12:58:04.735657+00:00","https://revistafac.org.ar/ojs/index.php/revistafac/es/gateway/plugin/WebFeedGatewayPlugin/atom"
"50e2e7eaec7f31ec","REVISTA DE LA SOCIEDAD ENTOMOLOGICA ARGENTINA","https://www.biotaxa.org/RSEA/gateway/plugin/WebFeedGatewayPlugin/atom","feed-with-entries","200","atom","14","2026-10-04T13:01:11.061170+00:00","https://www.biotaxa.org/RSEA/gateway/plugin/WebFeedGatewayPlugin/atom"
"d63f16ac363ae221","Revista de la Universidad del Zulia","https://produccioncientificaluz.org/index.php/rluz/gateway/plugin/WebFeedGatewayPlugin/atom","tls-or-network-error","","","","2026-10-04T12:57:40.095961+00:00",""
"2b53eb98e9aa7499","Revista de Llengua i Dret-Journal of Language and Law","https://revistes.eapc.gencat.cat/index.php/rld/gateway/plugin/WebFeedGatewayPlugin/atom","tls-or-network-error","","","","2026-10-04T12:58:39.837252+00:00",""
"a0d0c8c1d13bc3dd","Revista de Pedagogia Universitaria y Didactica del Derecho","https://pedagogiaderecho.uchile.cl/index.php/RPUD/gateway/plugin/WebFeedGatewayPlugin/atom","feed-with-entries","200","atom","21","2026-10-04T12:57:25.087570+00:00","https://pedagogiaderecho.uchile.cl/index.php/RPUD/gateway/plugin/WebFeedGatewayPlugin/atom"
"87904d2d0156af16","Revista de Psicologia PUCP","https://revistas.pucp.edu.pe/index.php/psicologia/gateway/plugin/WebFeedGatewayPlugin/atom","not-feed-xml","200","","","2026-10-04T13:01:03.992591+00:00","https://revistas.pucp.edu.pe/index.php/psicologia/es/gateway/plugin/WebFeedGatewayPlugin/atom"
"708c821c504dfe88","Revista de Senologia y Patologia Mamaria","https://rss.sciencedirect.com/publication/science/02141582","feed-with-entries","200","rss","20","2026-10-04T13:07:51.825799+00:00","https://rss.sciencedirect.com/publication/science/02141582"
"520a68cbc5644d2e","Revista de Transporte y Territorio","https://revistascientificas.filo.uba.ar/index.php/rtt/gateway/plugin/WebFeedGatewayPlugin/atom","feed-with-entries","200","atom","30","2026-10-04T13:01:07.544536+00:00","https://revistascientificas.filo.uba.ar/index.php/rtt/gateway/plugin/WebFeedGatewayPlugin/atom"
"9a4902c8ad405fe9","Revista de Urbanismo","https://revistaurbanismo.uchile.cl/index.php/RU/gateway/plugin/WebFeedGatewayPlugin/atom","tls-or-network-error","","","","2026-10-04T12:58:37.993303+00:00",""
"c6b365621abdb421","Revista do Curso de Direito do UNIFOR","https://revistas.uniformg.edu.br/cursodireitouniformg/gateway/plugin/WebFeedGatewayPlugin/atom","tls-or-network-error","","","","2026-10-04T12:58:31.305000+00:00",""
"74d19cbce756649d","REVISTA DO INSTITUTO DE MEDICINA TROPICAL DE SAO PAULO","https://revistas.usp.br/rimtsp/en/gateway/plugin/WebFeedGatewayPlugin/atom","feed-with-entries","200","atom","30","2026-10-04T13:01:21.321146+00:00","https://revistas.usp.br/rimtsp/en/gateway/plugin/WebFeedGatewayPlugin/atom"
"d3d9e7c4c003976b","Revista do Servico Publico","https://revista.enap.gov.br/index.php/RSP/gateway/plugin/AnnouncementFeedGatewayPlugin/atom","feed-with-entries","200","atom","52","2026-10-04T12:57:53.505845+00:00","https://revista.enap.gov.br/index.php/RSP/gateway/plugin/AnnouncementFeedGatewayPlugin/atom"
"2e705d64aca7777c","Revista Educacion en Ingenieria","https://educacioneningenieria.org/index.php/edi/gateway/plugin/WebFeedGatewayPlugin/atom","feed-with-entries","200","atom","8","2026-10-04T12:55:23.759656+00:00","https://educacioneningenieria.org/index.php/edi/gateway/plugin/WebFeedGatewayPlugin/atom"
"f50373d0b7d765d1","Revista Electronica Educare","http://www.scielo.sa.cr/rss.php?pid=1409-425820250001&lang=en","feed-with-entries","200","rss","21","2026-10-04T13:01:13.925546+00:00","https://www.scielo.sa.cr/rss.php?pid=1409-425820250001&lang=en"
"c357b74630529fce","Revista Electronica Interuniversitaria de Formacion del Profesorado","https://revistas.um.es/reifop/gateway/plugin/WebFeedGatewayPlugin/atom","feed-with-entries","200","atom","18","2026-10-04T13:01:40.754102+00:00","https://revistas.um.es/reifop/gateway/plugin/WebFeedGatewayPlugin/atom"
"dc3c72e8da87d23c","Revista Eletronica em Gestao Educacao e Tecnologia Ambiental","https://periodicos.ufsm.br/reget/gateway/plugin/WebFeedGatewayPlugin/atom","tls-or-network-error","","","","2026-10-04T12:57:30.793344+00:00",""
"319289408e8e1f3e","Revista Eletronica Pesquiseduca","https://periodicos.unisantos.br/pesquiseduca/gateway/plugin/WebFeedGatewayPlugin/atom","feed-with-entries","200","atom","14","2026-10-04T12:57:34.317646+00:00","https://periodicos.unisantos.br/pesquiseduca/gateway/plugin/WebFeedGatewayPlugin/atom"
"5c85f8218b532683","Revista Empresa y Humanismo","https://revistas.unav.edu/index.php/empresa-y-humanismo/gateway/plugin/WebFeedGatewayPlugin/atom","feed-with-entries","200","atom","30","2026-10-04T13:01:28.229618+00:00","https://revistas.unav.edu/index.php/empresa-y-humanismo/gateway/plugin/WebFeedGatewayPlugin/atom"
"c75efdbc8849080f","Revista Espanola de Comunicacion en Salud","https://e-revistas.uc3m.es/index.php/RECS/es/gateway/plugin/WebFeedGatewayPlugin/atom","feed-with-entries","200","atom","30","2026-10-04T12:55:20.323796+00:00","https://e-revistas.uc3m.es/index.php/RECS/es/gateway/plugin/WebFeedGatewayPlugin/atom"
"82c675a31fb19ea6","Revista Espanola de Discapacidad-REDIS","https://redis.cedid.es/index.php/redis/gateway/plugin/WebFeedGatewayPlugin/atom","network-or-safety-error","","","","2026-10-04T12:57:49.905206+00:00",""
"6245793705954ec2","Revista Espanola de Nutricion Humana y Dietetica","https://www.renhyd.org/renhyd/gateway/plugin/WebFeedGatewayPlugin/atom","feed-with-entries","200","atom","10","2026-10-04T13:00:28.307475+00:00","https://www.renhyd.org/renhyd/gateway/plugin/WebFeedGatewayPlugin/atom"
"e6f3df0f91ab432c","Revista Espanola de Pedagogia","https://revistas.unir.net/index.php/rep/gateway/plugin/WebFeedGatewayPlugin/atom","access-blocked","403","","","2026-10-04T12:58:31.431555+00:00",""
"d25408290cbf4dc4","Revista Espanola de Salud Publica","https://www.scielosp.org/journal/resp/feed/","access-blocked","403","","","2026-10-04T13:00:37.589727+00:00",""
"f13e43036ab83359","Revista Estudos Institucionais-Journal of Institutional Studies","https://estudosinstitucionais.com/REI/gateway/plugin/AnnouncementFeedGatewayPlugin/atom","feed-with-entries","200","atom","17","2026-10-04T12:55:33.349982+00:00","https://estudosinstitucionais.com/REI/gateway/plugin/AnnouncementFeedGatewayPlugin/atom"
"0f43b7cce3a38182","Revista Eureka sobre Ensenanza y Divulgacion de las Ciencias","https://revistas.uca.es/index.php/eureka/gateway/plugin/WebFeedGatewayPlugin/atom","feed-with-entries","200","atom","12","2026-10-04T13:01:04.546134+00:00","https://revistas.uca.es/index.php/eureka/gateway/plugin/WebFeedGatewayPlugin/atom"
"20367ec9812ada7f","Revista Facultad de Ingenieria-Universidad de Antioquia","https://revistas.udea.edu.co/index.php/ingenieria/gateway/plugin/WebFeedGatewayPlugin/atom","network-or-safety-error","","","","2026-10-04T13:01:05.292450+00:00",""
"41e0175875c59053","Revista Finanzas y Politica Economica","https://revfinypolecon.ucatolica.edu.co/gateway/plugin/WebFeedGatewayPlugin/atom","feed-with-entries","200","atom","11","2026-10-04T12:57:52.404870+00:00","https://revfinypolecon.ucatolica.edu.co/gateway/plugin/WebFeedGatewayPlugin/atom"
"e8d60015bb2f47de","Revista Fitotecnia Mexicana","https://revfitotecnia.mx/index.php/RFM/gateway/plugin/WebFeedGatewayPlugin/atom","not-found","404","","","2026-10-04T12:57:52.481632+00:00",""
"f57fff54b99e8a16","Revista Forestal Mesoamerica Kuru-RFMK","http://www.scielo.sa.cr/rss.php?pid=2215-250420250002&lang=en","feed-with-entries","200","rss","7","2026-10-04T13:01:24.309973+00:00","https://www.scielo.sa.cr/rss.php?pid=2215-250420250002&lang=en"
"ae5d0688a0385108","Revista Geografica Venezolana","http://erevistas.saber.ula.ve/index.php/regeoven/gateway/plugin/WebFeedGatewayPlugin/atom","network-or-safety-error","","","","2026-10-04T13:00:52.902713+00:00",""
"a4449fd87dfde5b4","Revista Gestao Organizacional","https://pegasus.unochapeco.edu.br/revistas/index.php/rgo/gateway/plugin/AnnouncementFeedGatewayPlugin/atom","feed-with-entries","200","atom","9","2026-10-04T12:57:25.877181+00:00","https://pegasus.unochapeco.edu.br/revistas/index.php/rgo/gateway/plugin/AnnouncementFeedGatewayPlugin/atom"
"1aa1bffe62f7fdbc","Revista Habitat Sustentable","http://www.scielo.cl/rss.php?pid=0719-070020250001&lang=en","access-blocked","403","","","2026-10-04T13:01:43.640761+00:00",""
"8343faf233ca5277","Revista Ibero-Americana de Ciencia da Informacao","https://periodicos.unb.br/index.php/RICI/gateway/plugin/AnnouncementFeedGatewayPlugin/atom","tls-or-network-error","","","","2026-10-04T13:01:02.067350+00:00",""
"e18a56922e5f535c","Revista Ibero-Americana de Estudos em Educacao","https://periodicos.fclar.unesp.br/iberoamericana/gateway/plugin/AnnouncementFeedGatewayPlugin/atom","feed-with-entries","200","atom","28","2026-10-04T12:57:25.910566+00:00","https://periodicos.fclar.unesp.br/iberoamericana/gateway/plugin/AnnouncementFeedGatewayPlugin/atom"
"88f3a23f6a93a6ee","Revista Icono 14-Revista Cientifica de Comunicacion y Tecnologias","https://icono14.net/ojs/index.php/icono14/gateway/plugin/WebFeedGatewayPlugin/atom","feed-with-entries","200","atom","12","2026-10-04T12:55:56.495565+00:00","https://icono14.net/ojs/index.php/icono14/es/gateway/plugin/WebFeedGatewayPlugin/atom"
"6432291030632904","Revista Ingenieria de Construccion","http://www.scielo.cl/rss.php?pid=0718-507320250004&lang=en","access-blocked","403","","","2026-10-04T13:01:44.893599+00:00",""
"4b484e81fdb6244a","Revista Innovaciencia","https://revistas.udes.edu.co/innovaciencia/gateway/plugin/AnnouncementFeedGatewayPlugin/atom","feed-with-entries","200","atom","7","2026-10-04T12:58:23.154384+00:00","https://revistas.udes.edu.co/innovaciencia/en/gateway/plugin/AnnouncementFeedGatewayPlugin/atom"
"1989c7e4329ef33f","Revista Internacional de Contaminacion Ambiental","https://www.revistascca.unam.mx/rica/index.php/rica/gateway/plugin/WebFeedGatewayPlugin/atom","feed-with-entries","200","atom","30","2026-10-04T13:00:32.877999+00:00","https://www.revistascca.unam.mx/rica/index.php/rica/gateway/plugin/WebFeedGatewayPlugin/atom"
"f4a0bf5c2d713daa","Revista Internacional de Educacion Musical","https://revistaeducacionmusical.org/index.php/rem1/gateway/plugin/WebFeedGatewayPlugin/atom","not-found","404","","","2026-10-04T12:58:04.432562+00:00",""
"cc60d6b0267927db","Revista Internacional de Relaciones Publicas","https://revistarelacionespublicas.uma.es/index.php/revrrpp/gateway/plugin/WebFeedGatewayPlugin/atom","feed-with-entries","200","atom","12","2026-10-04T12:58:10.563686+00:00","https://revistarelacionespublicas.uma.es/index.php/revrrpp/gateway/plugin/WebFeedGatewayPlugin/atom"
"c03770615b251739","Revista Investigaciones Altoandinas-Journal of High Andean Research","https://huajsapata.unap.edu.pe/index.php/ria/gateway/plugin/WebFeedGatewayPlugin/atom","feed-with-entries","200","atom","5","2026-10-04T12:55:54.167522+00:00","https://huajsapata.unap.edu.pe/index.php/ria/gateway/plugin/WebFeedGatewayPlugin/atom"
"3d228679987f570d","Revista INVI","https://revistainvi.uchile.cl/index.php/INVI/gateway/plugin/WebFeedGatewayPlugin/atom","tls-or-network-error","","","","2026-10-04T12:58:07.814246+00:00",""
"22fa6c80138ffdf8","Revista Juridica Portucalense","https://revistas.rcaap.pt/juridica/gateway/plugin/WebFeedGatewayPlugin/atom","feed-with-entries","200","atom","1","2026-10-04T12:58:16.652178+00:00","https://revistas.rcaap.pt/juridica/gateway/plugin/WebFeedGatewayPlugin/atom"
"91abe7839055eba7","Revista Latina de Comunicacion Social","https://nuevaepoca.revistalatinacs.org/index.php/revista/gateway/plugin/WebFeedGatewayPlugin/atom","feed-with-entries","200","atom","44","2026-10-04T12:57:04.407174+00:00","https://nuevaepoca.revistalatinacs.org/index.php/revista/gateway/plugin/WebFeedGatewayPlugin/atom"
"94389d9741311848","Revista Latinoamericana de Derecho Social","https://revistas.juridicas.unam.mx/index.php/derecho-social/gateway/plugin/WebFeedGatewayPlugin/atom","feed-with-entries","200","atom","7","2026-10-04T13:01:19.895669+00:00","https://revistas.juridicas.unam.mx/index.php/derecho-social/gateway/plugin/WebFeedGatewayPlugin/atom"
"2b36d90863f788ed","Revista Latinoamericana de Estudios de Familia","https://revistasojs.ucaldas.edu.co/index.php/revlatinofamilia/gateway/plugin/WebFeedGatewayPlugin/atom","feed-with-entries","200","atom","11","2026-10-04T13:01:07.874411+00:00","https://revistasojs.ucaldas.edu.co/index.php/revlatinofamilia/gateway/plugin/WebFeedGatewayPlugin/atom"
"1274c5c04a1ba2b5","Revista Latinoamericana de Estudios sobre Cuerpos Emociones y Sociedad","http://www.relaces.com.ar/index.php?journal=relaces&page=gateway&op=plugin&path[]=WebFeedGatewayPlugin&path[]=atom","html-or-disallowed-doctype","200","","","2026-10-04T13:00:26.794230+00:00","https://www.relaces.com.ar/index.php/relaces"
"32dcedaa04fdb91e","Revista Latinoamericana de Hipertension","https://saber.ucv.ve/ojs/index.php/rev_lh/gateway/plugin/WebFeedGatewayPlugin/atom","feed-with-entries","200","atom","8","2026-10-04T12:58:48.006415+00:00","https://saber.ucv.ve/ojs/index.php/rev_lh/gateway/plugin/WebFeedGatewayPlugin/atom"
"d8ceab36fd80ecf6","Revista Latinoamericana de la Papa","https://papaslatinas.org/index.php/rev-alap/gateway/plugin/WebFeedGatewayPlugin/atom","feed-with-entries","200","atom","30","2026-10-04T12:57:22.471359+00:00","https://papaslatinas.org/index.php/rev-alap/gateway/plugin/WebFeedGatewayPlugin/atom"
"0a135eaf6b16c12b","Revista Latinoamericana de Metodologia de la Investigacion Social","http://www.relmis.com.ar/ojs/index.php?journal=relmis&page=gateway&op=plugin&path[]=WebFeedGatewayPlugin&path[]=atom","html-or-disallowed-doctype","200","","","2026-10-04T13:00:27.610667+00:00","http://www.relmis.com.ar/ojs/index.php/relmis"
"e23c04020fc8bd06","Revista Latinoamericana de Metodologia de las Ciencias Sociales","https://www.relmecs.fahce.unlp.edu.ar/gateway/plugin/AnnouncementFeedGatewayPlugin/atom","feed-with-entries","200","atom","6","2026-10-04T13:00:27.210232+00:00","https://www.relmecs.fahce.unlp.edu.ar/gateway/plugin/AnnouncementFeedGatewayPlugin/atom"
"df832587498eb3f3","Revista Mediacao","https://revista.fumec.br/index.php/mediacao/gateway/plugin/WebFeedGatewayPlugin/atom","feed-with-entries","200","atom","14","2026-10-04T12:57:56.705427+00:00","https://revista.fumec.br/index.php/mediacao/gateway/plugin/WebFeedGatewayPlugin/atom"
"40ba6c041fd68810","REVISTA MEDICA DE CHILE","https://www.revistamedicadechile.cl/index.php/rmedica/gateway/plugin/WebFeedGatewayPlugin/atom","feed-with-entries","200","atom","10","2026-10-04T13:00:31.811894+00:00","https://www.revistamedicadechile.cl/index.php/rmedica/gateway/plugin/WebFeedGatewayPlugin/atom"
"bb3a2a0f4a88bc5d","Revista Medica de Rosario","https://www.revistamedicaderosario.org/index.php/rm/gateway/plugin/WebFeedGatewayPlugin/atom","feed-with-entries","200","atom","5","2026-10-04T13:00:32.106337+00:00","https://www.revistamedicaderosario.org/index.php/rm/gateway/plugin/WebFeedGatewayPlugin/atom"
"5746a1ed602f49ed","Revista Mexicana de Analisis Politico y Administracion Publica","https://www.remap.ugto.mx/index.php/remap/gateway/plugin/WebFeedGatewayPlugin/atom","tls-or-network-error","","","","2026-10-04T13:00:27.927109+00:00",""
"bd26c52fd787ff7e","Revista Mexicana de Biodiversidad","https://revista.ib.unam.mx/index.php/bio/gateway/plugin/WebFeedGatewayPlugin/atom","feed-with-entries","200","atom","20","2026-10-04T12:57:57.124363+00:00","https://revista.ib.unam.mx/index.php/bio/gateway/plugin/WebFeedGatewayPlugin/atom"
"ff1d765ccf2c66f1","REVISTA MEXICANA DE CIENCIAS GEOLOGICAS","https://www.rmcg.unam.mx/index.php/rmcg/gateway/plugin/WebFeedGatewayPlugin/atom","tls-or-network-error","","","","2026-10-04T13:00:33.753128+00:00",""
"bfe9d0212acdfaa8","Revista Mexicana de Ciencias Politicas y Sociales","https://www.revistas.unam.mx/index.php/rmcpys/gateway/plugin/WebFeedGatewayPlugin/rss","access-blocked","403","","","2026-10-04T13:00:32.401672+00:00",""
"ccc4a7c0a65ec62e","Revista Musical Chilena","https://revistamusicalchilena.uchile.cl/index.php/RMCH/gateway/plugin/WebFeedGatewayPlugin/atom","tls-or-network-error","","","","2026-10-04T12:58:09.053625+00:00",""
"a0490ac43a464813","Revista on Line de Politica e Gestao Educacional","https://periodicos.fclar.unesp.br/rpge/gateway/plugin/AnnouncementFeedGatewayPlugin/atom","feed-with-entries","200","atom","20","2026-10-04T13:01:01.130714+00:00","https://periodicos.fclar.unesp.br/rpge/gateway/plugin/AnnouncementFeedGatewayPlugin/atom"
"673c34ed525093b0","REVISTA PANAMERICANA DE SALUD PUBLICA-PAN AMERICAN JOURNAL OF PUBLIC HEALTH","https://journal.paho.org/en/rss.xml","access-blocked","403","","","2026-10-04T12:56:23.533021+00:00",""
"bae8f39f9b770df4","Revista Perspectiva Empresarial","https://revistas.ceipa.edu.co/index.php/perspectiva-empresarial/gateway/plugin/WebFeedGatewayPlugin/atom","html-or-disallowed-doctype","200","","","2026-10-04T12:58:13.795672+00:00","https://revistas.ceipa.edu.co/challenge?next=%2Findex.php%2Fperspectiva-empresarial%2Fgateway%2Fplugin%2FWebFeedGatewayPlugin%2Fatom"
"e9dfd5983025c5e1","Revista Peruana de Investigacion Educativa","https://revistas.siep.org.pe/index.php/RPIE/gateway/plugin/WebFeedGatewayPlugin/atom","feed-with-entries","200","atom","3","2026-10-04T12:58:17.597085+00:00","https://revistas.siep.org.pe/index.php/RPIE/es/gateway/plugin/WebFeedGatewayPlugin/atom"
"0ad9eab96afa4451","Revista Pistis & Praxis-Teologia e Pastoral","https://periodicos.pucpr.br/pistispraxis/gateway/plugin/WebFeedGatewayPlugin/atom","access-blocked","403","","","2026-10-04T13:01:01.832509+00:00",""
"d7b9666f312d2cf0","Revista Portuguesa de Historia","https://impactum-journals.uc.pt/rph/gateway/plugin/WebFeedGatewayPlugin/atom","feed-with-entries","200","atom","5","2026-10-04T13:01:37.494083+00:00","https://impactum-journals.uc.pt/rph/gateway/plugin/WebFeedGatewayPlugin/atom"
"efe300ac4174b9ff","Revista Ra Ximhai","https://raximhai.uaim.edu.mx/index.php/rx/gateway/plugin/WebFeedGatewayPlugin/atom","feed-with-entries","200","atom","26","2026-10-04T12:57:49.037906+00:00","https://raximhai.uaim.edu.mx/index.php/rx/gateway/plugin/WebFeedGatewayPlugin/atom"
"0179cd86a5497216","Revista Rupturas","https://revistarupturas.com/feed/","feed-with-entries","200","rss","10","2026-10-04T12:58:10.658954+00:00","https://revistarupturas.com/feed/"
"d98d179b6b55387d","Revista San Gregorio","http://scielo.senescyt.gob.ec/rss.php?pid=2528-790720250004&lang=en","http-error","502","","","2026-10-04T13:01:22.760382+00:00",""
"5f8845483597088e","Revista Signos","https://revistasignos.cl/index.php/signos/gateway/plugin/WebFeedGatewayPlugin/atom","feed-with-entries","200","atom","8","2026-10-04T12:58:36.972140+00:00","https://revistasignos.cl/index.php/signos/gateway/plugin/WebFeedGatewayPlugin/atom"
"dd44f05ad6c58084","Revista Univap","https://revista.univap.br/index.php/revistaunivap/gateway/plugin/AnnouncementFeedGatewayPlugin/atom","feed-with-entries","200","atom","6","2026-10-04T12:57:58.795691+00:00","https://revista.univap.br/index.php/revistaunivap/gateway/plugin/AnnouncementFeedGatewayPlugin/atom"
"5060ea050f9891b8","Revista Universidad y Sociedad","https://rus.ucf.edu.cu/index.php/rus/gateway/plugin/WebFeedGatewayPlugin/atom","tls-or-network-error","","","","2026-10-04T12:58:47.616702+00:00",""
"f5b764765cd6db5c","Revista Uruguaya de Historia Economica","https://www.audhe.org.uy/publicaciones/index.php/RUHE/gateway/plugin/WebFeedGatewayPlugin/atom","feed-with-entries","200","atom","6","2026-10-04T12:59:28.005479+00:00","https://www.audhe.org.uy/publicaciones/index.php/RUHE/gateway/plugin/WebFeedGatewayPlugin/atom"
"0aa89bb0af8eddb2","REVSTAT-Statistical Journal","https://revstat.ine.pt/index.php/REVSTAT/gateway/plugin/WebFeedGatewayPlugin/atom","network-or-safety-error","","","","2026-10-04T12:58:41.306735+00:00",""
"27a2d97fedb88fde","REVUE DE MEDECINE INTERNE","https://rss.sciencedirect.com/publication/science/02488663","feed-with-entries","200","rss","53","2026-10-04T13:07:52.423366+00:00","https://rss.sciencedirect.com/publication/science/02488663"
"05e22b453a30a3e5","Revue Francaise d Allergologie","https://rss.sciencedirect.com/publication/science/18770320","feed-with-entries","200","rss","16","2026-10-04T13:07:53.095568+00:00","https://rss.sciencedirect.com/publication/science/18770320"
"867db3053104a0d9","Revue Internationale PME","https://revueinternationalepme.com/index.php/1/gateway/plugin/WebFeedGatewayPlugin/atom","feed-with-entries","200","atom","10","2026-10-04T12:58:42.240694+00:00","https://revueinternationalepme.com/index.php/1/gateway/plugin/WebFeedGatewayPlugin/atom"
"c095caffc9fb5050","REVUE NEUROLOGIQUE","https://rss.sciencedirect.com/publication/science/00353787","feed-with-entries","200","rss","48","2026-10-04T13:07:53.681731+00:00","https://rss.sciencedirect.com/publication/science/00353787"
"1896bba9affe4aad","REVUE ROUMAINE DE CHIMIE","https://revroum.lew.ro/feed/","tls-or-network-error","","","","2026-10-04T12:58:41.245317+00:00",""
"9249462f9b02b59c","Rhetoric & Public Affairs","https://ojs.msupress.org/index.php/RPA/gateway/plugin/WebFeedGatewayPlugin/atom","feed-with-entries","200","atom","18","2026-10-04T13:00:59.422474+00:00","https://ojs.msupress.org/index.php/RPA/gateway/plugin/WebFeedGatewayPlugin/atom"
"b24204374d45889b","RILCE-Revista de Filologia Hispanica","https://revistas.unav.edu/index.php/rilce/gateway/plugin/WebFeedGatewayPlugin/atom","feed-with-entries","200","atom","30","2026-10-04T13:01:34.502588+00:00","https://revistas.unav.edu/index.php/rilce/gateway/plugin/WebFeedGatewayPlugin/atom"
"90400ed02a81d393","Riset Geologi dan Pertambangan","https://jrisetgeotam.brin.go.id/index.php/jrisgeotam/gateway/plugin/WebFeedGatewayPlugin/atom","tls-or-network-error","","","","2026-10-04T12:56:42.581807+00:00",""
"1e5bf04f06fa50d4","Risk Management and Healthcare Policy","https://www.dovepress.com/feed/journal/56","feed-with-entries","200","rss","30","2026-10-04T13:01:58.359575+00:00","https://www.dovepress.com/feed/journal/56"
"23da7e5b226f792a","RIVAR-Revista Iberoamericana de Viticultura Agroindustria y Ruralidad","https://revistaschilenas.uchile.cl/feed/rss_1.0/2250/24018","feed-with-entries","200","rdf","4","2026-10-04T13:01:35.421676+00:00","https://revistaschilenas.uchile.cl/feed/rss_1.0/2250/24018"
"911aee6d83b1122b","RIVISTA ITALIANA DI MUSICOLOGIA","https://www.sidm.it/ojs/index.php/ridm/gateway/plugin/WebFeedGatewayPlugin/atom","feed-with-entries","200","atom","10","2026-10-04T13:00:41.690852+00:00","https://www.sidm.it/ojs/index.php/ridm/gateway/plugin/WebFeedGatewayPlugin/atom"
"4c23f6dc1427a61f","RLA-Revista de Linguistica Teorica y Aplicada","https://revistaschilenas.uchile.cl/feed/rss_1.0/2250/20335","feed-with-entries","200","rdf","4","2026-10-04T13:01:38.738264+00:00","https://revistaschilenas.uchile.cl/feed/rss_1.0/2250/20335"
"75d4aa0605f16bf6","RNA","https://rnajournal.cshlp.org/rss/current.xml","access-blocked","403","","","2026-10-04T12:58:45.479127+00:00",""
"5e6ecac0e6f6b686","Roads and Bridges-Drogi i Mosty","https://rabdim.pl/index.php/rb/gateway/plugin/WebFeedGatewayPlugin/atom","feed-with-entries","200","atom","3","2026-10-04T12:57:46.206283+00:00","https://rabdim.pl/index.php/rb/gateway/plugin/WebFeedGatewayPlugin/atom"
"d15efef9e58894a8","ROBOTICS AND AUTONOMOUS SYSTEMS","https://rss.sciencedirect.com/publication/science/09218890","feed-with-entries","200","rss","90","2026-10-04T13:07:54.230721+00:00","https://rss.sciencedirect.com/publication/science/09218890"
"5ea6f5bc743f414b","Roczniki Humanistyczne","https://repozytorium.kul.pl/server/opensearch/search?format=atom&scope=0cc3bb3d-07be-4d86-a81f-f26f20ca085f&query=*","network-or-safety-error","","","","2026-10-04T12:57:51.788533+00:00",""
"c96a62d294d1649b","Rudarsko-Geolosko-Naftni Zbornik","https://ojs.srce.hr/rgn/gateway/plugin/WebFeedGatewayPlugin/atom","feed-with-entries","200","atom","30","2026-10-04T13:01:33.467838+00:00","https://ojs.srce.hr/rgn/gateway/plugin/WebFeedGatewayPlugin/atom"
"169349f36b13b9fa","Rudn Journal of Russian History","https://journals.rudn.ru/russian-history/gateway/plugin/AnnouncementFeedGatewayPlugin/atom","feed-with-entries","200","atom","15","2026-10-04T12:56:36.926551+00:00","https://journals.rudn.ru/russian-history/gateway/plugin/AnnouncementFeedGatewayPlugin/atom"
"6d928d0befa3f3cc","Russian Journal of Earth Sciences","https://journals.rcsi.science/1681-1208/gateway/plugin/WebFeedGatewayPlugin/atom","feed-with-entries","200","atom","23","2026-10-04T12:56:36.190018+00:00","https://journals.rcsi.science/1681-1208/gateway/plugin/WebFeedGatewayPlugin/atom"
"64bafa0bd1088cab","RUSSIAN JOURNAL OF HERPETOLOGY","http://rjh.folium.ru/index.php/rjh/gateway/plugin/WebFeedGatewayPlugin/atom","feed-with-entries","200","atom","5","2026-10-04T12:58:45.361801+00:00","http://rjh.folium.ru/index.php/rjh/gateway/plugin/WebFeedGatewayPlugin/atom"
"980530bb79b0c0ed","Russian Journal of Linguistics","https://journals.rudn.ru/linguistics/gateway/plugin/AnnouncementFeedGatewayPlugin/atom","feed-with-entries","200","atom","56","2026-10-04T13:00:56.520249+00:00","https://journals.rudn.ru/linguistics/gateway/plugin/AnnouncementFeedGatewayPlugin/atom"
"a2ce870b3d1e3693","Russian Journal of Vietnamese Studies-Vyetnamskiye issledovaniya","https://vietnamjournal.ru/2618-9453/gateway/plugin/WebFeedGatewayPlugin/atom","feed-with-entries","200","atom","19","2026-10-04T12:59:15.817566+00:00","https://vietnamjournal.ru/2618-9453/gateway/plugin/WebFeedGatewayPlugin/atom"
"b82252e8d67e440e","SA Journal of Human Resource Management","https://sajhrm.co.za/index.php/sajhrm/gateway/plugin/WebFeedGatewayPlugin/atom","feed-with-entries","200","atom","10","2026-10-04T12:58:49.909721+00:00","https://sajhrm.co.za/index.php/sajhrm/gateway/plugin/WebFeedGatewayPlugin/atom"
"89f6827a7040d1ad","SA Journal of Industrial Psychology","https://sajip.co.za/index.php/sajip/gateway/plugin/WebFeedGatewayPlugin/atom","feed-with-entries","200","atom","10","2026-10-04T12:58:52.275195+00:00","https://sajip.co.za/index.php/sajip/gateway/plugin/WebFeedGatewayPlugin/atom"
"ad1cf5567e0896b2","Safety and Health at Work","https://rss.sciencedirect.com/publication/science/20937911","feed-with-entries","200","rss","50","2026-10-04T13:07:54.587785+00:00","https://rss.sciencedirect.com/publication/science/20937911"
"8bcb6afb1484a105","SAGVNTVM-Papeles del Laboratorio de Arqueologia de Valencia","https://ojs.uv.es/index.php/saguntum/gateway/plugin/WebFeedGatewayPlugin/atom","feed-with-entries","200","atom","8","2026-10-04T13:01:00.571955+00:00","https://turia.uv.es/index.php/saguntum/es/gateway/plugin/WebFeedGatewayPlugin/atom"
"7c76a3fc4af5c941","SAINS TANAH","https://jurnal.uns.ac.id/tanah/gateway/plugin/WebFeedGatewayPlugin/atom","feed-with-entries","200","atom","30","2026-10-04T12:56:46.126977+00:00","https://jurnal.uns.ac.id/tanah/gateway/plugin/WebFeedGatewayPlugin/atom"
"6c88632f93dcf42b","Sala Preta","https://revistas.usp.br/salapreta/pt_BR/gateway/plugin/AnnouncementFeedGatewayPlugin/atom","feed-with-entries","200","atom","37","2026-10-04T13:01:28.800754+00:00","https://revistas.usp.br/salapreta/pt_BR/gateway/plugin/AnnouncementFeedGatewayPlugin/atom"
"6ad4449a639d3984","Salud Colectiva","https://www.scielosp.org/journal/scol/feed/","access-blocked","403","","","2026-10-04T13:01:14.002751+00:00",""
"869b5fc58af5883b","SARE-Southeast Asian Review of English","https://sare.um.edu.my/index.php/SARE/gateway/plugin/AnnouncementFeedGatewayPlugin/atom","feed-with-entries","200","atom","7","2026-10-04T12:58:55.522121+00:00","https://sare.um.edu.my/index.php/SARE/gateway/plugin/AnnouncementFeedGatewayPlugin/atom"
"18b850b7b73c4c7a","Saude e Sociedade","https://revistas.usp.br/sausoc/en/gateway/plugin/WebFeedGatewayPlugin/atom","feed-with-entries","200","atom","30","2026-10-04T13:01:35.293686+00:00","https://revistas.usp.br/sausoc/en/gateway/plugin/WebFeedGatewayPlugin/atom"
"09f743e4716864b1","SAUDI PHARMACEUTICAL JOURNAL","https://rss.sciencedirect.com/publication/science/13190164","feed-with-entries","200","rss","32","2026-10-04T13:07:54.925421+00:00","https://rss.sciencedirect.com/publication/science/13190164"
"8b73b5f1de9c21d0","Scalable Computing-Practice and Experience","https://www.scpe.org/index.php/scpe/gateway/plugin/WebFeedGatewayPlugin/atom","feed-with-entries","200","atom","30","2026-10-04T13:00:40.431099+00:00","https://www.scpe.org/index.php/scpe/gateway/plugin/WebFeedGatewayPlugin/atom"
"a02c05845fe51c01","Scandinavian Journal of Disability Research","https://account.sjdr.se/index.php/su-j-sjdr/gateway/plugin/WebFeedGatewayPlugin/atom","tls-or-network-error","","","","2026-10-04T12:54:29.679712+00:00",""
"04c3a463f97f9c61","Schizophrenia Research","https://rss.sciencedirect.com/publication/science/09209964","feed-with-entries","200","rss","100","2026-10-04T13:07:55.251515+00:00","https://rss.sciencedirect.com/publication/science/09209964"
"b7b2cec82d5ebbac","Science","https://www.science.org/action/showFeed?type=etoc&feed=rss&jc=science","feed-with-entries","200","rdf","45","2026-10-04T13:00:38.371159+00:00","https://www.science.org/action/showFeed?type=etoc&feed=rss&jc=science"
"8858a8b7297cbb99","Science and Technology Studies","https://sciencetechnologystudies.journal.fi/gateway/plugin/WebFeedGatewayPlugin/atom","feed-with-entries","200","atom","30","2026-10-04T12:58:58.815114+00:00","https://sciencetechnologystudies.journal.fi/gateway/plugin/WebFeedGatewayPlugin/atom"
"3593fc0efc26d7f3","Science of Gymnastics Journal","https://journals.uni-lj.si/sgj/gateway/plugin/WebFeedGatewayPlugin/atom","feed-with-entries","200","atom","30","2026-10-04T13:01:26.754163+00:00","https://journals.uni-lj.si/sgj/gateway/plugin/WebFeedGatewayPlugin/atom"
"6a0c0b6ef3c79c8e","Science of Remote Sensing","https://rss.sciencedirect.com/publication/science/26660172","feed-with-entries","200","rss","100","2026-10-04T13:07:55.786393+00:00","https://rss.sciencedirect.com/publication/science/26660172"
"15d9a73ca59b7951","SCIENTIA AGRICOLA","https://www.scielo.br/journal/sa/feed/","access-blocked","403","","","2026-10-04T13:01:59.845079+00:00",""
"cbc0fc8a6abbb7f8","SCIENTIFIC AMERICAN","https://www.scientificamerican.com/platform/syndication/rss/","feed-with-entries","200","rss","50","2026-10-04T13:00:39.273097+00:00","https://www.scientificamerican.com/platform/syndication/rss/"
"d2b9fc493a58b47c","Scientific Data","https://www.nature.com/sdata.rss","feed-with-entries","200","rdf","8","2026-10-04T13:03:45.482166+00:00","https://www.nature.com/sdata.rss"
"bbe1a176b71635c8","Scientific Reports","https://www.nature.com/srep.rss","feed-with-entries","200","rdf","8","2026-10-04T13:03:46.520821+00:00","https://www.nature.com/srep.rss"
"228bc5af3843543d","SCIRES-IT-SCIentific RESearch and Information Technology","http://www.sciresit.it//gateway/plugin/WebFeedGatewayPlugin/atom","feed-with-entries","200","atom","13","2026-10-04T13:00:40.005529+00:00","http://www.sciresit.it//gateway/plugin/WebFeedGatewayPlugin/atom"
"ae5e0f81e0856f6b","SCRIPTA MATERIALIA","https://rss.sciencedirect.com/publication/science/13596462","feed-with-entries","200","rss","69","2026-10-04T13:07:56.501812+00:00","https://rss.sciencedirect.com/publication/science/13596462"
"c366354db9c9345b","Scripta Theologica","https://revistas.unav.edu/index.php/scripta-theologica/gateway/plugin/WebFeedGatewayPlugin/atom","feed-with-entries","200","atom","30","2026-10-04T13:01:38.396782+00:00","https://revistas.unav.edu/index.php/scripta-theologica/gateway/plugin/WebFeedGatewayPlugin/atom"
"d9d04e9cea7c76f9","SEA TECHNOLOGY","https://sea-technology.com/feed","feed-with-entries","200","rss","10","2026-10-04T12:58:58.830911+00:00","https://sea-technology.com/feed"
"9434d2ed6e2c93e7","Secularism & Nonreligion","https://account.secularismandnonreligion.org/index.php/up-j-sn/gateway/plugin/WebFeedGatewayPlugin/atom","tls-or-network-error","","","","2026-10-04T12:54:29.651655+00:00",""
"b4860e941c761996","SEDIMENTARY GEOLOGY","https://rss.sciencedirect.com/publication/science/00370738","feed-with-entries","200","rss","19","2026-10-04T13:07:57.062964+00:00","https://rss.sciencedirect.com/publication/science/00370738"
"2ff2406088e82e15","SEIZURE-EUROPEAN JOURNAL OF EPILEPSY","https://rss.sciencedirect.com/publication/science/10591311","feed-with-entries","200","rss","60","2026-10-04T13:07:57.592165+00:00","https://rss.sciencedirect.com/publication/science/10591311"
"232cf64dffd62629","Semantics & Pragmatics","https://semprag.org/index.php/sp/gateway/plugin/WebFeedGatewayPlugin/atom","network-or-safety-error","","","","2026-10-04T12:59:01.121798+00:00",""
"b3d90b03730081b8","SEMINARS IN ARTHRITIS AND RHEUMATISM","https://rss.sciencedirect.com/publication/science/00490172","feed-with-entries","200","rss","58","2026-10-04T13:07:58.123460+00:00","https://rss.sciencedirect.com/publication/science/00490172"
"2aa1ebf8d4ff3435","SEMINARS IN CANCER BIOLOGY","https://rss.sciencedirect.com/publication/science/1044579X","feed-with-entries","200","rss","17","2026-10-04T13:07:58.490227+00:00","https://rss.sciencedirect.com/publication/science/1044579X"
"8bcd2785bce7414a","SEMINARS IN CELL & DEVELOPMENTAL BIOLOGY","https://rss.sciencedirect.com/publication/science/10849521","feed-with-entries","200","rss","15","2026-10-04T13:07:59.089647+00:00","https://rss.sciencedirect.com/publication/science/10849521"
"6ffceb26ab95bfaa","SEMINARS IN DIAGNOSTIC PATHOLOGY","https://rss.sciencedirect.com/publication/science/07402570","feed-with-entries","200","rss","15","2026-10-04T13:07:59.460699+00:00","https://rss.sciencedirect.com/publication/science/07402570"
"f6b19eacffd934d0","SEMINARS IN ONCOLOGY","https://rss.sciencedirect.com/publication/science/00937754","feed-with-entries","200","rss","29","2026-10-04T13:07:59.852343+00:00","https://rss.sciencedirect.com/publication/science/00937754"
"1152c22627745a80","SEMINARS IN RADIATION ONCOLOGY","https://rss.sciencedirect.com/publication/science/10534296","feed-with-entries","200","rss","27","2026-10-04T13:08:00.213630+00:00","https://rss.sciencedirect.com/publication/science/10534296"
"89cf0b98bc40ea05","SEMINARS IN ULTRASOUND CT AND MRI","https://rss.sciencedirect.com/publication/science/08872171","feed-with-entries","200","rss","25","2026-10-04T13:08:00.817663+00:00","https://rss.sciencedirect.com/publication/science/08872171"
"03a82ce9f3556aa8","Sexual Health","https://www.worldsexualhealth.net/blog-feed.xml","feed-with-entries","200","rss","20","2026-10-04T13:00:49.754906+00:00","https://www.worldsexualhealth.net/blog-feed.xml"
"20f2845844baa23a","SHENANDOAH","https://www.shenandoahband.com/blog-feed.xml","feed-with-entries","200","rss","20","2026-10-04T13:00:41.620745+00:00","https://www.shenandoahband.com/blog-feed.xml"
"c4d520edf42e4726","SHILAP-REVISTA DE LEPIDOPTEROLOGIA","https://shilap.org/revista/gateway/plugin/WebFeedGatewayPlugin/atom","feed-with-entries","200","atom","7","2026-10-04T12:59:01.219120+00:00","https://shilap.org/revista/gateway/plugin/WebFeedGatewayPlugin/atom"
"2b358aa8ce56741b","Signal Transduction and Targeted Therapy","https://www.nature.com/sigtrans.rss","feed-with-entries","200","rdf","8","2026-10-04T13:03:47.228052+00:00","https://www.nature.com/sigtrans.rss"
"ab07f4c1c1fb1120","Skhidnoievropeiskyi Istorychnyi Visnyk-East European Historical Bulletin","https://eehb.dspu.edu.ua/gateway/plugin/WebFeedGatewayPlugin/atom","tls-or-network-error","","","","2026-10-04T12:55:24.147193+00:00",""
"71d8eccdc085fc22","Slovene-International Journal of Slavic Studies","https://slovene.ru/ojs/index.php/slovene/gateway/plugin/AnnouncementFeedGatewayPlugin/atom","feed-with-entries","200","atom","12","2026-10-04T12:59:01.799151+00:00","https://slovene.ru/ojs/index.php/slovene/gateway/plugin/AnnouncementFeedGatewayPlugin/atom"
"25e12b63839cc40c","Slovenska Archeologia","https://archeol.sav.sk/index.php/sk/comments/feed/","tls-or-network-error","","","","2026-10-04T12:54:49.473917+00:00",""
"785fbf37285b8186","Slovo","https://student-journals.ucl.ac.uk/slovo/feed/","feed-with-entries","200","rss","10","2026-10-04T13:01:10.128374+00:00","https://student-journals.ucl.ac.uk/slovo/feed/"
"42f1209204e6d786","Social Inclusion","https://www.cogitatiopress.com/socialinclusion/gateway/plugin/WebFeedGatewayPlugin/atom","feed-with-entries","200","atom","9","2026-10-04T13:01:11.122575+00:00","https://www.cogitatiopress.com/socialinclusion/gateway/plugin/WebFeedGatewayPlugin/atom"
"60ee5fbb6bb72dd2","SOCIOLOGISK FORSKNING","https://sociologiskforskning.se/sf/gateway/plugin/WebFeedGatewayPlugin/atom","feed-with-entries","200","atom","30","2026-10-04T12:59:02.562209+00:00","https://sociologiskforskning.se/sf/sv/gateway/plugin/WebFeedGatewayPlugin/atom"
"c69829b310375982","Solid Earth Sciences","https://rss.sciencedirect.com/publication/science/2451912X","feed-with-entries","200","rss","18","2026-10-04T13:08:01.399191+00:00","https://rss.sciencedirect.com/publication/science/2451912X"
"bc32fab85eea056f","SOLID STATE IONICS","https://rss.sciencedirect.com/publication/science/01672738","feed-with-entries","200","rss","24","2026-10-04T13:08:01.782813+00:00","https://rss.sciencedirect.com/publication/science/01672738"
"35a47ad32515db40","SOLID STATE NUCLEAR MAGNETIC RESONANCE","https://rss.sciencedirect.com/publication/science/09262040","feed-with-entries","200","rss","13","2026-10-04T13:08:02.309230+00:00","https://rss.sciencedirect.com/publication/science/09262040"
"4ce25ad89a8a41da","SOLID-STATE ELECTRONICS","https://rss.sciencedirect.com/publication/science/00381101","feed-with-entries","200","rss","21","2026-10-04T13:08:02.694621+00:00","https://rss.sciencedirect.com/publication/science/00381101"
"75bd6b2fbbc261c4","SORT-Statistics and Operations Research Transactions","https://upcommons.upc.edu/server/opensearch/search?format=atom&scope=36fcb668-1a8f-4f77-b79a-23bc9f4c4d1a&query=*","feed-with-entries","200","atom","10","2026-10-04T12:59:15.583270+00:00","https://upcommons.upc.edu/server/opensearch/search?format=atom&scope=36fcb668-1a8f-4f77-b79a-23bc9f4c4d1a&query=*"
"f819f6a6a80cebc1","South African Journal of Art History","https://sajournalofarthistory.org.za/?feed=rss2","feed-with-entries","200","rss","10","2026-10-04T12:58:53.804113+00:00","https://sajournalofarthistory.org.za/?feed=rss2"
"0238e2e6ff7f6efe","SOUTH AFRICAN JOURNAL OF BOTANY","https://rss.sciencedirect.com/publication/science/02546299","feed-with-entries","200","rss","100","2026-10-04T13:08:03.367047+00:00","https://rss.sciencedirect.com/publication/science/02546299"
"63d04efe91a97596","South African Journal of Economic and Management Sciences","https://sajems.org/index.php/sajems/gateway/plugin/AnnouncementFeedGatewayPlugin/atom","feed-with-entries","200","atom","2","2026-10-04T12:58:49.149385+00:00","https://sajems.org/index.php/sajems/gateway/plugin/AnnouncementFeedGatewayPlugin/atom"
"fe477e693699224b","South African Journal of Higher Education","https://www.journals.ac.za/index.php/sajhe/gateway/plugin/AnnouncementFeedGatewayPlugin/atom","feed-with-entries","200","atom","6","2026-10-04T13:00:06.454971+00:00","https://www.journals.ac.za/index.php/sajhe/gateway/plugin/AnnouncementFeedGatewayPlugin/atom"
"3b984537abe31243","South African Journal of Industrial Engineering","http://sajie.journals.ac.za/pub/gateway/plugin/WebFeedGatewayPlugin/atom","feed-with-entries","200","atom","15","2026-10-04T12:58:51.676842+00:00","http://sajie.journals.ac.za/pub/gateway/plugin/WebFeedGatewayPlugin/atom"
"e8f8de03977464fd","South African Journal of Information Management","https://sajim.co.za/index.php/sajim/gateway/plugin/WebFeedGatewayPlugin/atom","feed-with-entries","200","atom","10","2026-10-04T12:58:51.978807+00:00","https://sajim.co.za/index.php/sajim/gateway/plugin/WebFeedGatewayPlugin/atom"
"4bf0352df340749e","South African Journal of Libraries and Information Science","https://sajlis.journals.ac.za/pub/gateway/plugin/WebFeedGatewayPlugin/atom","feed-with-entries","200","atom","11","2026-10-04T12:58:52.685303+00:00","https://sajlis.journals.ac.za/pub/gateway/plugin/WebFeedGatewayPlugin/atom"
"ba315142c800a7d5","South African Journal of Physiotherapy","https://sajp.co.za/index.php/sajp/gateway/plugin/WebFeedGatewayPlugin/atom","feed-with-entries","200","atom","10","2026-10-04T12:58:54.920265+00:00","https://sajp.co.za/index.php/sajp/gateway/plugin/WebFeedGatewayPlugin/atom"
"43b08d90bfb0e628","South African Journal of Psychiatry","https://sajp.org.za/index.php/sajp/gateway/plugin/AnnouncementFeedGatewayPlugin/atom","feed-with-entries","200","atom","1","2026-10-04T12:58:54.969264+00:00","https://sajp.org.za/index.php/sajp/gateway/plugin/AnnouncementFeedGatewayPlugin/atom"
"62e6e3b04f0db2d2","SOUTH AFRICAN JOURNAL OF SCIENCE","https://sajs.co.za/gateway/plugin/WebFeedGatewayPlugin/atom","network-or-safety-error","","","","2026-10-04T12:58:55.335069+00:00",""
"0186f21417b1acff","South East Asian Journal of Management","https://scholarhub.ui.ac.id/seam/recent.rss","feed-with-entries","200","rss","20","2026-10-04T13:01:41.273536+00:00","https://scholarhub.ui.ac.id/seam/recent.rss"
"728bce476e855ccb","South East European Journal of Economics and Business","https://journal.efsa.unsa.ba/index.php/see/gateway/plugin/WebFeedGatewayPlugin/atom","feed-with-entries","200","atom","30","2026-10-04T12:56:21.506117+00:00","https://journal.efsa.unsa.ba/index.php/see/gateway/plugin/WebFeedGatewayPlugin/atom"
"ac8bee501026ebfd","SOUTHEAST ASIAN JOURNAL OF TROPICAL MEDICINE AND PUBLIC HEALTH","https://journal.seameotropmednetwork.org/index.php/jtropmed/gateway/plugin/AnnouncementFeedGatewayPlugin/rss","feed-with-entries","200","rdf","4","2026-10-04T12:56:25.277687+00:00","https://journal.seameotropmednetwork.org/index.php/jtropmed/gateway/plugin/AnnouncementFeedGatewayPlugin/rss"
"d3ffb21e156036c2","Southeastern Geographer","https://sedaag.org/comments/feed/","feed-with-entries","200","rss","3","2026-10-04T12:58:59.301016+00:00","https://sedaag.org/comments/feed/"
"ded586e54f6b5c34","Southern African Humanities","https://www.sahumanities.org/index.php/sah/gateway/plugin/WebFeedGatewayPlugin/atom","feed-with-entries","200","atom","3","2026-10-04T13:00:34.565787+00:00","https://www.sahumanities.org/index.php/sah/gateway/plugin/WebFeedGatewayPlugin/atom"
"8398075ba8e02611","Southern African Journal of Anaesthesia and Analgesia","https://sajaa.co.za/index.php/sajaa/gateway/plugin/WebFeedGatewayPlugin/atom","feed-with-entries","200","atom","10","2026-10-04T12:58:48.725875+00:00","https://sajaa.co.za/index.php/sajaa/gateway/plugin/WebFeedGatewayPlugin/atom"
"e1de9e39e6443f7b","SOUTHERN AFRICAN JOURNAL OF HIV MEDICINE","https://sajhivmed.org.za/index.php/hivmed/gateway/plugin/WebFeedGatewayPlugin/atom","feed-with-entries","200","atom","10","2026-10-04T12:58:49.670769+00:00","https://sajhivmed.org.za/index.php/hivmed/gateway/plugin/WebFeedGatewayPlugin/atom"
"05f60fb8c2a458d6","Southern African Journal of Infectious Diseases","https://sajid.co.za/index.php/sajid/gateway/plugin/WebFeedGatewayPlugin/atom","feed-with-entries","200","atom","10","2026-10-04T12:58:50.849244+00:00","https://sajid.co.za/index.php/sajid/gateway/plugin/WebFeedGatewayPlugin/atom"
"b55214438c83ca27","Spanish Journal of Soil Science","https://www.frontierspartnerships.org/journals/spanish-journal-of-soil-science/rss","feed-with-entries","200","rss","20","2026-10-04T13:01:23.158507+00:00","https://www.frontierspartnerships.org/journals/spanish-journal-of-soil-science/rss"
"da38486e6466ed93","Spatial and Spatio-Temporal Epidemiology","https://rss.sciencedirect.com/publication/science/18775845","feed-with-entries","200","rss","21","2026-10-04T13:08:04.028863+00:00","https://rss.sciencedirect.com/publication/science/18775845"
"ddf2dd2809dbbbbe","SPECTROCHIMICA ACTA PART A-MOLECULAR AND BIOMOLECULAR SPECTROSCOPY","https://rss.sciencedirect.com/publication/science/13861425","feed-with-entries","200","rss","100","2026-10-04T13:08:04.579852+00:00","https://rss.sciencedirect.com/publication/science/13861425"
"eabc94bfb59f6340","SPEECH COMMUNICATION","https://rss.sciencedirect.com/publication/science/01676393","feed-with-entries","200","rss","10","2026-10-04T13:08:05.140622+00:00","https://rss.sciencedirect.com/publication/science/01676393"
"b2f6ea57931ac364","SPINAL CORD","https://www.nature.com/sc.rss","feed-with-entries","200","rdf","8","2026-10-04T13:03:49.025068+00:00","https://www.nature.com/sc.rss"
"095a151f5e24095f","Spinal Cord Series and Cases","https://www.nature.com/scsandc.rss","feed-with-entries","200","rdf","8","2026-10-04T13:03:49.769386+00:00","https://www.nature.com/scsandc.rss"
"c0586cf213fb0b7b","Spontaneous Generations-Journal for the History and Philosophy of Science","https://spontaneousgenerations.library.utoronto.ca/index.php/SpontaneousGenerations/gateway/plugin/WebFeedGatewayPlugin/atom","feed-with-entries","200","atom","20","2026-10-04T12:59:03.448502+00:00","https://spontaneousgenerations.library.utoronto.ca/index.php/SpontaneousGenerations/gateway/plugin/WebFeedGatewayPlugin/atom"
"536bff817f770d34","Sportis-Scientific Technical Journal of School Sport Physical Education and Psychomotricity","https://revistas.udc.gal/index.php/SPORTIS/gateway/plugin/WebFeedGatewayPlugin/atom","feed-with-entries","200","atom","30","2026-10-04T12:58:21.791044+00:00","https://revistas.udc.gal/index.php/SPORTIS/gateway/plugin/WebFeedGatewayPlugin/atom"
"7c77f0265b21377e","Sri Lanka Journal of Social Sciences","https://account.sljss.sljol.info/index.php/sljo-j-sljss/gateway/plugin/WebFeedGatewayPlugin/atom","tls-or-network-error","","","","2026-10-04T12:54:32.460355+00:00",""
"52f63d4732f5cdef","Sri Lankan Journal of Anaesthesiology","https://account.slja.sljol.info/index.php/sljo-j-slja/gateway/plugin/WebFeedGatewayPlugin/atom","tls-or-network-error","","","","2026-10-04T12:54:30.197821+00:00",""
"31ca12b8a02469ea","SSM-Population Health","https://rss.sciencedirect.com/publication/science/23528273","feed-with-entries","200","rss","45","2026-10-04T13:08:06.175624+00:00","https://rss.sciencedirect.com/publication/science/23528273"
"965533827b8fc3ce","St Petersburg Mathematical Journal","https://www.ams.org/rss/spmj.rss","feed-with-entries","200","rss","9","2026-10-04T13:01:22.771869+00:00","https://www.ams.org/rss/spmj.rss"
"77934be3c8ce8004","Stellenbosch Theological Journal","https://ojs.reformedjournals.co.za/index.php/stj/gateway/plugin/WebFeedGatewayPlugin/atom","network-or-safety-error","","","","2026-10-04T12:57:11.028706+00:00",""
"2067de422ed39e78","STEROIDS","https://rss.sciencedirect.com/publication/science/0039128X","feed-with-entries","200","rss","42","2026-10-04T13:08:07.299322+00:00","https://rss.sciencedirect.com/publication/science/0039128X"
"d69ed9ac6388fb06","Stratum Plus","https://www.e-anthropology.com/rss_en.xml","feed-with-entries","200","rss","47","2026-10-04T12:59:41.757306+00:00","https://www.e-anthropology.com/rss_en.xml"
"2586dff7ea7f1d9b","STRUCTURAL SAFETY","https://rss.sciencedirect.com/publication/science/01674730","feed-with-entries","200","rss","22","2026-10-04T13:08:07.688062+00:00","https://rss.sciencedirect.com/publication/science/01674730"
"b671b3aa34732d35","Structures","https://rss.sciencedirect.com/publication/science/23520124","feed-with-entries","200","rss","100","2026-10-04T13:08:08.074498+00:00","https://rss.sciencedirect.com/publication/science/23520124"
"bd63aeadc8f270a2","Studi e Saggi Linguistici","https://www.studiesaggilinguistici.it/index.php/ssl/gateway/plugin/WebFeedGatewayPlugin/atom","feed-with-entries","200","atom","5","2026-10-04T13:00:42.221672+00:00","https://www.studiesaggilinguistici.it/index.php/ssl/gateway/plugin/WebFeedGatewayPlugin/atom"
"3f018aa7bc4ff996","Studi Slavistici","https://oaj.fupress.net/index.php/ss/gateway/plugin/WebFeedGatewayPlugin/atom","feed-with-entries","200","atom","12","2026-10-04T13:00:58.289263+00:00","https://oaj.fupress.net/index.php/ss/gateway/plugin/WebFeedGatewayPlugin/atom"
"b9f17606e074b39d","Studia Prawnicze KUL","https://czasopisma.kul.pl/index.php/sp/gateway/plugin/WebFeedGatewayPlugin/atom","network-or-safety-error","","","","2026-10-04T13:01:25.321922+00:00",""
"449c105acbacbb93","Studia Universitatis Babes-Bolyai Mathematica","https://www.cs.ubbcluj.ro/journal/studia-mathematica/journal/gateway/plugin/WebFeedGatewayPlugin/atom","feed-with-entries","200","atom","30","2026-10-04T12:59:38.946360+00:00","https://www.cs.ubbcluj.ro/journal/studia-mathematica/journal/gateway/plugin/WebFeedGatewayPlugin/atom"
"54d21cff699cedf4","Studia Warminskie","https://czasopisma.uwm.edu.pl/index.php/sw/gateway/plugin/WebFeedGatewayPlugin/atom","tls-or-network-error","","","","2026-10-04T12:55:11.928533+00:00",""
"2bb93b7548f0e77f","Studies in Social Justice","https://journals.library.brocku.ca/index.php/SSJ/gateway/plugin/WebFeedGatewayPlugin/atom","feed-with-entries","200","atom","9","2026-10-04T12:56:32.254012+00:00","https://journals.library.brocku.ca/index.php/SSJ/gateway/plugin/WebFeedGatewayPlugin/atom"
"5eaa1112b08000a2","Superconductivity","https://rss.sciencedirect.com/publication/science/27728307","feed-with-entries","200","rss","15","2026-10-04T13:08:08.700107+00:00","https://rss.sciencedirect.com/publication/science/27728307"
"5403cafbda695c95","SURFACE COATINGS INTERNATIONAL","https://rss.sciencedirect.com/publication/science/02578972","feed-with-entries","200","rss","100","2026-10-04T13:08:09.260112+00:00","https://rss.sciencedirect.com/publication/science/02578972"
"410bff78685141ba","SURFACE SCIENCE REPORTS","https://rss.sciencedirect.com/publication/science/01675729","feed-with-entries","200","rss","6","2026-10-04T13:08:09.627970+00:00","https://rss.sciencedirect.com/publication/science/01675729"
"21e81abf8d126d77","Surfaces and Interfaces","https://rss.sciencedirect.com/publication/science/24680230","feed-with-entries","200","rss","100","2026-10-04T13:08:09.995622+00:00","https://rss.sciencedirect.com/publication/science/24680230"
"880ebbebab3862f7","SURGICAL CLINICS OF NORTH AMERICA","https://rss.sciencedirect.com/publication/science/00396109","feed-with-entries","200","rss","52","2026-10-04T13:08:11.354285+00:00","https://rss.sciencedirect.com/publication/science/00396109"
"4b89b88e6475cca1","Sustainable Chemistry and Pharmacy","https://rss.sciencedirect.com/publication/science/23525541","feed-with-entries","200","rss","66","2026-10-04T13:08:11.717279+00:00","https://rss.sciencedirect.com/publication/science/23525541"
"4b45c1ef7f9380e5","Sustainable Energy Grids & Networks","https://rss.sciencedirect.com/publication/science/23524677","feed-with-entries","200","rss","100","2026-10-04T13:08:12.120935+00:00","https://rss.sciencedirect.com/publication/science/23524677"
"42a2cd5d872a2a4f","SYSTEMATIC AND APPLIED MICROBIOLOGY","https://rss.sciencedirect.com/publication/science/07232020","feed-with-entries","200","rss","23","2026-10-04T13:08:12.477361+00:00","https://rss.sciencedirect.com/publication/science/07232020"
"bf3e4638c8cbac32","SYSTEMS & CONTROL LETTERS","https://rss.sciencedirect.com/publication/science/01676911","feed-with-entries","200","rss","49","2026-10-04T13:08:13.265419+00:00","https://rss.sciencedirect.com/publication/science/01676911"
"8c538ff868e5d62c","TALANTA","https://rss.sciencedirect.com/publication/science/00399140","feed-with-entries","200","rss","59","2026-10-04T13:08:13.645838+00:00","https://rss.sciencedirect.com/publication/science/00399140"
"484d3c803902bf01","Talia Dixit-Revista Interdisciplinar de Retorica e Historiografia","https://revista-taliadixit.unex.es/index.php/TD/gateway/plugin/WebFeedGatewayPlugin/atom","access-blocked","403","","","2026-10-04T12:57:53.367731+00:00",""
"c57c0f42ac1535d1","Taller de Letras","https://tallerdeletras.letras.uc.cl/index.php/TL/gateway/plugin/WebFeedGatewayPlugin/atom","access-blocked","403","","","2026-10-04T12:59:05.148728+00:00",""
"dad8853d6c50dccd","TD-The Journal for Transdisciplinary Research in Southern Africa","https://td-sa.net/index.php/td/gateway/plugin/WebFeedGatewayPlugin/atom","feed-with-entries","200","atom","10","2026-10-04T12:59:06.676394+00:00","https://td-sa.net/index.php/td/gateway/plugin/WebFeedGatewayPlugin/atom"
"aaf8364cffb009f0","Technoetic Arts","https://ta.pubpub.org/rss.xml","feed-with-entries","200","rss","25","2026-10-04T12:59:05.125148+00:00","https://ta.pubpub.org/rss.xml"
"f1644d02db8dea24","TECHNOLOGICAL FORECASTING AND SOCIAL CHANGE","https://rss.sciencedirect.com/publication/science/00401625","feed-with-entries","200","rss","45","2026-10-04T13:08:14.031150+00:00","https://rss.sciencedirect.com/publication/science/00401625"
"57dae852a2d46268","Tecnologia en Marcha","http://www.scielo.sa.cr/rss.php?pid=0379-398220240004&lang=en","feed-with-entries","200","rss","14","2026-10-04T13:01:30.796107+00:00","https://www.scielo.sa.cr/rss.php?pid=0379-398220240004&lang=en"
"aa9a4377e6cc84c8","Tecnologia y Ciencias del Agua","https://www.revistatyca.org.mx/index.php/tyca/gateway/plugin/WebFeedGatewayPlugin/atom","http-error","500","","","2026-10-04T13:00:32.910797+00:00",""
"08f3482fd8f8c703","TECTONOPHYSICS","https://rss.sciencedirect.com/publication/science/00401951","feed-with-entries","200","rss","18","2026-10-04T13:08:14.526312+00:00","https://rss.sciencedirect.com/publication/science/00401951"
"1fd3f8657c2c6b0b","TELECOMMUNICATIONS POLICY","https://rss.sciencedirect.com/publication/science/03085961","feed-with-entries","200","rss","25","2026-10-04T13:08:15.107038+00:00","https://rss.sciencedirect.com/publication/science/03085961"
"7d6c361c6bd94870","TERAPEVTICHESKII ARKHIV","https://ter-arkhiv.ru/0040-3660/gateway/plugin/WebFeedGatewayPlugin/atom","feed-with-entries","200","atom","10","2026-10-04T12:59:07.198198+00:00","https://ter-arkhiv.ru/0040-3660/gateway/plugin/WebFeedGatewayPlugin/atom"
"24539437d63f127f","Terapia Psicologica","http://www.scielo.cl/rss.php?pid=0718-480820250003&lang=en","access-blocked","403","","","2026-10-04T13:01:46.516882+00:00",""
"3ed7ce928eaba475","Terra Latinoamericana","https://www.terralatinoamericana.org.mx/index.php/terra/gateway/plugin/WebFeedGatewayPlugin/atom","feed-with-entries","200","atom","86","2026-10-04T13:00:43.458133+00:00","https://www.terralatinoamericana.org.mx/index.php/terra/en/gateway/plugin/WebFeedGatewayPlugin/atom"
"041c07988e57d447","Tethys-Journal of Mediterranean Meteorology & Climatology","https://www.tethys.cat/index.php/en/rss.xml","feed-with-entries","200","rss","10","2026-10-04T13:00:43.581015+00:00","https://www.tethys.cat/index.php/en/rss.xml"
"e8cb53c20384ca76","TETRAHEDRON LETTERS","https://rss.sciencedirect.com/publication/science/00404039","feed-with-entries","200","rss","56","2026-10-04T13:08:15.758377+00:00","https://rss.sciencedirect.com/publication/science/00404039"
"385ae182b284c410","Thai Journal of Veterinary Medicine","https://digital.car.chula.ac.th/tjvm/recent.rss","feed-with-entries","200","rss","20","2026-10-04T12:55:15.260194+00:00","https://digital.car.chula.ac.th/tjvm/recent.rss"
"2a4ea8661b13ba20","Thailand Statistician","https://ph02.tci-thaijo.org/index.php/thaistat/gateway/plugin/WebFeedGatewayPlugin/atom","feed-with-entries","200","atom","15","2026-10-04T12:57:35.174912+00:00","https://ph02.tci-thaijo.org/index.php/thaistat/gateway/plugin/WebFeedGatewayPlugin/atom"
"1a5006cfb12ff838","THEATER","https://www.broadway.com/feeds/buzz/latest","feed-with-entries","200","rss","20","2026-10-04T12:59:32.535541+00:00","https://www.broadway.com/feeds/buzz/latest/"
"c2a5e01db1f3d0b5","THEATRE NOTEBOOK","https://www.str.org.uk/feed/","timeout","","","","2026-10-04T13:00:41.903243+00:00",""
"8c03300561445444","Theoretical Economics","https://econtheory.org/ojs/rss/article.rss","feed-with-entries","200","rss","15","2026-10-04T12:55:23.520312+00:00","https://econtheory.org/ojs/rss/article.rss"
"a1f425ceb94dad18","THEORETICAL POPULATION BIOLOGY","https://rss.sciencedirect.com/publication/science/00405809","feed-with-entries","200","rss","13","2026-10-04T13:08:16.286679+00:00","https://rss.sciencedirect.com/publication/science/00405809"
"28fb07798c4b6761","Therapeutic Recreation Journal","https://js.sagamorepub.com/index.php/trj/gateway/plugin/WebFeedGatewayPlugin/atom","feed-with-entries","200","atom","30","2026-10-04T13:01:17.920418+00:00","https://js.sagamorepub.com/index.php/trj/gateway/plugin/WebFeedGatewayPlugin/atom"
"8f4e39207f75ecac","Thermal Science and Engineering Progress","https://rss.sciencedirect.com/publication/science/24519049","feed-with-entries","200","rss","71","2026-10-04T13:08:16.857703+00:00","https://rss.sciencedirect.com/publication/science/24519049"
"d425c5898e3ce2c2","THERMOCHIMICA ACTA","https://rss.sciencedirect.com/publication/science/00406031","feed-with-entries","200","rss","77","2026-10-04T13:08:17.911508+00:00","https://rss.sciencedirect.com/publication/science/00406031"
"42c1ceebc2b407a5","Thesis Eleven","https://thesiseleven.com/feed/","feed-with-entries","200","rss","10","2026-10-04T12:59:08.823641+00:00","https://thesiseleven.com/feed/"
"dc88576266e18dbf","THIN-WALLED STRUCTURES","https://rss.sciencedirect.com/publication/science/02638231","feed-with-entries","200","rss","100","2026-10-04T13:08:18.269098+00:00","https://rss.sciencedirect.com/publication/science/02638231"
"63fa1e3b6af8d9ab","Ticks and Tick-Borne Diseases","https://rss.sciencedirect.com/publication/science/1877959X","feed-with-entries","200","rss","24","2026-10-04T13:08:18.962611+00:00","https://rss.sciencedirect.com/publication/science/1877959X"
"19066f6d199820d6","TISSUE & CELL","https://rss.sciencedirect.com/publication/science/00408166","feed-with-entries","200","rss","100","2026-10-04T13:08:19.342067+00:00","https://rss.sciencedirect.com/publication/science/00408166"
"5f57b00d09d36667","TOPOLOGY AND ITS APPLICATIONS","https://rss.sciencedirect.com/publication/science/01668641","feed-with-entries","200","rss","12","2026-10-04T13:08:20.044442+00:00","https://rss.sciencedirect.com/publication/science/01668641"
"0821dc9728196597","Torre del Virrey-Revista de Estudios Culturales","https://revista.latorredelvirrey.es/LTV/gateway/plugin/WebFeedGatewayPlugin/atom","feed-with-entries","200","atom","17","2026-10-04T12:57:58.208759+00:00","https://revista.latorredelvirrey.es/LTV/gateway/plugin/WebFeedGatewayPlugin/atom"
"27f721eb062d72e7","Tourism & Management Studies","https://www.tmstudies.net/index.php/ectms/gateway/plugin/AnnouncementFeedGatewayPlugin/atom","feed-with-entries","200","atom","4","2026-10-04T13:00:45.759260+00:00","https://www.tmstudies.net/index.php/ectms/gateway/plugin/AnnouncementFeedGatewayPlugin/atom"
"d1d5c01c14b7a36a","Tourism Management Perspectives","https://rss.sciencedirect.com/publication/science/22119736","feed-with-entries","200","rss","42","2026-10-04T13:08:20.435987+00:00","https://rss.sciencedirect.com/publication/science/22119736"
"dba6f9ea51d5e58a","TOXICON","https://rss.sciencedirect.com/publication/science/00410101","feed-with-entries","200","rss","31","2026-10-04T13:08:20.802800+00:00","https://rss.sciencedirect.com/publication/science/00410101"
"bdb7897963d82114","Trans-Form-Acao","https://revistas.marilia.unesp.br/index.php/transformacao/gateway/plugin/AnnouncementFeedGatewayPlugin/atom","feed-with-entries","200","atom","15","2026-10-04T12:58:15.723686+00:00","https://revistas.marilia.unesp.br/index.php/transformacao/gateway/plugin/AnnouncementFeedGatewayPlugin/atom"
"5aca078ee327d1f4","TRANSACTIONS OF NONFERROUS METALS SOCIETY OF CHINA","https://rss.sciencedirect.com/publication/science/10036326","feed-with-entries","200","rss","34","2026-10-04T13:08:21.158573+00:00","https://rss.sciencedirect.com/publication/science/10036326"
"5b50f1861b364656","Transactions of the Association for Computational Linguistics","https://transacl.org/ojs/index.php/tacl/gateway/plugin/AnnouncementFeedGatewayPlugin/atom","network-or-safety-error","","","","2026-10-04T12:59:09.613969+00:00",""
"8d12e8dbe476087e","Translational Andrology and Urology","https://tau.amegroups.org//gateway/plugin/WebFeedGatewayPlugin/atom","feed-with-entries","200","atom","35","2026-10-04T12:59:06.511220+00:00","https://tau.amegroups.org//gateway/plugin/WebFeedGatewayPlugin/atom"
"c44ea375328b6912","Translational Gastroenterology and Hepatology","https://tgh.amegroups.org//gateway/plugin/WebFeedGatewayPlugin/atom","feed-with-entries","200","atom","31","2026-10-04T12:59:08.298029+00:00","https://tgh.amegroups.org//gateway/plugin/WebFeedGatewayPlugin/atom"
"fa34f2949c93cff0","Translational Pediatrics","https://tp.amegroups.org//gateway/plugin/WebFeedGatewayPlugin/atom","feed-with-entries","200","atom","40","2026-10-04T12:59:09.611265+00:00","https://tp.amegroups.org//gateway/plugin/WebFeedGatewayPlugin/atom"
"8ef559517b3df55d","Translational Psychiatry","https://www.nature.com/tp.rss","feed-with-entries","200","rdf","8","2026-10-04T13:03:51.522323+00:00","https://www.nature.com/tp.rss"
"ecff0c24fd35885c","Transplantation and Cellular Therapy","https://rss.sciencedirect.com/publication/science/26666367","feed-with-entries","200","rss","100","2026-10-04T13:08:21.519317+00:00","https://rss.sciencedirect.com/publication/science/26666367"
"3a986fa6edae87c0","TRANSPORTATION RESEARCH PART B-METHODOLOGICAL","https://rss.sciencedirect.com/publication/science/01912615","feed-with-entries","200","rss","22","2026-10-04T13:08:21.969771+00:00","https://rss.sciencedirect.com/publication/science/01912615"
"18b26be90ff2f25d","TRANSPORTATION RESEARCH PART E-LOGISTICS AND TRANSPORTATION REVIEW","https://rss.sciencedirect.com/publication/science/13665545","feed-with-entries","200","rss","100","2026-10-04T13:08:22.520169+00:00","https://rss.sciencedirect.com/publication/science/13665545"
"23da5024e3de52ee","Transylvanian Review of Administrative Sciences","https://www.rtsa.ro/tras/index.php/tras/gateway/plugin/WebFeedGatewayPlugin/atom","feed-with-entries","200","atom","8","2026-10-04T13:00:33.851472+00:00","https://www.rtsa.ro/tras/index.php/tras/gateway/plugin/WebFeedGatewayPlugin/atom"
"ef8aa5ccc51fa55c","Trauma-England","https://www.england.nhs.uk/feed/","feed-with-entries","200","rss","10","2026-10-04T12:59:45.022076+00:00","https://www.england.nhs.uk/feed/"
"d30ad39d847764b6","Travail Genre et Societes","https://www.travail-genre-societes.com/feed/","feed-with-entries","200","rss","3","2026-10-04T13:00:46.087998+00:00","https://www.travail-genre-societes.com/feed/"
"304d9a765fc23bff","Trees Forests and People","https://rss.sciencedirect.com/publication/science/26667193","feed-with-entries","200","rss","94","2026-10-04T13:08:23.524485+00:00","https://rss.sciencedirect.com/publication/science/26667193"
"22bc1e915d5bc280","Trends in Anaesthesia and Critical Care","https://rss.sciencedirect.com/publication/science/22108440","feed-with-entries","200","rss","10","2026-10-04T13:08:24.575316+00:00","https://rss.sciencedirect.com/publication/science/22108440"
"8438f5dbdda9b103","TRENDS IN FOOD SCIENCE & TECHNOLOGY","https://rss.sciencedirect.com/publication/science/09242244","feed-with-entries","200","rss","100","2026-10-04T13:08:25.279052+00:00","https://rss.sciencedirect.com/publication/science/09242244"
"2f7800faee5eb882","Trends in Neuroscience and Education","https://rss.sciencedirect.com/publication/science/22119493","feed-with-entries","200","rss","9","2026-10-04T13:08:26.117405+00:00","https://rss.sciencedirect.com/publication/science/22119493"
"540666e5475227e7","Tropical Grasslands-Forrajes Tropicales","https://www.tropicalgrasslands.info/index.php/tgft/gateway/plugin/WebFeedGatewayPlugin/atom","feed-with-entries","200","atom","4","2026-10-04T13:00:46.132370+00:00","https://www.tropicalgrasslands.info/index.php/tgft/gateway/plugin/WebFeedGatewayPlugin/atom"
"e6bb38ef2d432246","Tuberculosis and Respiratory Diseases","https://www.e-trd.org/journal/rss/xml/feed.xml","feed-with-entries","200","rss","1100","2026-10-04T12:59:43.853654+00:00","https://www.e-trd.org/journal/rss/xml/feed.xml"
"d27120b8d4e7baff","Tumour Virus Research","https://rss.sciencedirect.com/publication/science/26666790","feed-with-entries","200","rss","13","2026-10-04T13:08:27.633417+00:00","https://rss.sciencedirect.com/publication/science/26666790"
"dd2c1be1d96e46bd","Tuning Journal for Higher Education","https://tuningjournal.org/gateway/plugin/WebFeedGatewayPlugin/atom","network-or-safety-error","","","","2026-10-04T12:59:09.738852+00:00",""
"cfaa620fadc0ceab","Turczaninowia","https://turczaninowia.asu.ru/gateway/plugin/WebFeedGatewayPlugin/atom","timeout","200","","","2026-10-04T12:59:10.005585+00:00","https://turczaninowia.asu.ru/gateway/plugin/WebFeedGatewayPlugin/atom"
"718a34eec3424516","Turkish Archives of Pediatrics","https://www.turkarchpediatr.org/index.php/pub/gateway/plugin/WebFeedGatewayPlugin/atom","feed-with-entries","200","atom","16","2026-10-04T13:00:46.755216+00:00","https://www.turkarchpediatr.org/index.php/pub/gateway/plugin/WebFeedGatewayPlugin/atom"
"d59b273003ec44f8","Turkish Journal of Agriculture and Forestry","https://journals.tubitak.gov.tr/agriculture/recent.rss","feed-with-entries","200","rss","20","2026-10-04T12:56:38.474554+00:00","https://journals.tubitak.gov.tr/agriculture/recent.rss"
"b4ff3be5c988d55b","TURKISH JOURNAL OF BIOLOGY","https://journals.tubitak.gov.tr/biology/recent.rss","feed-with-entries","200","rss","20","2026-10-04T13:00:56.813369+00:00","https://journals.tubitak.gov.tr/biology/recent.rss"
"af013fac9a11783b","TURKISH JOURNAL OF BOTANY","https://journals.tubitak.gov.tr/botany/recent.rss","feed-with-entries","200","rss","20","2026-10-04T13:01:17.195766+00:00","https://journals.tubitak.gov.tr/botany/recent.rss"
"8a2bbe9570127d03","TURKISH JOURNAL OF CHEMISTRY","https://journals.tubitak.gov.tr/chem/recent.rss","feed-with-entries","200","rss","20","2026-10-04T13:01:26.728641+00:00","https://journals.tubitak.gov.tr/chem/recent.rss"
"c09254b65dacdb13","TURKISH JOURNAL OF EARTH SCIENCES","https://journals.tubitak.gov.tr/earth/recent.rss","feed-with-entries","200","rss","20","2026-10-04T13:01:33.329682+00:00","https://journals.tubitak.gov.tr/earth/recent.rss"
"cb9fc2e34a3f5e8e","Turkish Journal of Electrical Engineering and Computer Sciences","https://journals.tubitak.gov.tr/elektrik/recent.rss","feed-with-entries","200","rss","20","2026-10-04T13:01:37.723875+00:00","https://journals.tubitak.gov.tr/elektrik/recent.rss"
"e5c5833592d46c04","Turkish Journal of Gastroenterology","https://turkjgastroenterol.org/index.php/tjg/gateway/plugin/WebFeedGatewayPlugin/atom","feed-with-entries","200","atom","11","2026-10-04T12:59:11.308331+00:00","https://turkjgastroenterol.org/index.php/tjg/gateway/plugin/WebFeedGatewayPlugin/atom"
"7c54a9192c9bb178","Turkish Journal of Mathematics","https://journals.tubitak.gov.tr/math/recent.rss","feed-with-entries","200","rss","20","2026-10-04T13:01:40.626900+00:00","https://journals.tubitak.gov.tr/math/recent.rss"
"f5cd6caa9b04a2c9","Turkish Journal Of Medical Sciences","https://journals.tubitak.gov.tr/medical/recent.rss","feed-with-entries","200","rss","20","2026-10-04T13:01:42.344442+00:00","https://journals.tubitak.gov.tr/medical/recent.rss"
"b9811aa285d0abdd","Turkish Journal of Nephrology","https://turkjnephrol.org/index.php/pub/gateway/plugin/WebFeedGatewayPlugin/atom","feed-with-entries","200","atom","13","2026-10-04T12:59:11.342512+00:00","https://www.turkjnephrol.org/index.php/pub/gateway/plugin/WebFeedGatewayPlugin/atom"
"7b84a859ac884a10","TURKISH JOURNAL OF PEDIATRICS","https://turkjpediatr.org/gateway/plugin/WebFeedGatewayPlugin/atom","feed-with-entries","200","atom","30","2026-10-04T12:59:12.505294+00:00","https://turkjpediatr.org/gateway/plugin/WebFeedGatewayPlugin/atom"
"96179ab0f549ce17","Turkish Journal of Physics","https://journals.tubitak.gov.tr/physics/recent.rss","feed-with-entries","200","rss","20","2026-10-04T13:01:43.803358+00:00","https://journals.tubitak.gov.tr/physics/recent.rss"
"fa6fb4f43980670b","TURKISH JOURNAL OF VETERINARY & ANIMAL SCIENCES","https://journals.tubitak.gov.tr/veterinary/recent.rss","feed-with-entries","200","rss","20","2026-10-04T13:01:45.040402+00:00","https://journals.tubitak.gov.tr/veterinary/recent.rss"
"003df025c4d5c182","TURKISH JOURNAL OF ZOOLOGY","https://journals.tubitak.gov.tr/zoology/recent.rss","feed-with-entries","200","rss","20","2026-10-04T13:01:46.672346+00:00","https://journals.tubitak.gov.tr/zoology/recent.rss"
"d4ba5eb87f2c3dad","Tydskrif vir letterkunde","https://letterkunde.africa/gateway/plugin/WebFeedGatewayPlugin/atom","network-or-safety-error","","","","2026-10-04T12:56:52.005153+00:00",""
"f7feef8bd73010cb","Tzintzun-Revista de Estudios Historicos","https://www.tzintzun.umich.mx/TZN/es/gateway/plugin/WebFeedGatewayPlugin/atom","feed-with-entries","200","atom","27","2026-10-04T13:00:46.924109+00:00","https://www.tzintzun.umich.mx/TZN/es/gateway/plugin/WebFeedGatewayPlugin/atom"
"9316efcc706736b1","Ukrainian Metrological Journal","http://umj.metrology.kharkov.ua/gateway/plugin/WebFeedGatewayPlugin/atom","feed-with-entries","200","atom","9","2026-10-04T12:59:13.304972+00:00","https://umj.metrology.kharkov.ua/gateway/plugin/WebFeedGatewayPlugin/atom"
"f4b82309c17bccd5","ULTRASONICS","https://rss.sciencedirect.com/publication/science/0041624X","feed-with-entries","200","rss","68","2026-10-04T13:08:28.262867+00:00","https://rss.sciencedirect.com/publication/science/0041624X"
"c944a9ba8add8198","ULTRASONICS SONOCHEMISTRY","https://rss.sciencedirect.com/publication/science/13504177","feed-with-entries","200","rss","87","2026-10-04T13:08:28.924035+00:00","https://rss.sciencedirect.com/publication/science/13504177"
"fa1ed2c4ca602490","ULTRASOUND IN MEDICINE AND BIOLOGY","https://rss.sciencedirect.com/publication/science/03015629","feed-with-entries","200","rss","86","2026-10-04T13:08:29.583937+00:00","https://rss.sciencedirect.com/publication/science/03015629"
"60c7bb50e25b7fdc","Universa Medicina","https://univmed.org/ejurnal/index.php/medicina/gateway/plugin/WebFeedGatewayPlugin/atom","tls-or-network-error","","","","2026-10-04T12:59:14.857402+00:00",""
"7871d4761d171ffd","Universitas-Revista de Ciencias Sociales y Humanas","http://scielo.senescyt.gob.ec/rss.php?pid=1390-863420250002&lang=es","http-error","502","","","2026-10-04T13:01:29.713551+00:00",""
"08e1265a08b76115","University of Bologna Law Review","https://bolognalawreview.unibo.it/gateway/plugin/WebFeedGatewayPlugin/atom","feed-with-entries","200","atom","3","2026-10-04T12:54:57.441131+00:00","https://bolognalawreview.unibo.it/gateway/plugin/WebFeedGatewayPlugin/atom"
"1867880aa98e6044","University of Toronto Medical Journal","https://jps.library.utoronto.ca/index.php/utmj/gateway/plugin/WebFeedGatewayPlugin/atom","empty-feed","200","atom","0","2026-10-04T13:01:17.891372+00:00","https://jps.library.utoronto.ca/index.php/utmj/gateway/plugin/WebFeedGatewayPlugin/atom"
"f5773ecb0c52e22d","URBAN MORPHOLOGY","https://journal.urbanform.org/index.php/jum/gateway/plugin/WebFeedGatewayPlugin/atom","network-or-safety-error","","","","2026-10-04T12:56:26.190067+00:00",""
"e7edf092114e3694","UROLOGIC ONCOLOGY-SEMINARS AND ORIGINAL INVESTIGATIONS","https://rss.sciencedirect.com/publication/science/10781439","feed-with-entries","200","rss","80","2026-10-04T13:08:30.195588+00:00","https://rss.sciencedirect.com/publication/science/10781439"
"218730f30eb50e1b","Utilities Policy","https://rss.sciencedirect.com/publication/science/09571787","feed-with-entries","200","rss","46","2026-10-04T13:08:30.958647+00:00","https://rss.sciencedirect.com/publication/science/09571787"
"d23f3dedc257e0f0","Vascular Health and Risk Management","https://www.dovepress.com/feed/journal/2","feed-with-entries","200","rss","30","2026-10-04T13:01:59.067876+00:00","https://www.dovepress.com/feed/journal/2"
"7f70fed03fcf85fb","Vegueta-Anuario de la Facultad de Geografia e Historia","https://revistavegueta.ulpgc.es/ojs/index.php/revistavegueta/gateway/plugin/WebFeedGatewayPlugin/atom","not-feed-xml","200","","","2026-10-04T12:58:38.781045+00:00","https://revistavegueta.ulpgc.es/ojs/index.php/revistavegueta/es/gateway/plugin/WebFeedGatewayPlugin/atom"
"014985bddf9685cc","Vehicular Communications","https://rss.sciencedirect.com/publication/science/22142096","feed-with-entries","200","rss","32","2026-10-04T13:08:31.332079+00:00","https://rss.sciencedirect.com/publication/science/22142096"
"83ea3d5489420994","Veredas-Revista da Associacao Internacional de Lusitanistas","https://revistaveredas.org/index.php/ver/gateway/plugin/AnnouncementFeedGatewayPlugin/rss2","feed-with-entries","200","rss","4","2026-10-04T12:58:39.798523+00:00","https://revistaveredas.org/index.php/ver/gateway/plugin/AnnouncementFeedGatewayPlugin/rss2"
"95a3ca0d6f39ba5d","Vestnik Mezhdunarodnykh Organizatsii-International Organisations Research Journal","https://iorj.hse.ru/en/rss","html-or-disallowed-doctype","200","","","2026-10-04T12:56:08.751754+00:00","https://iorj.hse.ru/"
"9bcbd996192fa84d","Vestnik Sankt-Peterburgskogo Universiteta Seriya 10 Prikladnaya Matematika Informatika Protsessy Upravleniya","https://www.mathnet.ru/rss/rssLastIssue.phtml?jrnid=vspui&option_lang=eng","feed-with-entries","200","rss","13","2026-10-04T13:01:13.175895+00:00","https://www.mathnet.ru/rss/rssLastIssue.phtml?jrnid=vspui&option_lang=eng"
"b2211e8de47a53c1","VETERINARY CLINICS OF NORTH AMERICA-FOOD ANIMAL PRACTICE","https://rss.sciencedirect.com/publication/science/07490720","feed-with-entries","200","rss","36","2026-10-04T13:08:31.990522+00:00","https://rss.sciencedirect.com/publication/science/07490720"
"81ba916e7a4b1829","VETERINARY IMMUNOLOGY AND IMMUNOPATHOLOGY","https://rss.sciencedirect.com/publication/science/01652427","feed-with-entries","200","rss","33","2026-10-04T13:08:32.652833+00:00","https://rss.sciencedirect.com/publication/science/01652427"
"c6a6e10ec0921060","Veterinary Medicine-Research and Reports","https://www.dovepress.com/feed/journal/108","feed-with-entries","200","rss","30","2026-10-04T13:02:00.354108+00:00","https://www.dovepress.com/feed/journal/108"
"f4646267ebf534b9","VETERINARY PARASITOLOGY","https://rss.sciencedirect.com/publication/science/03044017","feed-with-entries","200","rss","75","2026-10-04T13:08:33.201334+00:00","https://rss.sciencedirect.com/publication/science/03044017"
"46ea0b6771e326ed","Video-Assisted Thoracic Surgery","https://vats.amegroups.org//gateway/plugin/WebFeedGatewayPlugin/atom","feed-with-entries","200","atom","12","2026-10-04T12:59:15.642218+00:00","https://vats.amegroups.org//gateway/plugin/WebFeedGatewayPlugin/atom"
"6a31cd476cf4d9ec","Vietnam Journal of Earth Sciences","http://vjs.ac.vn/jse/gateway/plugin/AnnouncementFeedGatewayPlugin/atom","feed-with-entries","200","atom","12","2026-10-04T12:59:16.117953+00:00","https://vjs.ac.vn/jse/gateway/plugin/AnnouncementFeedGatewayPlugin/atom"
"32c5b547cdded990","Vinculos de Historia","http://vinculosdehistoria.com/index.php/vinculos/gateway/plugin/WebFeedGatewayPlugin/atom","feed-with-entries","200","atom","41","2026-10-04T12:59:15.876360+00:00","http://vinculosdehistoria.com/index.php/vinculos/gateway/plugin/WebFeedGatewayPlugin/atom"
"a23194c6652a26bc","Virajes-Revista de Antropologia y Sociologia","https://revistasojs.ucaldas.edu.co/index.php/virajes/gateway/plugin/WebFeedGatewayPlugin/atom","feed-with-entries","200","atom","11","2026-10-04T13:01:21.455239+00:00","https://revistasojs.ucaldas.edu.co/index.php/virajes/gateway/plugin/WebFeedGatewayPlugin/atom"
"ce09912915ef1f2d","VIREF-Revista de Educacion Fisica","https://revistas.udea.edu.co/index.php/viref/gateway/plugin/WebFeedGatewayPlugin/atom","network-or-safety-error","","","","2026-10-04T13:01:19.956817+00:00",""
"c77d87119ab0644a","VIROLOGY","https://rss.sciencedirect.com/publication/science/00426822","feed-with-entries","200","rss","55","2026-10-04T13:08:34.343180+00:00","https://rss.sciencedirect.com/publication/science/00426822"
"811ed7ff45a34746","VISION RESEARCH","https://rss.sciencedirect.com/publication/science/00426989","feed-with-entries","200","rss","16","2026-10-04T13:08:35.216724+00:00","https://rss.sciencedirect.com/publication/science/00426989"
"8a3cf36562dfbec2","Visnyk NTUU KPI Seriia-Radiotekhnika Radioaparatobuduvannia","https://radap.kpi.ua/radiotechnique/gateway/plugin/WebFeedGatewayPlugin/atom","feed-with-entries","200","atom","6","2026-10-04T12:57:46.321311+00:00","https://radap.kpi.ua/radiotechnique/en/gateway/plugin/WebFeedGatewayPlugin/atom"
"23a870df41d84bf7","VISUAL COMPUTER","https://rss.sciencedirect.com/publication/science/00104485","feed-with-entries","200","rss","15","2026-10-04T13:08:36.038327+00:00","https://rss.sciencedirect.com/publication/science/00104485"
"726b11651cc5ff2e","Visual Informatics","https://rss.sciencedirect.com/publication/science/2468502X","feed-with-entries","200","rss","37","2026-10-04T13:08:36.451036+00:00","https://rss.sciencedirect.com/publication/science/2468502X"
"09cdf3749df1c53d","Vox Patrum","https://czasopisma.kul.pl/index.php/vp/gateway/plugin/WebFeedGatewayPlugin/atom","network-or-safety-error","","","","2026-10-04T13:01:31.023747+00:00",""
"7e3ec924eb969cbf","Wacana-Jurnal Ilmu Pengetahuan Budaya-Journal of the Humanities of Indonesia","https://scholarhub.ui.ac.id/wacana/recent.rss","feed-with-entries","200","rss","20","2026-10-04T13:01:42.578937+00:00","https://scholarhub.ui.ac.id/wacana/recent.rss"
"13dad2c59971d4d4","Washington International Law Journal","https://digitalcommons.law.uw.edu/wilj/recent.rss","feed-with-entries","200","rss","20","2026-10-04T12:55:16.142593+00:00","https://digitalcommons.law.uw.edu/wilj/recent.rss"
"341bca5d43f51134","Water Research X","https://rss.sciencedirect.com/publication/science/25899147","feed-with-entries","200","rss","67","2026-10-04T13:08:36.867267+00:00","https://rss.sciencedirect.com/publication/science/25899147"
"40833cb714ddeeb4","WATER SA","https://watersa.net/gateway/plugin/WebFeedGatewayPlugin/atom","network-or-safety-error","","","","2026-10-04T12:59:16.602493+00:00",""
"8e0a6d2d62bdaa6e","WELSH HISTORY REVIEW","https://api.ingentaconnect.com/content/uwp/whis/latest?format=rss","access-blocked","403","","","2026-10-04T13:01:40.396021+00:00",""
"f17b81fd428b1e83","WESTERN NORTH AMERICAN NATURALIST","https://scholarsarchive.byu.edu/wnan/recent.rss","feed-with-entries","200","rss","20","2026-10-04T12:58:56.279866+00:00","https://scholarsarchive.byu.edu/wnan/recent.rss"
"a045947361cf1b7b","Wilson Journal of Ornithology","https://wilsonsociety.org/comments/feed/","feed-with-entries","200","rss","5","2026-10-04T12:59:17.632589+00:00","https://wilsonsociety.org/comments/feed/"
"7358635c90aa9506","WOOD AND FIBER SCIENCE","https://wfs.swst.org/index.php/wfs/gateway/plugin/WebFeedGatewayPlugin/atom","network-or-safety-error","","","","2026-10-04T12:59:17.288603+00:00",""
"ff1e2cfe0b270feb","Workplace-A Journal for Academic Labor","https://ices.library.ubc.ca/index.php/workplace/gateway/plugin/WebFeedGatewayPlugin/atom","network-or-safety-error","","","","2026-10-04T12:55:55.826876+00:00",""
"caa011835bb622d3","World of Music-New Series","https://wom-journal.org/wom/gateway/plugin/WebFeedGatewayPlugin/atom","feed-with-entries","200","atom","7","2026-10-04T12:59:18.165670+00:00","https://wom-journal.org/wom/gateway/plugin/WebFeedGatewayPlugin/atom"
"0c2d53ac8e02c88d","World Review of Political Economy","https://wrpe.org.uk/feed/","feed-with-entries","200","rss","3","2026-10-04T12:59:18.369977+00:00","https://wrpe.org.uk/feed/"
"3b03091597f68ba5","Zaporozhye Medical Journal","https://zmj.zsmu.edu.ua/gateway/plugin/WebFeedGatewayPlugin/atom","feed-with-entries","200","atom","13","2026-10-04T13:00:50.389878+00:00","https://zmj.zsmu.edu.ua/gateway/plugin/WebFeedGatewayPlugin/atom"
"427dc818903fc2d9","Zbornik Matice Srpske za Likovne Umetnosti-Matica Srpska Journal for Fine Arts","https://www.maticasrpska.org.rs/comments/feed/","feed-with-entries","200","rss","5","2026-10-04T13:00:12.842183+00:00","https://www.maticasrpska.org.rs/comments/feed/"
"77601e9ba5295703","Zbornik Matice Srpske za Slavistiku-Matica Srpska Journal of Slavic Studies","https://www.maticasrpska.org.rs/en/comments/feed/","feed-with-entries","200","rss","5","2026-10-04T13:01:13.266274+00:00","https://www.maticasrpska.org.rs/en/comments/feed/"
"369c3ed07fe064fa","ZEITSCHRIFT FUR ETHNOLOGIE - Journal of Social and Cultural Anthropology","https://zfejsca.org/ojs/index.php/jsca/gateway/plugin/WebFeedGatewayPlugin/atom","feed-with-entries","200","atom","21","2026-10-04T13:00:50.128071+00:00","https://zfejsca.org/ojs/index.php/jsca/gateway/plugin/WebFeedGatewayPlugin/atom"
"431cec236360b107","Zeitschrift fur Katalanistik","https://ojs.ub.rub.de/index.php/ZfK/gateway/plugin/WebFeedGatewayPlugin/atom","feed-with-entries","200","atom","30","2026-10-04T12:57:14.386993+00:00","https://ojs.ub.rub.de/index.php/ZfK/de/gateway/plugin/WebFeedGatewayPlugin/atom"
"de442bd3cece6b7f","Zhurnal Frontirnykh Issledovanii-Journal of Frontier Studies","https://jfs.today/index.php/jfs/gateway/plugin/WebFeedGatewayPlugin/atom","feed-with-entries","200","atom","11","2026-10-04T12:56:15.098680+00:00","https://jfs.today/index.php/jfs/gateway/plugin/WebFeedGatewayPlugin/atom"
"4a7f930511c05666","Zootaxa","https://www.mapress.com/zt/gateway/plugin/WebFeedGatewayPlugin/atom","feed-with-entries","200","atom","11","2026-10-04T13:01:23.213067+00:00","https://www.mapress.com/zt/gateway/plugin/WebFeedGatewayPlugin/atom"
