id,name,feed_url,host,status,last_checked,provenance
"3dcfc8c2a8debb01","ACADIENSIS","https://journals.lib.unb.ca/index.php/Acadiensis/gateway/plugin/WebFeedGatewayPlugin/atom","journals.lib.unb.ca","needs-review","","zinote-historical-url-snapshot"
"842b7c900cd51583","ACCIDENT ANALYSIS AND PREVENTION","https://rss.sciencedirect.com/publication/science/00014575","rss.sciencedirect.com","needs-review","","zinote-historical-url-snapshot"
"b148cc16a3f4781b","Acciones e Investigaciones Sociales","https://papiro.unizar.es/ojs/index.php/ais/es/gateway/plugin/WebFeedGatewayPlugin/atom","papiro.unizar.es","needs-review","","zinote-historical-url-snapshot"
"b0b45ef421856dcc","ACM Transactions on Computational Logic","https://dl.acm.org/action/showFeed?type=etoc&feed=rss&jc=tocl","dl.acm.org","needs-review","","zinote-historical-url-snapshot"
"5cfbab610ee76927","ACM Transactions on Economics and Computation","https://dl.acm.org/action/showFeed?type=etoc&feed=rss&jc=teac","dl.acm.org","needs-review","","zinote-historical-url-snapshot"
"d6fd2fda4386635b","ACM TRANSACTIONS ON MATHEMATICAL SOFTWARE","https://dl.acm.org/action/showFeed?type=etoc&feed=rss&jc=toms","dl.acm.org","needs-review","","zinote-historical-url-snapshot"
"48d4f47252e04102","ACM Transactions on Spatial Algorithms and Systems","https://dl.acm.org/action/showFeed?type=etoc&feed=rss&jc=tsas","dl.acm.org","needs-review","","zinote-historical-url-snapshot"
"9d484b7218ed3dba","ACTA AGROBOTANICA","https://pbsociety.org.pl/journals/index.php/aa/gateway/plugin/WebFeedGatewayPlugin/atom","pbsociety.org.pl","needs-review","","zinote-historical-url-snapshot"
"f6d001c71e22af25","Acta Angiologica","https://journals.viamedica.pl/acta_angiologica/gateway/plugin/WebFeedGatewayPlugin/atom","journals.viamedica.pl","needs-review","","zinote-historical-url-snapshot"
"c3ae412000b05516","ACTA ASTRONOMICA","https://rss.sciencedirect.com/publication/science/00945765","rss.sciencedirect.com","needs-review","","zinote-historical-url-snapshot"
"9b68be8318c46018","Acta Bioethica","https://actabioethica.uchile.cl/index.php/AB/gateway/plugin/WebFeedGatewayPlugin/atom","actabioethica.uchile.cl","needs-review","","zinote-historical-url-snapshot"
"33a2224d4c09a40a","Acta Brasiliensis","https://actabra.revistas.ufcg.edu.br/index.php/actabra/gateway/plugin/WebFeedGatewayPlugin/atom","actabra.revistas.ufcg.edu.br","needs-review","","zinote-historical-url-snapshot"
"369679e2fac113ad","ACTA CARSOLOGICA","https://ojs.zrc-sazu.si/carsologica/gateway/plugin/WebFeedGatewayPlugin/atom","ojs.zrc-sazu.si","needs-review","","zinote-historical-url-snapshot"
"07a13d7bd5ba5c1c","Acta Colombiana de Psicologia","https://actacolombianapsicologia.ucatolica.edu.co/gateway/plugin/AnnouncementFeedGatewayPlugin/atom","actacolombianapsicologia.ucatolica.edu.co","needs-review","","zinote-historical-url-snapshot"
"d17202a56779b815","Acta Cybernetica","https://cyber.bibl.u-szeged.hu/index.php/actcybern/gateway/plugin/WebFeedGatewayPlugin/atom","cyber.bibl.u-szeged.hu","needs-review","","zinote-historical-url-snapshot"
"425310acefae7a08","Acta Geographica Slovenica-Geografski Zbornik","https://ojs.zrc-sazu.si/ags/gateway/plugin/WebFeedGatewayPlugin/atom","ojs.zrc-sazu.si","needs-review","","zinote-historical-url-snapshot"
"fdaf496a78808bb8","Acta Historica Universitatis Klaipedensis","https://e-journals.ku.lt/journal/AHUK/feeds/latest","e-journals.ku.lt","needs-review","","zinote-historical-url-snapshot"
"c86cef6a7730d7fb","Acta Mathematica Universitatis Comenianae","http://www.iam.fmph.uniba.sk/amuc/ojs/index.php/amuc/gateway/plugin/WebFeedGatewayPlugin/atom","www.iam.fmph.uniba.sk","needs-review","","zinote-historical-url-snapshot"
"4a1ef3282d4dd158","Acta Neophilologica","https://journals.uni-lj.si/ActaNeophilologica/gateway/plugin/WebFeedGatewayPlugin/atom","journals.uni-lj.si","needs-review","","zinote-historical-url-snapshot"
"9181cf24f44c32dc","ACTA NEUROBIOLOGIAE EXPERIMENTALIS","https://ane.pl/index.php/ane/gateway/plugin/WebFeedGatewayPlugin/atom","ane.pl","needs-review","","zinote-historical-url-snapshot"
"cb668a3cddc7885c","Acta Otorhinolaryngologica Italica","https://www.actaitalica.it/gateway/plugin/WebFeedGatewayPlugin/atom","www.actaitalica.it","needs-review","","zinote-historical-url-snapshot"
"7b24e8f651c7e824","Acta Pharmaceutica Sinica B","https://rss.sciencedirect.com/publication/science/22113835","rss.sciencedirect.com","needs-review","","zinote-historical-url-snapshot"
"8936496c42f44092","ACTA PHARMACOLOGICA SINICA","https://www.nature.com/aps.rss","www.nature.com","needs-review","","zinote-historical-url-snapshot"
"5ecd625c372d168f","Acta Philosophica","https://www.actaphilosophica.it/gateway/plugin/WebFeedGatewayPlugin/atom","www.actaphilosophica.it","needs-review","","zinote-historical-url-snapshot"
"df0ffc5adb0b0473","Acta Poetica","https://revistas-filologicas.unam.mx/acta-poetica/index.php/ap/gateway/plugin/WebFeedGatewayPlugin/atom","revistas-filologicas.unam.mx","needs-review","","zinote-historical-url-snapshot"
"ef034a10a511e252","ACTA PSYCHOLOGICA","https://rss.sciencedirect.com/publication/science/00016918","rss.sciencedirect.com","needs-review","","zinote-historical-url-snapshot"
"302b4d0b0dcd515f","Acta Scientiarum Polonorum-Hortorum Cultus","https://czasopisma.up.lublin.pl/asphc/gateway/plugin/AnnouncementFeedGatewayPlugin/rss2","czasopisma.up.lublin.pl","needs-review","","zinote-historical-url-snapshot"
"dd3a592fffe7a3db","ACTA SCIENTIARUM-AGRONOMY","https://www.scielo.br/journal/asagr/feed/","www.scielo.br","needs-review","","zinote-historical-url-snapshot"
"971cbf21a800ad5b","ACTA SOCIETATIS BOTANICORUM POLONIAE","https://pbsociety.org.pl/journals/index.php/asbp/gateway/plugin/WebFeedGatewayPlugin/atom","pbsociety.org.pl","needs-review","","zinote-historical-url-snapshot"
"2b4ad8bbed013894","ACTA TROPICA","https://rss.sciencedirect.com/publication/science/0001706X","rss.sciencedirect.com","needs-review","","zinote-historical-url-snapshot"
"ade1b5892a56ebc1","Acta Universitatis Lodziensis Folia Litteraria Romanica","https://www.czasopisma.uni.lodz.pl/romanica/gateway/plugin/AnnouncementFeedGatewayPlugin/atom","www.czasopisma.uni.lodz.pl","needs-review","","zinote-historical-url-snapshot"
"89202542304b5d67","Acta Veterinaria Eurasia","https://actavet.org/index.php/pub/gateway/plugin/WebFeedGatewayPlugin/atom","actavet.org","needs-review","","zinote-historical-url-snapshot"
"d5536410dbf7db76","ACTA VIROLOGICA","https://www.frontierspartnerships.org/journals/acta-virologica/rss","www.frontierspartnerships.org","needs-review","","zinote-historical-url-snapshot"
"f7df9febc0b49572","ACTA ZOOLOGICA ACADEMIAE SCIENTIARUM HUNGARICAE","https://ojs.mtak.hu/index.php/actazool/gateway/plugin/WebFeedGatewayPlugin/atom","ojs.mtak.hu","needs-review","","zinote-historical-url-snapshot"
"43cda30fd7576805","Actualizaciones en Osteologia","https://ojs.osteologia.org.ar/ojs33010/index.php/osteologia/gateway/plugin/WebFeedGatewayPlugin/atom","ojs.osteologia.org.ar","needs-review","","zinote-historical-url-snapshot"
"da42278ee0b6eb0f","ADDICTIVE BEHAVIORS","https://rss.sciencedirect.com/publication/science/03064603","rss.sciencedirect.com","needs-review","","zinote-historical-url-snapshot"
"e16523924e1f68a5","ADMET and DMPK","https://pub.iapchem.org/ojs/index.php/admet/gateway/plugin/WebFeedGatewayPlugin/atom","pub.iapchem.org","needs-review","","zinote-historical-url-snapshot"
"4d97db79635b7927","Administracao Publica e Gestao Social","https://periodicos.ufv.br/apgs/gateway/plugin/AnnouncementFeedGatewayPlugin/atom","periodicos.ufv.br","needs-review","","zinote-historical-url-snapshot"
"b65ffe70a1aceed1","Administracao-Ensino e Pesquisa","https://raep.emnuvens.com.br/raep/gateway/plugin/WebFeedGatewayPlugin/atom","raep.emnuvens.com.br","needs-review","","zinote-historical-url-snapshot"
"903b45ddda5e3ae8","ADVANCED DRUG DELIVERY REVIEWS","https://rss.sciencedirect.com/publication/science/0169409X","rss.sciencedirect.com","needs-review","","zinote-historical-url-snapshot"
"0a6d769091681274","Advances in Applied Energy","https://rss.sciencedirect.com/publication/science/26667924","rss.sciencedirect.com","needs-review","","zinote-historical-url-snapshot"
"2b43e58d72b33511","ADVANCES IN APPLIED MATHEMATICS","https://rss.sciencedirect.com/publication/science/01968858","rss.sciencedirect.com","needs-review","","zinote-historical-url-snapshot"
"5b739b643a3fe0fc","Advances in Applied Mathematics and Mechanics","https://global-sci.com/aamm/gateway/plugin/WebFeedGatewayPlugin/atom","global-sci.com","needs-review","","zinote-historical-url-snapshot"
"894a95ee37df8a97","Advances in Cancer Biology-Metastasis","https://rss.sciencedirect.com/publication/science/26673940","rss.sciencedirect.com","needs-review","","zinote-historical-url-snapshot"
"a05f216e821c67d2","Advances in Civil and Architectural Engineering","https://ojs.srce.hr/acae/gateway/plugin/WebFeedGatewayPlugin/atom","ojs.srce.hr","needs-review","","zinote-historical-url-snapshot"
"ab983f8f6e41a4c9","ADVANCES IN COLLOID AND INTERFACE SCIENCE","https://rss.sciencedirect.com/publication/science/00018686","rss.sciencedirect.com","needs-review","","zinote-historical-url-snapshot"
"bc031fe31c0f9da4","Advances in Geo-Energy Research","https://www.yandy-ager.com/index.php/ager/gateway/plugin/WebFeedGatewayPlugin/atom","www.yandy-ager.com","needs-review","","zinote-historical-url-snapshot"
"000e85b7151e463d","Advances in Industrial and Manufacturing Engineering","https://rss.sciencedirect.com/publication/science/26669129","rss.sciencedirect.com","needs-review","","zinote-historical-url-snapshot"
"4d93e6dfb41223e5","Advances in Life Course Research","https://rss.sciencedirect.com/publication/science/15694909","rss.sciencedirect.com","needs-review","","zinote-historical-url-snapshot"
"28a583b783669130","ADVANCES IN SPACE RESEARCH","https://rss.sciencedirect.com/publication/science/02731177","rss.sciencedirect.com","needs-review","","zinote-historical-url-snapshot"
"9cb4167e242f5749","AEROSPACE AMERICA","https://aerospaceamerica.aiaa.org/feed/","aerospaceamerica.aiaa.org","needs-review","","zinote-historical-url-snapshot"
"2615573bd9ca3a68","Afkar-Jurnal Akidah & Pemikiran Islam-Journal of Aqidah & Islamic Thought","https://ijie.um.edu.my/index.php/afkar/gateway/plugin/WebFeedGatewayPlugin/atom","ijie.um.edu.my","needs-review","","zinote-historical-url-snapshot"
"3d1c38b78f4e09c6","AFRICAN ENTOMOLOGY","https://www.africanentomology.com/gateway/plugin/WebFeedGatewayPlugin/atom","www.africanentomology.com","needs-review","","zinote-historical-url-snapshot"
"e0e846b527b4b210","African Journal of Business Ethics","https://ajobe.journals.ac.za/pub/gateway/plugin/WebFeedGatewayPlugin/atom","ajobe.journals.ac.za","needs-review","","zinote-historical-url-snapshot"
"f7171f7787f6356c","African Journal of Disability","https://ajod.org/index.php/ajod/gateway/plugin/WebFeedGatewayPlugin/atom","ajod.org","needs-review","","zinote-historical-url-snapshot"
"e94e159884921a60","African Journal of Information Systems","https://digitalcommons.kennesaw.edu/ajis/recent.rss","digitalcommons.kennesaw.edu","needs-review","","zinote-historical-url-snapshot"
"6f062a6cc54db8d9","African Journal of Laboratory Medicine","https://ajlmonline.org/index.php/ajlm/gateway/plugin/WebFeedGatewayPlugin/atom","ajlmonline.org","needs-review","","zinote-historical-url-snapshot"
"ab1b754a51e23c8a","African Journal of Primary Health Care & Family Medicine","https://phcfm.org/index.php/phcfm/gateway/plugin/WebFeedGatewayPlugin/atom","phcfm.org","needs-review","","zinote-historical-url-snapshot"
"415c3d38cdb013f4","African Vision and Eye Health Journal","https://avehjournal.org/index.php/aveh/gateway/plugin/AnnouncementFeedGatewayPlugin/atom","avehjournal.org","needs-review","","zinote-historical-url-snapshot"
"1391f3f6a6507ea6","AGGRESSION AND VIOLENT BEHAVIOR","https://rss.sciencedirect.com/publication/science/13591789","rss.sciencedirect.com","needs-review","","zinote-historical-url-snapshot"
"4dd794d7ce4ecd82","Agrarforschung Schweiz","https://www.agrarforschungschweiz.ch/comments/feed/","www.agrarforschungschweiz.ch","needs-review","","zinote-historical-url-snapshot"
"e1bf8b531b2e21bf","AGRICULTURAL AND FOOD SCIENCE","https://journal.fi/afs/gateway/plugin/WebFeedGatewayPlugin/atom","journal.fi","needs-review","","zinote-historical-url-snapshot"
"b8d153035f4f3817","AGRICULTURAL AND FOREST METEOROLOGY","https://rss.sciencedirect.com/publication/science/01681923","rss.sciencedirect.com","needs-review","","zinote-historical-url-snapshot"
"f53032cda89aa502","Agricultural and Resource Economics-International Scientific E-Journal","https://are-journal.com/are/gateway/plugin/WebFeedGatewayPlugin/atom","are-journal.com","needs-review","","zinote-historical-url-snapshot"
"e6077db860c700d9","Agricultural Water Management","https://rss.sciencedirect.com/publication/science/03783774","rss.sciencedirect.com","needs-review","","zinote-historical-url-snapshot"
"1916310eb667951d","Agrociencia Uruguay","http://www.scielo.edu.uy/rss.php?pid=2730-506620260001&lang=en","www.scielo.edu.uy","needs-review","","zinote-historical-url-snapshot"
"17fd14b199e106ae","AgroLife Scientific Journal","https://agrolifejournal.usamv.ro/index.php/agrolife/gateway/plugin/WebFeedGatewayPlugin/atom","agrolifejournal.usamv.ro","needs-review","","zinote-historical-url-snapshot"
"75d85adfaa1d5952","Al-Shajarah","https://journals.iium.edu.my/shajarah/index.php/shaj/gateway/plugin/WebFeedGatewayPlugin/atom","journals.iium.edu.my","needs-review","","zinote-historical-url-snapshot"
"af9e1bdbfcf974f2","ALBERTA LAW REVIEW","https://albertalawreview.com/index.php/ALR/gateway/plugin/WebFeedGatewayPlugin/atom","albertalawreview.com","needs-review","","zinote-historical-url-snapshot"
"ecc4e7ee364f2f84","ALCHERINGA","https://onlinekpmggc.org.in/comments/feed/","onlinekpmggc.org.in","needs-review","","zinote-historical-url-snapshot"
"80a561e34395b974","Alea-Estudos Neolatinos","https://revistas.ufrj.br/index.php/alea/gateway/plugin/WebFeedGatewayPlugin/atom","revistas.ufrj.br","needs-review","","zinote-historical-url-snapshot"
"9c62a70156eece77","Almatourism-Journal of Tourism Culture and Territorial Development","https://almatourism.unibo.it/gateway/plugin/AnnouncementFeedGatewayPlugin/atom","almatourism.unibo.it","needs-review","","zinote-historical-url-snapshot"
"734167f8785c458e","Alpha-Revista de Artes Letras y Filosofia","https://revistaalpha.ulagos.cl/es/gateway/plugin/WebFeedGatewayPlugin/atom","revistaalpha.ulagos.cl","needs-review","","zinote-historical-url-snapshot"
"2d1b2835b6cb9100","Alternativas. Cuadernos de Trabajo Social","https://alternativasts.ua.es/gateway/plugin/WebFeedGatewayPlugin/atom","alternativasts.ua.es","needs-review","","zinote-historical-url-snapshot"
"b1f14999bb5f07f7","AM Journal of Art and Media Studies","https://fmkjournals.fmk.edu.rs/index.php/AM/gateway/plugin/AnnouncementFeedGatewayPlugin/atom","fmkjournals.fmk.edu.rs","needs-review","","zinote-historical-url-snapshot"
"3479b6a7516ef061","Amaltea-Revista de MitocrItica","https://revistas.ucm.es/index.php/AMAL/gateway/plugin/WebFeedGatewayPlugin/atom","revistas.ucm.es","needs-review","","zinote-historical-url-snapshot"
"2743bee77e01a9e2","Amazonia Investiga","https://amazoniainvestiga.info/index.php/amazonia/gateway/plugin/WebFeedGatewayPlugin/atom","amazoniainvestiga.info","needs-review","","zinote-historical-url-snapshot"
"a612faa6258594b6","AME Case Reports","https://acr.amegroups.org//gateway/plugin/WebFeedGatewayPlugin/atom","acr.amegroups.org","needs-review","","zinote-historical-url-snapshot"
"5705179403acb771","AMEGHINIANA","https://www.ameghiniana.org.ar/index.php/ameghiniana/gateway/plugin/WebFeedGatewayPlugin/atom","www.ameghiniana.org.ar","needs-review","","zinote-historical-url-snapshot"
"b0bec59645ecbb20","America Latina Hoy-Revista de Ciencias Sociales","https://alh.usal.es/index.php/feed/","alh.usal.es","needs-review","","zinote-historical-url-snapshot"
"d4a1602f9d465378","America sin Nombre","https://americasinnombre.ua.es/gateway/plugin/WebFeedGatewayPlugin/atom","americasinnombre.ua.es","needs-review","","zinote-historical-url-snapshot"
"ef470dd7e847c609","AMERICAN HEART JOURNAL","https://rss.sciencedirect.com/publication/science/00028703","rss.sciencedirect.com","needs-review","","zinote-historical-url-snapshot"
"eefc0a5a776b9d0c","American Heart Journal Plus: Cardiology Research and Practice","https://rss.sciencedirect.com/publication/science/26666022","rss.sciencedirect.com","needs-review","","zinote-historical-url-snapshot"
"76c04bb77a08c128","AMERICAN JOURNAL OF EMERGENCY MEDICINE","https://rss.sciencedirect.com/publication/science/07356757","rss.sciencedirect.com","needs-review","","zinote-historical-url-snapshot"
"32f76e155f0d167f","American Journal of Obstetrics & Gynecology MFM","https://rss.sciencedirect.com/publication/science/25899333","rss.sciencedirect.com","needs-review","","zinote-historical-url-snapshot"
"89889e88fc937c42","AMERICAN JOURNAL OF ORTHODONTICS AND DENTOFACIAL ORTHOPEDICS","https://rss.sciencedirect.com/publication/science/08895406","rss.sciencedirect.com","needs-review","","zinote-historical-url-snapshot"
"637b50fe9778a5e7","AMERICAN JOURNAL OF PATHOLOGY","https://rss.sciencedirect.com/publication/science/00029440","rss.sciencedirect.com","needs-review","","zinote-historical-url-snapshot"
"17b55b0a03b047ab","American Journal of Preventive Cardiology","https://rss.sciencedirect.com/publication/science/26666677","rss.sciencedirect.com","needs-review","","zinote-historical-url-snapshot"
"72726b9f729245ce","AMPHIBIA-REPTILIA","https://seh-herpetology.org/comments/feed/","seh-herpetology.org","needs-review","","zinote-historical-url-snapshot"
"113ae3d349614d26","Anacronismo e Irrupcion","https://publicaciones.sociales.uba.ar/index.php/anacronismo/gateway/plugin/WebFeedGatewayPlugin/atom","publicaciones.sociales.uba.ar","needs-review","","zinote-historical-url-snapshot"
"61a1cb7acb515815","ANAEROBE","https://rss.sciencedirect.com/publication/science/10759964","rss.sciencedirect.com","needs-review","","zinote-historical-url-snapshot"
"debf9b618ebdb17f","Anaesthesia and Intensive Care Medicine","https://rss.sciencedirect.com/publication/science/14720299","rss.sciencedirect.com","needs-review","","zinote-historical-url-snapshot"
"71522c42af804495","Anales AFA","https://anales.fisica.org.ar/index.php/analesafa/gateway/plugin/AnnouncementFeedGatewayPlugin/atom","anales.fisica.org.ar","needs-review","","zinote-historical-url-snapshot"
"3279c6d5bc17a8f9","Anales de Historia del Arte","https://revistas.ucm.es/index.php/ANHA/gateway/plugin/WebFeedGatewayPlugin/atom","revistas.ucm.es","needs-review","","zinote-historical-url-snapshot"
"ef1fb137a28cd614","Anales de la Facultad de Medicina-Universidad de la Republica Uruguay","https://revistas.udelar.edu.uy/OJS/index.php/anfamed/gateway/plugin/WebFeedGatewayPlugin/atom","revistas.udelar.edu.uy","needs-review","","zinote-historical-url-snapshot"
"642bc6ffd2d06405","Anales de Literatura Chilena","https://analesliteraturachilena.letras.uc.cl/index.php/alch/gateway/plugin/WebFeedGatewayPlugin/atom","analesliteraturachilena.letras.uc.cl","needs-review","","zinote-historical-url-snapshot"
"88db8b23a7b8749c","Anales de Literatura Espanola","https://ale.ua.es/gateway/plugin/WebFeedGatewayPlugin/atom","ale.ua.es","needs-review","","zinote-historical-url-snapshot"
"e479cda23303bf87","Anales de Psicologia","https://revistas.um.es/analesps/gateway/plugin/WebFeedGatewayPlugin/atom","revistas.um.es","needs-review","","zinote-historical-url-snapshot"
"f81955bb280ef225","Anales del Instituto de Actuarios Espanoles","https://revistas.actuarios.org/index.php/aiae/gateway/plugin/AnnouncementFeedGatewayPlugin/atom","revistas.actuarios.org","needs-review","","zinote-historical-url-snapshot"
"bf3ed1ece63441e9","Anales del Sistema Sanitario De Navarra","https://scielo.isciii.es/rss.php?pid=1137-662720240003&lang=en","scielo.isciii.es","needs-review","","zinote-historical-url-snapshot"
"1edb2e0cf228315d","Analysis in Theory and Applications","https://global-sci.com/ata/gateway/plugin/WebFeedGatewayPlugin/atom","global-sci.com","needs-review","","zinote-historical-url-snapshot"
"ad03fd05624efe85","ANALYST","http://feeds.rsc.org/rss/an","feeds.rsc.org","needs-review","","zinote-historical-url-snapshot"
"a0d307408fa1f06f","Analytic Methods in Accident Research","https://rss.sciencedirect.com/publication/science/22136657","rss.sciencedirect.com","needs-review","","zinote-historical-url-snapshot"
"12d843afc9539469","Analytica Chimica Acta","https://rss.sciencedirect.com/publication/science/00032670","rss.sciencedirect.com","needs-review","","zinote-historical-url-snapshot"
"f21a0248e61bcbf4","ANASTHESIOLOGIE & INTENSIVMEDIZIN","https://www.ai-online.info/?format=feed&type=rss","www.ai-online.info","needs-review","","zinote-historical-url-snapshot"
"478d7a3f3d706371","Andes Pediatrica","http://www.scielo.cl/rss.php?pid=2452-605320250006&lang=en","www.scielo.cl","needs-review","","zinote-historical-url-snapshot"
"512bf79fbf67ba71","ANNALES DE DERMATOLOGIE ET DE VENEREOLOGIE","https://rss.sciencedirect.com/publication/science/01519638","rss.sciencedirect.com","needs-review","","zinote-historical-url-snapshot"
"c8d94251116f8d28","ANNALES DE L INSTITUT FOURIER","https://aif.centre-mersenne.org/fr/latest/feed/aif/","aif.centre-mersenne.org","needs-review","","zinote-historical-url-snapshot"
"f93c109149e8697f","ANNALES DE PALEONTOLOGIE","https://rss.sciencedirect.com/publication/science/07533969","rss.sciencedirect.com","needs-review","","zinote-historical-url-snapshot"
"02e363853d5a3f2e","Annales Fennici Mathematici","https://afm.journal.fi/gateway/plugin/WebFeedGatewayPlugin/atom","afm.journal.fi","needs-review","","zinote-historical-url-snapshot"
"f7b86e66c1b891ba","ANNALES SCIENTIFIQUES DE L ECOLE NORMALE SUPERIEURE","https://annales-ens.centre-mersenne.org/index.php/ASENS/gateway/plugin/WebFeedGatewayPlugin/atom","annales-ens.centre-mersenne.org","needs-review","","zinote-historical-url-snapshot"
"ceeb53278dbfdb93","Annales Universitatis Paedagogicae Cracoviensis-Studia Mathematica","https://studmath.uken.krakow.pl/gateway/plugin/WebFeedGatewayPlugin/atom","studmath.uken.krakow.pl","needs-review","","zinote-historical-url-snapshot"
"6a504e1e266eef08","ANNALI DELL ISTITUTO SUPERIORE DI SANITA","https://annali.iss.it/index.php/anna/gateway/plugin/WebFeedGatewayPlugin/atom","annali.iss.it","needs-review","","zinote-historical-url-snapshot"
"18a2fec5ec861397","Annali di Botanica","https://rosa.uniroma1.it/rosa04/annali_di_botanica/gateway/plugin/AnnouncementFeedGatewayPlugin/atom","rosa.uniroma1.it","needs-review","","zinote-historical-url-snapshot"
"9453bca7dc9d6471","ANNALS OF ANATOMY-ANATOMISCHER ANZEIGER","https://rss.sciencedirect.com/publication/science/09409602","rss.sciencedirect.com","needs-review","","zinote-historical-url-snapshot"
"e1b8ac78c146df9f","Annals of Cardiothoracic Surgery","https://www.annalscts.com//gateway/plugin/WebFeedGatewayPlugin/atom","www.annalscts.com","needs-review","","zinote-historical-url-snapshot"
"68d01300f6375346","Annals of Forest Research","https://www.afrjournal.org/index.php/afr/gateway/plugin/WebFeedGatewayPlugin/atom","www.afrjournal.org","needs-review","","zinote-historical-url-snapshot"
"97a332102dde9e7f","Annals of Gastroenterology","http://www.annalsgastro.gr/index.php/annalsgastro/gateway/plugin/WebFeedGatewayPlugin/atom","www.annalsgastro.gr","needs-review","","zinote-historical-url-snapshot"
"8ce663331972eff6","Annals of Geriatric Medicine and Research","https://www.e-agmr.org/journal/rss/xml/feed.xml","www.e-agmr.org","needs-review","","zinote-historical-url-snapshot"
"6a06b6b7c453bfc8","Annals of Hepatology","https://rss.sciencedirect.com/publication/science/16652681","rss.sciencedirect.com","needs-review","","zinote-historical-url-snapshot"
"6b16def2b379665e","Annals of Joint","https://aoj.amegroups.org//gateway/plugin/WebFeedGatewayPlugin/atom","aoj.amegroups.org","needs-review","","zinote-historical-url-snapshot"
"db1d6aff73ec5ad9","Annals of Laparoscopic and Endoscopic Surgery","https://ales.amegroups.org//gateway/plugin/WebFeedGatewayPlugin/atom","ales.amegroups.org","needs-review","","zinote-historical-url-snapshot"
"00b782d3a4ef4bbf","ANNALS OF TOURISM RESEARCH","https://rss.sciencedirect.com/publication/science/01607383","rss.sciencedirect.com","needs-review","","zinote-historical-url-snapshot"
"ad3bdd96f8f7b8ae","ANNUAL REVIEWS IN CONTROL","https://rss.sciencedirect.com/publication/science/13675788","rss.sciencedirect.com","needs-review","","zinote-historical-url-snapshot"
"6d7a086547e4c337","Anthropological Measurements of Philosophical Research","https://ampr.ust.edu.ua/gateway/plugin/AnnouncementFeedGatewayPlugin/rss2","ampr.ust.edu.ua","needs-review","","zinote-historical-url-snapshot"
"560babbc4f3702ff","Anthropological Notebooks","https://anthropological-notebooks.zrc-sazu.si/Notebooks/gateway/plugin/WebFeedGatewayPlugin/atom","anthropological-notebooks.zrc-sazu.si","needs-review","","zinote-historical-url-snapshot"
"54a72c0b5b5164cb","Anthropology & Aging","https://anthro-age.pitt.edu/ojs/anthro-age/gateway/plugin/WebFeedGatewayPlugin/atom","anthro-age.pitt.edu","needs-review","","zinote-historical-url-snapshot"
"b8f02a7be6d27b4e","Anuario de Filosofia del Derecho","https://revistas.mjusticia.gob.es/index.php/AFD/gateway/plugin/WebFeedGatewayPlugin/atom","revistas.mjusticia.gob.es","needs-review","","zinote-historical-url-snapshot"
"2fa33be845248457","Anuario de Historia de la Iglesia","https://revistas.unav.edu/index.php/anuario-de-historia-iglesia/gateway/plugin/WebFeedGatewayPlugin/atom","revistas.unav.edu","needs-review","","zinote-historical-url-snapshot"
"6f8ae0cb273e86e9","Aotearoa New Zealand Social Work","https://anzswjournal.nz/anzsw/gateway/plugin/WebFeedGatewayPlugin/atom","anzswjournal.nz","needs-review","","zinote-historical-url-snapshot"
"3f154c1fd4f3b577","Application of Clinical Genetics","https://www.dovepress.com/feed/journal/36","www.dovepress.com","needs-review","","zinote-historical-url-snapshot"
"96cabee4597c361e","APPLIED ACOUSTICS","https://rss.sciencedirect.com/publication/science/0003682X","rss.sciencedirect.com","needs-review","","zinote-historical-url-snapshot"
"cab34f184e979451","APPLIED AND COMPUTATIONAL HARMONIC ANALYSIS","https://rss.sciencedirect.com/publication/science/10635203","rss.sciencedirect.com","needs-review","","zinote-historical-url-snapshot"
"beb8dd791acdb3d8","Applied Biological Research","https://acspublisher.com/journals/index.php/abr/gateway/plugin/WebFeedGatewayPlugin/atom","acspublisher.com","needs-review","","zinote-historical-url-snapshot"
"57fe17ab57886b3f","APPLIED CATALYSIS A-GENERAL","https://rss.sciencedirect.com/publication/science/0926860X","rss.sciencedirect.com","needs-review","","zinote-historical-url-snapshot"
"81eb80aa06a0f27d","APPLIED ENERGY","https://rss.sciencedirect.com/publication/science/03062619","rss.sciencedirect.com","needs-review","","zinote-historical-url-snapshot"
"c724ab83d2f9a3c0","APPLIED NURSING RESEARCH","https://rss.sciencedirect.com/publication/science/08971897","rss.sciencedirect.com","needs-review","","zinote-historical-url-snapshot"
"7cb7ef1640c5ad6e","Applied Radiation and Isotopes","https://rss.sciencedirect.com/publication/science/09698043","rss.sciencedirect.com","needs-review","","zinote-historical-url-snapshot"
"3c5a61dc40bed222","Approaching Religion","https://journal.fi/ar/gateway/plugin/WebFeedGatewayPlugin/atom","journal.fi","needs-review","","zinote-historical-url-snapshot"
"1338f26b3af3b008","Apuntes-Revista de Ciencias Sociales","https://revistas.up.edu.pe/index.php/apuntes/gateway/plugin/WebFeedGatewayPlugin/atom","revistas.up.edu.pe","needs-review","","zinote-historical-url-snapshot"
"ea7a0f605e454b30","Aquaculture Reports","https://rss.sciencedirect.com/publication/science/23525134","rss.sciencedirect.com","needs-review","","zinote-historical-url-snapshot"
"50627c73bb2375c1","AQUATIC BOTANY","https://rss.sciencedirect.com/publication/science/03043770","rss.sciencedirect.com","needs-review","","zinote-historical-url-snapshot"
"14febcf783e8464c","Archaeologia Baltica","https://e-journals.ku.lt/journal/AB/feeds/latest","e-journals.ku.lt","needs-review","","zinote-historical-url-snapshot"
"efccdb839ef96e3a","Archeologicke Rozhledy","https://archeologickerozhledy.cz/index.php/ar/gateway/plugin/WebFeedGatewayPlugin/atom","archeologickerozhledy.cz","needs-review","","zinote-historical-url-snapshot"
"0d191a75dc2bfbfa","ARCHITECTURAL RECORD","https://www.architecturalrecord.com/rss/articles","www.architecturalrecord.com","needs-review","","zinote-historical-url-snapshot"
"28b49b5072c8290b","Archives of Acoustics","https://acoustics.ippt.pan.pl/index.php/aa/gateway/plugin/WebFeedGatewayPlugin/atom","acoustics.ippt.pan.pl","needs-review","","zinote-historical-url-snapshot"
"5dd9fff8abf2731e","Archives of Aesthetic Plastic Surgery","https://e-aaps.org/journal/rss/xml/feed.xml","e-aaps.org","needs-review","","zinote-historical-url-snapshot"
"53cec0f9247b17f2","ARCHIVES OF MECHANICS","https://am.ippt.pan.pl/index.php/am/gateway/plugin/WebFeedGatewayPlugin/atom","am.ippt.pan.pl","needs-review","","zinote-historical-url-snapshot"
"8a7ae0f98ea73a31","ARCHIVIO STORICO ITALIANO","https://www.deputazionetoscana.it/wordpress/?feed=rss2","www.deputazionetoscana.it","needs-review","","zinote-historical-url-snapshot"
"86d3685e51f4a9f7","ARCHIVOS DE BRONCONEUMOLOGIA","https://rss.sciencedirect.com/publication/science/03002896","rss.sciencedirect.com","needs-review","","zinote-historical-url-snapshot"
"2d04c8f357418572","Archivos de Medicina","https://www.archivosdemedicina.com/rss.xml","www.archivosdemedicina.com","needs-review","","zinote-historical-url-snapshot"
"41ff9ab9e6d7e688","ARCHIVOS LATINOAMERICANOS DE NUTRICION","https://www.alanrevista.org/feed/","www.alanrevista.org","needs-review","","zinote-historical-url-snapshot"
"e19b8a85f01ebc2d","Archiwa Biblioteki i Muzea Koscielne","https://czasopisma.kul.pl/index.php/abmk/gateway/plugin/WebFeedGatewayPlugin/atom","czasopisma.kul.pl","needs-review","","zinote-historical-url-snapshot"
"4bb2bb792353e079","ARCTIC","https://www.arctic.de/us/blog.rss","www.arctic.de","needs-review","","zinote-historical-url-snapshot"
"75726869c86c9e48","ArDIn-Arte Diseno e Ingenieria","https://polired.upm.es/index.php/ardin/gateway/plugin/WebFeedGatewayPlugin/atom","polired.upm.es","needs-review","","zinote-historical-url-snapshot"
"923007ccafc57e78","Argentinian Journal of Applied Linguistics","https://ajal.faapi.org.ar/ojs-3.3.0-5/index.php/AJAL/gateway/plugin/WebFeedGatewayPlugin/atom","ajal.faapi.org.ar","needs-review","","zinote-historical-url-snapshot"
"81be008bba48bb70","Armenian Journal of Mathematics","https://armjmath.sci.am/index.php/ajm/gateway/plugin/AnnouncementFeedGatewayPlugin/atom","armjmath.sci.am","needs-review","","zinote-historical-url-snapshot"
"206be69203f69da5","ARO-The Scientific Journal of Koya University","https://aro.koyauniversity.org/index.php/aro/gateway/plugin/WebFeedGatewayPlugin/atom","aro.koyauniversity.org","needs-review","","zinote-historical-url-snapshot"
"5421113c281497b5","Arquitecturas del Sur","https://revistaschilenas.uchile.cl/feed/rss_1.0/2250/23448","revistaschilenas.uchile.cl","needs-review","","zinote-historical-url-snapshot"
"373cb28ed398cc7d","ARQUIVO BRASILEIRO DE MEDICINA VETERINARIA E ZOOTECNIA","https://www.scielo.br/journal/abmvz/feed/","www.scielo.br","needs-review","","zinote-historical-url-snapshot"
"a8ba079efdac48e7","Arquivos Brasileiros de Cardiologia","https://www.scielo.br/journal/abc/feed/","www.scielo.br","needs-review","","zinote-historical-url-snapshot"
"321df4abf113e4e7","ARQUIVOS BRASILEROS DE PSICOLOGIA","https://revistas.ufrj.br/index.php/abp/gateway/plugin/WebFeedGatewayPlugin/atom","revistas.ufrj.br","needs-review","","zinote-historical-url-snapshot"
"ee7a55ca8ec73ee5","Arte y Ciudad-Revista de Investigacion","https://arteyciudad.com/revista/ayc/gateway/plugin/WebFeedGatewayPlugin/atom","arteyciudad.com","needs-review","","zinote-historical-url-snapshot"
"afd5ab6d62d2cf17","ARTFORUM INTERNATIONAL","https://www.artforum.com/feed/rss/","www.artforum.com","needs-review","","zinote-historical-url-snapshot"
"6e000e77076b2c34","ARTHROPOD STRUCTURE & DEVELOPMENT","https://rss.sciencedirect.com/publication/science/14678039","rss.sciencedirect.com","needs-review","","zinote-historical-url-snapshot"
"ed84f6e747f138a3","ARTS IN PSYCHOTHERAPY","https://rss.sciencedirect.com/publication/science/01974556","rss.sciencedirect.com","needs-review","","zinote-historical-url-snapshot"
"fc7c02ed8ae2e1a8","Asia Pacific Management Review","https://rss.sciencedirect.com/publication/science/10293132","rss.sciencedirect.com","needs-review","","zinote-historical-url-snapshot"
"16b72c828f3a1fe7","Asia-Pacific Journal of Sport Medicine Arthroscopy Rehabilitation and Technology","https://rss.sciencedirect.com/publication/science/22146873","rss.sciencedirect.com","needs-review","","zinote-historical-url-snapshot"
"c88e96dbc3fc7b79","Asian Journal of Psychiatry","https://rss.sciencedirect.com/publication/science/18762018","rss.sciencedirect.com","needs-review","","zinote-historical-url-snapshot"
"8883f9954f83aa49","Asian Journal of Social Science","https://rss.sciencedirect.com/publication/science/15684849","rss.sciencedirect.com","needs-review","","zinote-historical-url-snapshot"
"9a1e3867a0b2c2dd","Asian Spine Journal","https://www.asianspinejournal.org/journal/rss/xml/feed.xml","www.asianspinejournal.org","needs-review","","zinote-historical-url-snapshot"
"3d63cf44c58f44b2","Asian Studies-Azijske Studije","https://journals.uni-lj.si/as/gateway/plugin/WebFeedGatewayPlugin/atom","journals.uni-lj.si","needs-review","","zinote-historical-url-snapshot"
"1dbc5ca8022518b7","Asiatic-IIUM Journal of English Language and Literature","https://journals.iium.edu.my/asiatic/index.php/ajell/gateway/plugin/WebFeedGatewayPlugin/atom","journals.iium.edu.my","needs-review","","zinote-historical-url-snapshot"
"e096f117229ad24b","Aspasia","https://www.aspasiaphilosophy.com/posts.rss","www.aspasiaphilosophy.com","needs-review","","zinote-historical-url-snapshot"
"7661b67f0ebabd28","Astrolabio-Nueva Epoca","https://www.scielo.org.ar/rss.php?pid=1668-751520250002&lang=en","www.scielo.org.ar","needs-review","","zinote-historical-url-snapshot"
"686f9dc068743bf0","ASTROPARTICLE PHYSICS","https://rss.sciencedirect.com/publication/science/09276505","rss.sciencedirect.com","needs-review","","zinote-historical-url-snapshot"
"a9f62c7d22a50f55","Atmospheric and Oceanic Science Letters","https://rss.sciencedirect.com/publication/science/16742834","rss.sciencedirect.com","needs-review","","zinote-historical-url-snapshot"
"9318a88b75b05e6d","Atmospheric Environment-X","https://rss.sciencedirect.com/publication/science/25901621","rss.sciencedirect.com","needs-review","","zinote-historical-url-snapshot"
"74b7597f75fec083","Atmospheric Pollution Research","https://rss.sciencedirect.com/publication/science/13091042","rss.sciencedirect.com","needs-review","","zinote-historical-url-snapshot"
"0141bea4c30f712d","ATOM INDONESIA","https://atomindonesia.brin.go.id/index.php/aij/gateway/plugin/WebFeedGatewayPlugin/atom","atomindonesia.brin.go.id","needs-review","","zinote-historical-url-snapshot"
"ba516a10a4106959","ATOMIC DATA AND NUCLEAR DATA TABLES","https://rss.sciencedirect.com/publication/science/0092640X","rss.sciencedirect.com","needs-review","","zinote-historical-url-snapshot"
"98883ab0b2005f61","AURIS NASUS LARYNX","https://rss.sciencedirect.com/publication/science/03858146","rss.sciencedirect.com","needs-review","","zinote-historical-url-snapshot"
"c0f9034126373d98","Australasian Journal of Educational Technology","https://ajet.org.au/index.php/AJET/gateway/plugin/WebFeedGatewayPlugin/atom","ajet.org.au","needs-review","","zinote-historical-url-snapshot"
"a4c657389ba36771","Australasian Journal of Logic","https://ojs.victoria.ac.nz/ajl/gateway/plugin/WebFeedGatewayPlugin/atom","ojs.victoria.ac.nz","needs-review","","zinote-historical-url-snapshot"
"a7475e82c2e7de62","AUSTRALIAN AND NEW ZEALAND JOURNAL OF PUBLIC HEALTH","https://rss.sciencedirect.com/publication/science/13260200","rss.sciencedirect.com","needs-review","","zinote-historical-url-snapshot"
"918c37523494431a","Australian Journal of Indigenous Education","https://ajie.atsis.uq.edu.au/ajie/gateway/plugin/WebFeedGatewayPlugin/atom","ajie.atsis.uq.edu.au","needs-review","","zinote-historical-url-snapshot"
"59e87ff148fa6d48","Australian Journal of Otolaryngology","https://www.theajo.com//gateway/plugin/WebFeedGatewayPlugin/atom","www.theajo.com","needs-review","","zinote-historical-url-snapshot"
"fae281e15036bfc7","Australian Journal of Teacher Education","https://ro.ecu.edu.au/ajte/recent.rss","ro.ecu.edu.au","needs-review","","zinote-historical-url-snapshot"
"63ee291e497f903f","Austrian Journal of Statistics","https://ajs.or.at/index.php/ajs/gateway/plugin/WebFeedGatewayPlugin/atom","ajs.or.at","needs-review","","zinote-historical-url-snapshot"
"9348b987f02f709f","Avances en Psicologia Latinoamericana","https://revistas.urosario.edu.co/index.php/apl/gateway/plugin/WebFeedGatewayPlugin/atom","revistas.urosario.edu.co","needs-review","","zinote-historical-url-snapshot"
"b946b3a1b4a6726b","B-ENT","https://www.b-ent.be/index.php/pub/gateway/plugin/WebFeedGatewayPlugin/atom","www.b-ent.be","needs-review","","zinote-historical-url-snapshot"
"4f1ba5fd4319b9db","Baghdad Science Journal","https://bsj.uobaghdad.edu.iq/recent.rss","bsj.uobaghdad.edu.iq","needs-review","","zinote-historical-url-snapshot"
"4b11683d84956eff","BALTIC FORESTRY","https://balticforestry.lammc.lt/bf/index.php?format=feed&type=rss","balticforestry.lammc.lt","needs-review","","zinote-historical-url-snapshot"
"0c1514a49f89a476","Baltic Journal of Health and Physical Activity","https://www.balticsportscience.com/recent.rss","www.balticsportscience.com","needs-review","","zinote-historical-url-snapshot"
"3be104318d47efa8","Barataria-Revista Castellano-Manchega de Ciencias Sociales","https://revistabarataria.es/web/index.php/rb/gateway/plugin/WebFeedGatewayPlugin/atom","revistabarataria.es","needs-review","","zinote-historical-url-snapshot"
"fb50ce73b482ecdf","BDJ Open","https://www.nature.com/bdjopen.rss","www.nature.com","needs-review","","zinote-historical-url-snapshot"
"3485c0898e3199f5","BEHAVIOUR RESEARCH AND THERAPY","https://rss.sciencedirect.com/publication/science/00057967","rss.sciencedirect.com","needs-review","","zinote-historical-url-snapshot"
"195220a1bd5cb17f","Beilstein Journal of Nanotechnology","https://www.beilstein-journals.org/bjnano/content/rss.xml","www.beilstein-journals.org","needs-review","","zinote-historical-url-snapshot"
"07edf5b8d7a5714f","Beilstein Journal of Organic Chemistry","https://www.beilstein-journals.org/bjoc/content/rss.xml","www.beilstein-journals.org","needs-review","","zinote-historical-url-snapshot"
"f0eb9ae0393efcd2","BELGIAN JOURNAL OF ZOOLOGY","https://belgianjournalofzoology.eu/BJZ/gateway/plugin/WebFeedGatewayPlugin/atom","belgianjournalofzoology.eu","needs-review","","zinote-historical-url-snapshot"
"f90dd5d6b52fa4f0","BERICHTE UBER LANDWIRTSCHAFT","https://www.buel.bmel.de/index.php/buel/gateway/plugin/WebFeedGatewayPlugin/atom","www.buel.bmel.de","needs-review","","zinote-historical-url-snapshot"
"998b1ede393fc6a9","Best Practice & Research-Clinical Anaesthesiology","https://rss.sciencedirect.com/publication/science/15216896","rss.sciencedirect.com","needs-review","","zinote-historical-url-snapshot"
"772b1656e5c50a32","Biblical Annals","https://czasopisma.kul.pl/index.php/ba/gateway/plugin/AnnouncementFeedGatewayPlugin/atom","czasopisma.kul.pl","needs-review","","zinote-historical-url-snapshot"
"976d4e132dcb6938","Big Data Research","https://rss.sciencedirect.com/publication/science/22145796","rss.sciencedirect.com","needs-review","","zinote-historical-url-snapshot"
"287b7d55d90d2ce4","Biochemical Engineering Journal","https://rss.sciencedirect.com/publication/science/1369703X","rss.sciencedirect.com","needs-review","","zinote-historical-url-snapshot"
"4c24ce748b545250","BIOCHEMICAL SYSTEMATICS AND ECOLOGY","https://rss.sciencedirect.com/publication/science/03051978","rss.sciencedirect.com","needs-review","","zinote-historical-url-snapshot"
"b48f1b73a2bc8c2b","BIOCHIMICA ET BIOPHYSICA ACTA-BIOMEMBRANES","https://rss.sciencedirect.com/publication/science/00052736","rss.sciencedirect.com","needs-review","","zinote-historical-url-snapshot"
"6c15ea4b471104c2","BIOCHIMICA ET BIOPHYSICA ACTA-GENERAL SUBJECTS","https://rss.sciencedirect.com/publication/science/03044165","rss.sciencedirect.com","needs-review","","zinote-historical-url-snapshot"
"a13b7627d9a5990a","BIOCHIMICA ET BIOPHYSICA ACTA-MOLECULAR AND CELL BIOLOGY OF LIPIDS","https://rss.sciencedirect.com/publication/science/13881981","rss.sciencedirect.com","needs-review","","zinote-historical-url-snapshot"
"32875ac35381e341","Biofuel Research Journal-BRJ","https://www.biofueljournal.com/ju.rss","www.biofueljournal.com","needs-review","","zinote-historical-url-snapshot"
"a900da9dd2f2922a","Biolinguistics","https://bioling.psychopen.eu/index.php/bioling/gateway/plugin/WebFeedGatewayPlugin/atom","bioling.psychopen.eu","needs-review","","zinote-historical-url-snapshot"
"20d3992a7fb0ff09","Biological Psychiatry-Cognitive Neuroscience and Neuroimaging","https://rss.sciencedirect.com/publication/science/24519022","rss.sciencedirect.com","needs-review","","zinote-historical-url-snapshot"
"6d6464d2d7311e1a","BIOLOGICAL PSYCHOLOGY","https://rss.sciencedirect.com/publication/science/03010511","rss.sciencedirect.com","needs-review","","zinote-historical-url-snapshot"
"0ddf397866ffae36","BIOLOGICALS","https://rss.sciencedirect.com/publication/science/10451056","rss.sciencedirect.com","needs-review","","zinote-historical-url-snapshot"
"5a75f713a8deae56","Biologics-Targets & Therapy","https://www.dovepress.com/feed/journal/8","www.dovepress.com","needs-review","","zinote-historical-url-snapshot"
"1a8ae6871f7a9a18","Biology-Basel","https://bio.unibas.ch/en/feed/1339/feed.rss?cHash=ccf6e5421bcd68dce2f71541e9a186ef","bio.unibas.ch","needs-review","","zinote-historical-url-snapshot"
"4a349b9340ba4177","BIOMASS & BIOENERGY","https://rss.sciencedirect.com/publication/science/09619534","rss.sciencedirect.com","needs-review","","zinote-historical-url-snapshot"
"7bf05d305f49b371","BIOMATERIALS","https://rss.sciencedirect.com/publication/science/01429612","rss.sciencedirect.com","needs-review","","zinote-historical-url-snapshot"
"92b4e3c3bdd92c41","Biomaterials Advances","https://rss.sciencedirect.com/publication/science/27729508","rss.sciencedirect.com","needs-review","","zinote-historical-url-snapshot"
"cc7eec1a9ba93979","BIOPHYSICAL CHEMISTRY","https://rss.sciencedirect.com/publication/science/03014622","rss.sciencedirect.com","needs-review","","zinote-historical-url-snapshot"
"e46583e94d9450aa","Biosystems Diversity","https://ecology.dp.ua/index.php/ECO/gateway/plugin/WebFeedGatewayPlugin/atom","ecology.dp.ua","needs-review","","zinote-historical-url-snapshot"
"9af4803a8942ad13","Biznes Informatika-Business Informatics","https://bijournal.hse.ru/gateway/plugin/WebFeedGatewayPlugin/atom","bijournal.hse.ru","needs-review","","zinote-historical-url-snapshot"
"f4e30ce547edc91d","Blood and Lymphatic Cancer-Targets and Therapy","https://www.dovepress.com/feed/journal/101","www.dovepress.com","needs-review","","zinote-historical-url-snapshot"
"6eea0541434966a8","Blood Cancer Journal","https://www.nature.com/bcj.rss","www.nature.com","needs-review","","zinote-historical-url-snapshot"
"bf060abb80d85f72","Body Image","https://rss.sciencedirect.com/publication/science/17401445","rss.sciencedirect.com","needs-review","","zinote-historical-url-snapshot"
"57c6f5ca92f4456e","Boletim de Ciencias Geodesicas","https://www.scielo.br/journal/bcg/feed/","www.scielo.br","needs-review","","zinote-historical-url-snapshot"
"01125157f765fdcd","Boletim de Estudos Classicos","https://impactum-journals.uc.pt/bec/gateway/plugin/WebFeedGatewayPlugin/atom","impactum-journals.uc.pt","needs-review","","zinote-historical-url-snapshot"
"93b44af544f9b075","BOLETIM DE INDUSTRIA ANIMAL","http://bia.iz.sp.gov.br/index.php/bia/gateway/plugin/AnnouncementFeedGatewayPlugin/atom","bia.iz.sp.gov.br","needs-review","","zinote-historical-url-snapshot"
"3aaa694f65bee8c2","Boletin de la Sociedad Argentina de Botanica","https://www.scielo.org.ar/rss.php?pid=1851-237220250003&lang=es","www.scielo.org.ar","needs-review","","zinote-historical-url-snapshot"
"dd1705ad0c3dc06f","BOLETIN DE LA SOCIEDAD ESPANOLA DE CERAMICA Y VIDRIO","https://rss.sciencedirect.com/publication/science/03663175","rss.sciencedirect.com","needs-review","","zinote-historical-url-snapshot"
"4a82abc2068c9341","BONE MARROW TRANSPLANTATION","https://www.nature.com/bmt.rss","www.nature.com","needs-review","","zinote-historical-url-snapshot"
"15429c83989107e1","Bone Research","https://www.nature.com/boneres.rss","www.nature.com","needs-review","","zinote-historical-url-snapshot"
"f983782bbfa21f18","Bordon-Revista de Pedagogia","https://www.sepedagogia.es/?feed=comments-rss2","www.sepedagogia.es","needs-review","","zinote-historical-url-snapshot"
"4da6ab09d5d9e169","BOTHALIA","https://journals.abcjournal.aosis.co.za/index.php/abc/gateway/plugin/WebFeedGatewayPlugin/atom","journals.abcjournal.aosis.co.za","needs-review","","zinote-historical-url-snapshot"
"efc13b77bfbad79c","BRAGANTIA","https://www.scielo.br/journal/brag/feed/","www.scielo.br","needs-review","","zinote-historical-url-snapshot"
"fe0495e72a4e3461","BRAIN AND COGNITION","https://rss.sciencedirect.com/publication/science/02782626","rss.sciencedirect.com","needs-review","","zinote-historical-url-snapshot"
"9fe7fd87f59d7782","BRAIN AND LANGUAGE","https://rss.sciencedirect.com/publication/science/0093934X","rss.sciencedirect.com","needs-review","","zinote-historical-url-snapshot"
"9d165e3f1554be33","BRAIN BEHAVIOR AND IMMUNITY","https://rss.sciencedirect.com/publication/science/08891591","rss.sciencedirect.com","needs-review","","zinote-historical-url-snapshot"
"5365a28b353a994a","Brain Hemorrhages","https://rss.sciencedirect.com/publication/science/2589238X","rss.sciencedirect.com","needs-review","","zinote-historical-url-snapshot"
"eca4e3b0f621c8ad","BRAIN RESEARCH BULLETIN","https://rss.sciencedirect.com/publication/science/03619230","rss.sciencedirect.com","needs-review","","zinote-historical-url-snapshot"
"7c449e361900b1fd","Bratislava Law Review","https://blr.flaw.uniba.sk/index.php/BLR/gateway/plugin/AnnouncementFeedGatewayPlugin/atom","blr.flaw.uniba.sk","needs-review","","zinote-historical-url-snapshot"
"979bd1141e32cddb","Brazilian Journal of Geology","https://www.scielo.br/journal/bjgeo/feed/","www.scielo.br","needs-review","","zinote-historical-url-snapshot"
"3b663136f8a75fee","Brazilian Journal of Operations & Production Management","https://bjopm.org.br/bjopm/gateway/plugin/WebFeedGatewayPlugin/atom","bjopm.org.br","needs-review","","zinote-historical-url-snapshot"
"66020fa95a9ef56e","Brazilian Journal of Pharmaceutical Sciences","https://www.scielo.br/journal/bjps/feed/","www.scielo.br","needs-review","","zinote-historical-url-snapshot"
"564c2c2841ee4d21","Brazilian Journalism Research","https://bjr.sbpjor.org.br/bjr/gateway/plugin/AnnouncementFeedGatewayPlugin/atom","bjr.sbpjor.org.br","needs-review","","zinote-historical-url-snapshot"
"7b8c00a1f14c9eeb","Brazilian Oral Research","https://www.scielo.br/journal/bor/feed/","www.scielo.br","needs-review","","zinote-historical-url-snapshot"
"e375428b7a35b557","BRICS Law Journal","https://www.bricslawjournal.com/jour/gateway/plugin/WebFeedGatewayPlugin/atom","www.bricslawjournal.com","needs-review","","zinote-historical-url-snapshot"
"e28e593d357c12a6","British Accounting Review","https://rss.sciencedirect.com/publication/science/08908389","rss.sciencedirect.com","needs-review","","zinote-historical-url-snapshot"
"31454a8d03201b4c","BRITISH DENTAL JOURNAL","https://www.nature.com/bdj.rss","www.nature.com","needs-review","","zinote-historical-url-snapshot"
"ef5f3d815cba336f","BRITISH JOURNAL OF CANCER","https://www.nature.com/bjc.rss","www.nature.com","needs-review","","zinote-historical-url-snapshot"
"5903add9783672d5","British Journal of Diabetes","https://bjd-abcd.com/index.php/bjd/gateway/plugin/WebFeedGatewayPlugin/atom","bjd-abcd.com","needs-review","","zinote-historical-url-snapshot"
"b13bd93a6358fe5a","BUILDING AND ENVIRONMENT","https://rss.sciencedirect.com/publication/science/03601323","rss.sciencedirect.com","needs-review","","zinote-historical-url-snapshot"
"05c43aecea15eb04","BULLETIN DE L ACADEMIE NATIONALE DE MEDECINE","https://rss.sciencedirect.com/publication/science/00014079","rss.sciencedirect.com","needs-review","","zinote-historical-url-snapshot"
"f3b69ebeeb92ba33","BULLETIN DES SCIENCES MATHEMATIQUES","https://rss.sciencedirect.com/publication/science/00074497","rss.sciencedirect.com","needs-review","","zinote-historical-url-snapshot"
"7d3d70b3b30001c7","Bulletin of Geography-Physical Geography Series","https://apcz.umk.pl/BOGPGS/gateway/plugin/WebFeedGatewayPlugin/atom","apcz.umk.pl","needs-review","","zinote-historical-url-snapshot"
"01dfeace4118ae42","Bulletin of the American Society of Overseas Research","https://www.asor.org/feed/","www.asor.org","needs-review","","zinote-historical-url-snapshot"
"5fe2692f8499150f","Bulletin of the History of Archaeology","https://account.archaeologybulletin.org/index.php/up-j-bha/gateway/plugin/WebFeedGatewayPlugin/atom","account.archaeologybulletin.org","needs-review","","zinote-historical-url-snapshot"
"f0ad4a91f56969cd","Bulletin of the New Zealand Society for Earthquake Engineering","https://bulletin.nzsee.org.nz/gateway/plugin/WebFeedGatewayPlugin/atom","bulletin.nzsee.org.nz","needs-review","","zinote-historical-url-snapshot"
"599939e08de97d4d","Bulletin of the University of Karaganda-Physics","https://phs.buketov.edu.kz/physics-vestnik/gateway/plugin/WebFeedGatewayPlugin/atom","phs.buketov.edu.kz","needs-review","","zinote-historical-url-snapshot"
"0ed6ac1e193504f5","BURNS","https://rss.sciencedirect.com/publication/science/03054179","rss.sciencedirect.com","needs-review","","zinote-historical-url-snapshot"
"64848ce78a46ce46","BUSINESS HORIZONS","https://rss.sciencedirect.com/publication/science/00076813","rss.sciencedirect.com","needs-review","","zinote-historical-url-snapshot"
"1107a100bfb2bb67","Cadernos de Dereito Actual","http://cadernosdedereitoactual.es/index.php/cadernos/gateway/plugin/WebFeedGatewayPlugin/atom","cadernosdedereitoactual.es","needs-review","","zinote-historical-url-snapshot"
"78888f08ea6becf3","Cadernos de Estudos Linguisticos","https://periodicos.sbu.unicamp.br/ojs/index.php/cel/gateway/plugin/AnnouncementFeedGatewayPlugin/atom","periodicos.sbu.unicamp.br","needs-review","","zinote-historical-url-snapshot"
"40dbe3dba7a3b414","Cadernos de Geografia","https://impactum-journals.uc.pt/cadernosgeografia/gateway/plugin/WebFeedGatewayPlugin/atom","impactum-journals.uc.pt","needs-review","","zinote-historical-url-snapshot"
"7289ad2405b5d0d7","Cadernos de Traducao","https://www.scielo.br/journal/ct/feed/","www.scielo.br","needs-review","","zinote-historical-url-snapshot"
"7cbb113edfb11b4e","CAHIERS DE NUTRITION ET DE DIETETIQUE","https://rss.sciencedirect.com/publication/science/00079960","rss.sciencedirect.com","needs-review","","zinote-historical-url-snapshot"
"32d11266e6d33b8a","California Fish and Wildlife Journal","https://journal.wildlife.ca.gov/feed/","journal.wildlife.ca.gov","needs-review","","zinote-historical-url-snapshot"
"4fba594a6c5113b4","Caligrama-Revista de Estudos Romanicos","https://periodicos.ufmg.br/index.php/caligrama/gateway/plugin/WebFeedGatewayPlugin/atom","periodicos.ufmg.br","needs-review","","zinote-historical-url-snapshot"
"834a9c5467db1ef7","Calle 14-Revista de investigacion en el Campo del Arte","https://revistas.udistrital.edu.co/index.php/c14/gateway/plugin/WebFeedGatewayPlugin/atom","revistas.udistrital.edu.co","needs-review","","zinote-historical-url-snapshot"
"d7fcfc6536bc8c0b","Cambio-Rivista sulle Trasformazioni Sociali","https://oaj.fupress.net/index.php/cambio/gateway/plugin/WebFeedGatewayPlugin/atom","oaj.fupress.net","needs-review","","zinote-historical-url-snapshot"
"7e425db09df57dd3","Canadian Geriatrics Journal","https://cgjonline.ca/index.php/cgj/gateway/plugin/WebFeedGatewayPlugin/atom","cgjonline.ca","needs-review","","zinote-historical-url-snapshot"
"fca9d5d8d0bd85fa","Canadian Journal for the Study of Adult Education","https://cjsae.library.dal.ca/cjsae/gateway/plugin/WebFeedGatewayPlugin/atom","cjsae.library.dal.ca","needs-review","","zinote-historical-url-snapshot"
"bde07ae65b19bfc8","Canadian Journal of Applied Linguistics","https://journals.lib.unb.ca/index.php/CJAL/gateway/plugin/WebFeedGatewayPlugin/atom","journals.lib.unb.ca","needs-review","","zinote-historical-url-snapshot"
"48e3481c5822e0ec","Canadian Journal of Higher Education","https://www.cjhe-rces.ca/cjhe/index.php/cjhe/gateway/plugin/WebFeedGatewayPlugin/atom","www.cjhe-rces.ca","needs-review","","zinote-historical-url-snapshot"
"b1650f78d04bb317","CANADIAN JOURNAL OF HOSPITAL PHARMACY","https://www.cjhp-online.ca/index.php/cjhp/gateway/plugin/WebFeedGatewayPlugin/atom","www.cjhp-online.ca","needs-review","","zinote-historical-url-snapshot"
"803783c36e35be20","Canadian Journal of Nonprofit and Social Economy Research","https://anserj.ca/index.php/cjnser/gateway/plugin/AnnouncementFeedGatewayPlugin/atom","anserj.ca","needs-review","","zinote-historical-url-snapshot"
"b6c3da6f5f22dd4c","CANCER GENE THERAPY","https://www.nature.com/cgt.rss","www.nature.com","needs-review","","zinote-historical-url-snapshot"
"1501fea6ae997076","Cancer Management and Research","https://www.dovepress.com/feed/journal/55","www.dovepress.com","needs-review","","zinote-historical-url-snapshot"
"d612bb0fa829d4f9","Caplletra","https://turia.uv.es/index.php/caplletra/gateway/plugin/WebFeedGatewayPlugin/atom","turia.uv.es","needs-review","","zinote-historical-url-snapshot"
"6aec56f7953ff31c","Caracol","https://caracol.org/comments/feed/","caracol.org","needs-review","","zinote-historical-url-snapshot"
"82da491fa54f1702","Carbohydrate Research","https://rss.sciencedirect.com/publication/science/00086215","rss.sciencedirect.com","needs-review","","zinote-historical-url-snapshot"
"93376d6148b1ad32","Carbon Trends","https://rss.sciencedirect.com/publication/science/26670569","rss.sciencedirect.com","needs-review","","zinote-historical-url-snapshot"
"0b07f9190de539e2","Cardiovascular Diagnosis and Therapy","https://cdt.amegroups.org//gateway/plugin/WebFeedGatewayPlugin/atom","cdt.amegroups.org","needs-review","","zinote-historical-url-snapshot"
"68411e50413f1370","Case Reports in Womens Health","https://rss.sciencedirect.com/publication/science/22149112","rss.sciencedirect.com","needs-review","","zinote-historical-url-snapshot"
"c240949f6a83f2d5","Case Studies on Transport Policy","https://rss.sciencedirect.com/publication/science/2213624X","rss.sciencedirect.com","needs-review","","zinote-historical-url-snapshot"
"47cc0a82ed80f518","CATALYSIS TODAY","https://rss.sciencedirect.com/publication/science/09205861","rss.sciencedirect.com","needs-review","","zinote-historical-url-snapshot"
"e8a4bb4d94a3d90c","CATENA","https://rss.sciencedirect.com/publication/science/03418162","rss.sciencedirect.com","needs-review","","zinote-historical-url-snapshot"
"cee8b5def67bda6a","CBE-Life Sciences Education","https://www.lifescied.org/action/showFeed?type=etoc&feed=rss&jc=lse","www.lifescied.org","needs-review","","zinote-historical-url-snapshot"
"a146d19cee254e28","CELEHIS-Revista del Centro de Letras Hispanoamericanas","https://fh.mdp.edu.ar/revistas/index.php/celehis/gateway/plugin/WebFeedGatewayPlugin/atom","fh.mdp.edu.ar","needs-review","","zinote-historical-url-snapshot"
"fca40b20ca41f97a","CELL CALCIUM","https://rss.sciencedirect.com/publication/science/01434160","rss.sciencedirect.com","needs-review","","zinote-historical-url-snapshot"
"1fc3f39ecbf0716b","Cell Death & Disease","https://www.nature.com/cddis.rss","www.nature.com","needs-review","","zinote-historical-url-snapshot"
"c357a6637a6075b8","CELL DEATH AND DIFFERENTIATION","https://www.nature.com/cdd.rss","www.nature.com","needs-review","","zinote-historical-url-snapshot"
"93c813b12a60e79e","Cell Death Discovery","https://www.nature.com/cddiscovery.rss","www.nature.com","needs-review","","zinote-historical-url-snapshot"
"b2594b28f590887b","Cell Discovery","https://www.nature.com/celldisc.rss","www.nature.com","needs-review","","zinote-historical-url-snapshot"
"8804f43bc31de331","CELL RESEARCH","https://www.nature.com/cr.rss","www.nature.com","needs-review","","zinote-historical-url-snapshot"
"078a6c190040c15a","Cellular & Molecular Immunology","https://www.nature.com/cmi.rss","www.nature.com","needs-review","","zinote-historical-url-snapshot"
"4cf1697a5335eb29","CEMENT & CONCRETE COMPOSITES","https://rss.sciencedirect.com/publication/science/09589465","rss.sciencedirect.com","needs-review","","zinote-historical-url-snapshot"
"6499ad3664009384","Central Bank Review","https://rss.sciencedirect.com/publication/science/13030701","rss.sciencedirect.com","needs-review","","zinote-historical-url-snapshot"
"09f1bad76ea6c4f9","CEYLON MEDICAL JOURNAL","https://account.cmj.sljol.info/index.php/sljo-j-cmj/gateway/plugin/WebFeedGatewayPlugin/atom","account.cmj.sljol.info","needs-review","","zinote-historical-url-snapshot"
"58702370951ea16a","Changing Societies & Personalities","https://changing-sp.com/ojs/index.php/csp/gateway/plugin/WebFeedGatewayPlugin/atom","changing-sp.com","needs-review","","zinote-historical-url-snapshot"
"e7a5ac0eac4fa21c","Chemical Bulletin of Kazakh National University","https://bulletin.chemistry.kz/index.php/kaznu/gateway/plugin/WebFeedGatewayPlugin/atom","bulletin.chemistry.kz","needs-review","","zinote-historical-url-snapshot"
"91c3df2822ef3ecd","Chemical Engineering and Processing-Process Intensification","https://rss.sciencedirect.com/publication/science/02552701","rss.sciencedirect.com","needs-review","","zinote-historical-url-snapshot"
"e43025cfbc529ab3","Chemical Engineering Journal","https://rss.sciencedirect.com/publication/science/13858947","rss.sciencedirect.com","needs-review","","zinote-historical-url-snapshot"
"05724b61ad5f3b81","Chemical Engineering Journal Advances","https://rss.sciencedirect.com/publication/science/26668211","rss.sciencedirect.com","needs-review","","zinote-historical-url-snapshot"
"5ccbac6ae212fd1f","CHEMICAL ENGINEERING RESEARCH & DESIGN","https://rss.sciencedirect.com/publication/science/02638762","rss.sciencedirect.com","needs-review","","zinote-historical-url-snapshot"
"55e0ba95474f7556","Chemical Methodologies","https://www.chemmethod.com/ju.rss","www.chemmethod.com","needs-review","","zinote-historical-url-snapshot"
"66eefc7f07cdddd6","Chemical Physics Impact","https://rss.sciencedirect.com/publication/science/26670224","rss.sciencedirect.com","needs-review","","zinote-historical-url-snapshot"
"d1d907327feeb27f","CHEMICAL PHYSICS LETTERS","https://rss.sciencedirect.com/publication/science/00092614","rss.sciencedirect.com","needs-review","","zinote-historical-url-snapshot"
"3cc0f986dbb9ece7","CHEMICKE LISTY","http://www.chemicke-listy.cz/ojs3/index.php/chemicke-listy/gateway/plugin/WebFeedGatewayPlugin/atom","www.chemicke-listy.cz","needs-review","","zinote-historical-url-snapshot"
"276ee58436f7195f","CHEMICO-BIOLOGICAL INTERACTIONS","https://rss.sciencedirect.com/publication/science/00092797","rss.sciencedirect.com","needs-review","","zinote-historical-url-snapshot"
"c757ca0ef087fd53","CHEMISTRY AND PHYSICS OF LIPIDS","https://rss.sciencedirect.com/publication/science/00093084","rss.sciencedirect.com","needs-review","","zinote-historical-url-snapshot"
"524a3815c8149340","Chemosphere","https://rss.sciencedirect.com/publication/science/00456535","rss.sciencedirect.com","needs-review","","zinote-historical-url-snapshot"
"4f2ccd2a3a34c1c7","Chilean Journal of Agricultural & Animal Sciences","http://www.scielo.cl/rss.php?pid=0719-389020250003&lang=en","www.scielo.cl","needs-review","","zinote-historical-url-snapshot"
"4b835303b55556a4","China Economic Quarterly International","https://rss.sciencedirect.com/publication/science/26669331","rss.sciencedirect.com","needs-review","","zinote-historical-url-snapshot"
"ebe14916c68bdf9e","CHINA ECONOMIC REVIEW","https://chinaeconomicreview.com/feed/","chinaeconomicreview.com","needs-review","","zinote-historical-url-snapshot"
"58a1c6e6caa0915d","China Journal of Accounting Research","https://rss.sciencedirect.com/publication/science/17553091","rss.sciencedirect.com","needs-review","","zinote-historical-url-snapshot"
"e2c8612cd4915126","Chinese Clinical Oncology","https://cco.amegroups.org//gateway/plugin/WebFeedGatewayPlugin/atom","cco.amegroups.org","needs-review","","zinote-historical-url-snapshot"
"4f99bef2d4dba654","Chinese Herbal Medicines","https://rss.sciencedirect.com/publication/science/16746384","rss.sciencedirect.com","needs-review","","zinote-historical-url-snapshot"
"124c518e3e1270e8","Chinese Journal of Catalysis","https://rss.sciencedirect.com/publication/science/18722067","rss.sciencedirect.com","needs-review","","zinote-historical-url-snapshot"
"c3aa5e161f60fc5f","CHINESE JOURNAL OF PHYSICS","https://rss.sciencedirect.com/publication/science/05779073","rss.sciencedirect.com","needs-review","","zinote-historical-url-snapshot"
"4f6e351db7aa84fb","Chinese Journal of Population Resources and Environment","https://rss.sciencedirect.com/publication/science/23254262","rss.sciencedirect.com","needs-review","","zinote-historical-url-snapshot"
"6bead01a1ca9966e","CHINESE JOURNAL OF STRUCTURAL CHEMISTRY","https://rss.sciencedirect.com/publication/science/02545861","rss.sciencedirect.com","needs-review","","zinote-historical-url-snapshot"
"a2d6367113b17c48","Chungara-Revista de Antropologia Chilena","https://www.chungara.cl/ojs/prod/index.php/chungara/gateway/plugin/WebFeedGatewayPlugin/atom","www.chungara.cl","needs-review","","zinote-historical-url-snapshot"
"8aa4d26d200fe5ae","CIENCIA E AGROTECNOLOGIA","https://www.scielo.br/journal/cagro/feed/","www.scielo.br","needs-review","","zinote-historical-url-snapshot"
"6e1ce47ac49478ac","Ciencia Juridica","https://www.cienciajuridica.ugto.mx/index.php/CJ/gateway/plugin/WebFeedGatewayPlugin/atom","www.cienciajuridica.ugto.mx","needs-review","","zinote-historical-url-snapshot"
"0e7c66930bffc47b","Ciencia UNEMI","https://ojs.unemi.edu.ec/index.php/cienciaunemi/gateway/plugin/WebFeedGatewayPlugin/atom","ojs.unemi.edu.ec","needs-review","","zinote-historical-url-snapshot"
"2c30a1fe29dbfd07","Cimexus","https://cimexus.umich.mx/index.php/cimexus/gateway/plugin/WebFeedGatewayPlugin/atom","cimexus.umich.mx","needs-review","","zinote-historical-url-snapshot"
"f1b8183ebdd65a70","CINEJ Cinema Journal","https://cinej.pitt.edu/ojs/cinej/gateway/plugin/AnnouncementFeedGatewayPlugin/atom","cinej.pitt.edu","needs-review","","zinote-historical-url-snapshot"
"6be8dcb375e9cb39","Cinta de Moebio","https://cintademoebio.uchile.cl/index.php/CDM/gateway/plugin/WebFeedGatewayPlugin/rss2","cintademoebio.uchile.cl","needs-review","","zinote-historical-url-snapshot"
"2cdd1d8ae505c308","CIRP Journal of Manufacturing Science and Technology","https://rss.sciencedirect.com/publication/science/17555817","rss.sciencedirect.com","needs-review","","zinote-historical-url-snapshot"
"6e96731418fa93c8","Cirugia Cardiovascular","https://rss.sciencedirect.com/publication/science/11340096","rss.sciencedirect.com","needs-review","","zinote-historical-url-snapshot"
"189766ce258382fc","City and Environment Interactions","https://rss.sciencedirect.com/publication/science/25902520","rss.sciencedirect.com","needs-review","","zinote-historical-url-snapshot"
"0206888039c020df","CLCWEB-Comparative Literature and Culture","https://docs.lib.purdue.edu/clcweb/recent.rss","docs.lib.purdue.edu","needs-review","","zinote-historical-url-snapshot"
"81c7ea00b398596c","Climate Risk Management","https://rss.sciencedirect.com/publication/science/22120963","rss.sciencedirect.com","needs-review","","zinote-historical-url-snapshot"
"8b10540d8cbd4941","Clinical and Experimental Gastroenterology","https://www.dovepress.com/feed/journal/34","www.dovepress.com","needs-review","","zinote-historical-url-snapshot"
"6fee89272583c066","Clinical and Experimental Reproductive Medicine-CERM","https://ecerm.org/journal/rss/xml/feed.xml","ecerm.org","needs-review","","zinote-historical-url-snapshot"
"e4ce8c378dbc1c8a","Clinical and Translational Radiation Oncology","https://rss.sciencedirect.com/publication/science/24056308","rss.sciencedirect.com","needs-review","","zinote-historical-url-snapshot"
"b1eee9afad4d2380","Clinical Colorectal Cancer","https://rss.sciencedirect.com/publication/science/15330028","rss.sciencedirect.com","needs-review","","zinote-historical-url-snapshot"
"d65cfdf700c14732","Clinical Cosmetic and Investigational Dermatology","https://www.dovepress.com/feed/journal/33","www.dovepress.com","needs-review","","zinote-historical-url-snapshot"
"a2569287145f0c96","Clinical Diabetology","https://journals.viamedica.pl/clinical_diabetology/gateway/plugin/WebFeedGatewayPlugin/atom","journals.viamedica.pl","needs-review","","zinote-historical-url-snapshot"
"7fadaded72b4215b","Clinical Interventions in Aging","https://www.dovepress.com/feed/journal/4","www.dovepress.com","needs-review","","zinote-historical-url-snapshot"
"afcdb5d42f070ecc","CLINICAL MEDICINE","https://rss.sciencedirect.com/publication/science/14702118","rss.sciencedirect.com","needs-review","","zinote-historical-url-snapshot"
"9a4279c26b450ebd","Clinical Neurophysiology Practice","https://rss.sciencedirect.com/publication/science/2467981X","rss.sciencedirect.com","needs-review","","zinote-historical-url-snapshot"
"f58d5c9b5e50675c","CLINICAL PSYCHOLOGY REVIEW","https://rss.sciencedirect.com/publication/science/02727358","rss.sciencedirect.com","needs-review","","zinote-historical-url-snapshot"
"b9ea3291f7fc3aea","Clinics in Shoulder and Elbow","https://www.cisejournal.org/journal/rss/xml/feed.xml","www.cisejournal.org","needs-review","","zinote-historical-url-snapshot"
"b8bd7d69a81ac924","Cognitive Behaviour Therapist","https://www.nacbt.org/comments/feed/","www.nacbt.org","needs-review","","zinote-historical-url-snapshot"
"7ea6f3fd121ec0bc","Cognitive Systems Research","https://rss.sciencedirect.com/publication/science/13890417","rss.sciencedirect.com","needs-review","","zinote-historical-url-snapshot"
"c6c23b675ffd07ed","Cold Spring Harbor Molecular Case Studies","https://molecularcasestudies.cshlp.org/rss/current.xml","molecularcasestudies.cshlp.org","needs-review","","zinote-historical-url-snapshot"
"0d85006cfea0d6a1","Cold Spring Harbor Perspectives in Medicine","https://perspectivesinmedicine.cshlp.org/rss/current.xml","perspectivesinmedicine.cshlp.org","needs-review","","zinote-historical-url-snapshot"
"e397f804b4fd5ecd","Collectanea Christiana Orientalia","https://journals.uco.es/cco/gateway/plugin/WebFeedGatewayPlugin/atom","journals.uco.es","needs-review","","zinote-historical-url-snapshot"
"cff724ca83393ead","COLLEGE & RESEARCH LIBRARIES","https://crl.acrl.org/index.php/crl/gateway/plugin/WebFeedGatewayPlugin/atom","crl.acrl.org","needs-review","","zinote-historical-url-snapshot"
"631e759e851f34f9","Combustion and Flame","https://rss.sciencedirect.com/publication/science/00102180","rss.sciencedirect.com","needs-review","","zinote-historical-url-snapshot"
"2ddb36d41eb7bc62","Commonwealth Journal of Local Governance","https://epress.lib.uts.edu.au/journals/index.php/cjlg/gateway/plugin/WebFeedGatewayPlugin/atom","epress.lib.uts.edu.au","needs-review","","zinote-historical-url-snapshot"
"4837fea4a4115649","Communication & Society-Spain","https://revistas.unav.edu/index.php/communication-and-society/gateway/plugin/WebFeedGatewayPlugin/atom","revistas.unav.edu","needs-review","","zinote-historical-url-snapshot"
"45ac59ba3a6488fa","Communications Biology","https://www.nature.com/commsbio.rss","www.nature.com","needs-review","","zinote-historical-url-snapshot"
"ccce1200d349b955","Communications Chemistry","https://www.nature.com/commschem.rss","www.nature.com","needs-review","","zinote-historical-url-snapshot"
"b66a0f2453e2753d","Communications Earth & Environment","https://www.nature.com/commsenv.rss","www.nature.com","needs-review","","zinote-historical-url-snapshot"
"3e2ab53d26c3b93a","Communications in Information Literacy","https://pdxscholar.library.pdx.edu/comminfolit/recent.rss","pdxscholar.library.pdx.edu","needs-review","","zinote-historical-url-snapshot"
"514cf5d1a82bcd48","Communications Materials","https://www.nature.com/commsmat.rss","www.nature.com","needs-review","","zinote-historical-url-snapshot"
"2444fef0e140fef1","Communications Medicine","https://www.nature.com/commsmed.rss","www.nature.com","needs-review","","zinote-historical-url-snapshot"
"72b5b50063267ea7","Communications of the Association for Information Systems","https://aisel.aisnet.org/cais/recent.rss","aisel.aisnet.org","needs-review","","zinote-historical-url-snapshot"
"6d6722fba1a3f864","Communications Physics","https://www.nature.com/commsphys.rss","www.nature.com","needs-review","","zinote-historical-url-snapshot"
"ecab0a2895dda89b","Comparative Population Studies","https://www.comparativepopulationstudies.de/index.php/CPoS/gateway/plugin/WebFeedGatewayPlugin/atom","www.comparativepopulationstudies.de","needs-review","","zinote-historical-url-snapshot"
"e32e90e1d1bfc81d","Complementary Therapies in Clinical Practice","https://rss.sciencedirect.com/publication/science/17443881","rss.sciencedirect.com","needs-review","","zinote-historical-url-snapshot"
"1f4122bd4818aecd","Complutense Journal of English Studies","https://revistas.ucm.es/index.php/CJES/gateway/plugin/WebFeedGatewayPlugin/atom","revistas.ucm.es","needs-review","","zinote-historical-url-snapshot"
"8fd53652a342a839","COMPOSITES SCIENCE AND TECHNOLOGY","https://rss.sciencedirect.com/publication/science/02663538","rss.sciencedirect.com","needs-review","","zinote-historical-url-snapshot"
"b8bd6e5ab7d5ff5c","Comprehensive Psychoneuroendocrinology","https://rss.sciencedirect.com/publication/science/26664976","rss.sciencedirect.com","needs-review","","zinote-historical-url-snapshot"
"ec9f1dfff7d0aaaa","Computational Condensed Matter","https://rss.sciencedirect.com/publication/science/23522143","rss.sciencedirect.com","needs-review","","zinote-historical-url-snapshot"
"0cebe2a0aa47d43f","COMPUTATIONAL MATERIALS SCIENCE","https://rss.sciencedirect.com/publication/science/09270256","rss.sciencedirect.com","needs-review","","zinote-historical-url-snapshot"
"04743ccf10b90086","COMPUTATIONAL STATISTICS & DATA ANALYSIS","https://rss.sciencedirect.com/publication/science/01679473","rss.sciencedirect.com","needs-review","","zinote-historical-url-snapshot"
"6fc9296f462e7fee","COMPUTER AIDED GEOMETRIC DESIGN","https://rss.sciencedirect.com/publication/science/01678396","rss.sciencedirect.com","needs-review","","zinote-historical-url-snapshot"
"4949bd033975c930","Computer Science-AGH","https://journals.agh.edu.pl/csci/gateway/plugin/WebFeedGatewayPlugin/atom","journals.agh.edu.pl","needs-review","","zinote-historical-url-snapshot"
"111b7f350a739b4c","COMPUTER VISION AND IMAGE UNDERSTANDING","https://rss.sciencedirect.com/publication/science/10773142","rss.sciencedirect.com","needs-review","","zinote-historical-url-snapshot"
"bcd920a73b2a4c50","COMPUTERIZED MEDICAL IMAGING AND GRAPHICS","https://rss.sciencedirect.com/publication/science/08956111","rss.sciencedirect.com","needs-review","","zinote-historical-url-snapshot"
"fe9e691a8a462c2e","COMPUTERS & CHEMICAL ENGINEERING","https://rss.sciencedirect.com/publication/science/00981354","rss.sciencedirect.com","needs-review","","zinote-historical-url-snapshot"
"7f9fcb563b36ffa9","COMPUTERS & GRAPHICS-UK","https://rss.sciencedirect.com/publication/science/00978493","rss.sciencedirect.com","needs-review","","zinote-historical-url-snapshot"
"a8f9eb76055fca71","COMPUTERS & MATHEMATICS WITH APPLICATIONS","https://rss.sciencedirect.com/publication/science/08981221","rss.sciencedirect.com","needs-review","","zinote-historical-url-snapshot"
"505195f9d5edea0d","COMPUTERS IN BIOLOGY AND MEDICINE","https://rss.sciencedirect.com/publication/science/00104825","rss.sciencedirect.com","needs-review","","zinote-historical-url-snapshot"
"2df95a8d7573d96c","COMPUTING AND INFORMATICS","https://www.cai.sk/ojs/index.php/cai/gateway/plugin/WebFeedGatewayPlugin/atom","www.cai.sk","needs-review","","zinote-historical-url-snapshot"
"15da3572fbdfd209","Conservar Patrimonio","https://conservarpatrimonio.pt/gateway/plugin/WebFeedGatewayPlugin/atom","conservarpatrimonio.pt","needs-review","","zinote-historical-url-snapshot"
"e585140356ace731","Conservation Science in Cultural Heritage","https://conservation-science.unibo.it/gateway/plugin/AnnouncementFeedGatewayPlugin/atom","conservation-science.unibo.it","needs-review","","zinote-historical-url-snapshot"
"a5dfd6b315c7ed6f","Constelaciones-Revista de Teoria Critica","https://constelaciones-rtc.net/gateway/plugin/WebFeedGatewayPlugin/atom","constelaciones-rtc.net","needs-review","","zinote-historical-url-snapshot"
"93079d8b26c8d628","Construction Economics and Building","https://epress.lib.uts.edu.au/journals/index.php/AJCEB/gateway/plugin/WebFeedGatewayPlugin/atom","epress.lib.uts.edu.au","needs-review","","zinote-historical-url-snapshot"
"e5cb074f9b23a82b","Contabilidade Gestao e Governanca","https://revistacgg.org/index.php/contabil/gateway/plugin/WebFeedGatewayPlugin/atom","revistacgg.org","needs-review","","zinote-historical-url-snapshot"
"31826a96b02d901d","Contemporanea-Revista de Sociologia da UFSCar","https://www.contemporanea.ufscar.br/index.php/contemporanea/gateway/plugin/WebFeedGatewayPlugin/atom","www.contemporanea.ufscar.br","needs-review","","zinote-historical-url-snapshot"
"273e8bcdd6b98908","Contemporary Clinical Trials Communications","https://rss.sciencedirect.com/publication/science/24518654","rss.sciencedirect.com","needs-review","","zinote-historical-url-snapshot"
"d903fa3f0893f5e3","Contemporary Mathematics","https://www.ams.org/rss/conm.rss","www.ams.org","needs-review","","zinote-historical-url-snapshot"
"9e2a6982b993835a","Contexto-Revista de la Facultad de Arquitectura Universidad Autonoma de Nuevo Leon","https://contexto.uanl.mx/index.php/contexto/gateway/plugin/WebFeedGatewayPlugin/atom","contexto.uanl.mx","needs-review","","zinote-historical-url-snapshot"
"4a8a80a2214d5f41","Contextos Educativos-Revista de Educacion","https://publicaciones.unirioja.es/ojs/index.php/contextos/gateway/plugin/WebFeedGatewayPlugin/atom","publicaciones.unirioja.es","needs-review","","zinote-historical-url-snapshot"
"3b6fb9ca33b7f4d9","Coordenadas-Revista de Historia Local y Regional","https://www2.hum.unrc.edu.ar/ojs/index.php/erasmus/gateway/plugin/WebFeedGatewayPlugin/atom","www2.hum.unrc.edu.ar","needs-review","","zinote-historical-url-snapshot"
"36bd3a2e2fbf594d","CRITICA-REVISTA HISPANOAMERICANA DE FILOSOFIA","https://critica.filosoficas.unam.mx/index.php/critica/gateway/plugin/WebFeedGatewayPlugin/atom","critica.filosoficas.unam.mx","needs-review","","zinote-historical-url-snapshot"
"c9f96f1c82fb4e97","Critical Care and Resuscitation","https://rss.sciencedirect.com/publication/science/14412772","rss.sciencedirect.com","needs-review","","zinote-historical-url-snapshot"
"ceaccec103676a71","CRITICAL REVIEWS IN ONCOLOGY HEMATOLOGY","https://rss.sciencedirect.com/publication/science/10408428","rss.sciencedirect.com","needs-review","","zinote-historical-url-snapshot"
"4d8f74cf85942757","Croatian and Comparative Public Administration","https://www.ccpa-journal.eu/index.php/ccpa/gateway/plugin/WebFeedGatewayPlugin/atom","www.ccpa-journal.eu","needs-review","","zinote-historical-url-snapshot"
"097a0c7268eea789","Croatian Operational Research Review","http://hdoi.hr/crorr-journal/?feed=rss2","hdoi.hr","needs-review","","zinote-historical-url-snapshot"
"3d9c65822683e6db","CRYSTENGCOMM","http://feeds.rsc.org/rss/ce","feeds.rsc.org","needs-review","","zinote-historical-url-snapshot"
"95e3c030fccb4072","CT&F-Ciencia Tecnologia y Futuro","https://ctyf.journal.ecopetrol.com.co/index.php/ctyf/gateway/plugin/WebFeedGatewayPlugin/atom","ctyf.journal.ecopetrol.com.co","needs-review","","zinote-historical-url-snapshot"
"bcab259c420b6c8f","Cuaderno de Notas","https://polired.upm.es/index.php/cuadernodenotas/gateway/plugin/WebFeedGatewayPlugin/atom","polired.upm.es","needs-review","","zinote-historical-url-snapshot"
"fa6a85b118747842","Cuadernos CANELA","https://www.cuadernoscanela.org/index.php/cuadernos/gateway/plugin/WebFeedGatewayPlugin/atom","www.cuadernoscanela.org","needs-review","","zinote-historical-url-snapshot"
"a7902c4fdb470427","Cuadernos de Gestion","https://ojs.ehu.eus/index.php/CG/gateway/plugin/AnnouncementFeedGatewayPlugin/atom","ojs.ehu.eus","needs-review","","zinote-historical-url-snapshot"
"cb7774fcbc308cf9","Cuadernos de Ilustracion y Romanticismo","https://revistas.uca.es/index.php/cir/gateway/plugin/WebFeedGatewayPlugin/atom","revistas.uca.es","needs-review","","zinote-historical-url-snapshot"
"cdb31c970d3eca22","Cuadernos de Investigacion Geografica","https://publicaciones.unirioja.es/ojs/index.php/cig/gateway/plugin/WebFeedGatewayPlugin/atom","publicaciones.unirioja.es","needs-review","","zinote-historical-url-snapshot"
"b7adb273e021bcf3","Cuadernos de Neuropsicologia-Panamerican Journal of Neuropsychology","https://cnps.cl/index.php/cnps/gateway/plugin/WebFeedGatewayPlugin/atom","cnps.cl","needs-review","","zinote-historical-url-snapshot"
"aba53f053bb7e9d8","Cuadernos de Proyectos Arquitectonicos","https://polired.upm.es/index.php/proyectos_arquitectonicos/gateway/plugin/WebFeedGatewayPlugin/atom","polired.upm.es","needs-review","","zinote-historical-url-snapshot"
"73ebfdbb67cd6235","Cuadernos de Trabajo Social","https://revistas.ucm.es/index.php/CUTS/gateway/plugin/WebFeedGatewayPlugin/atom","revistas.ucm.es","needs-review","","zinote-historical-url-snapshot"
"fdf811653b4dc0ef","Cuadernos de Turismo","https://revistas.um.es/turismo/gateway/plugin/WebFeedGatewayPlugin/atom","revistas.um.es","needs-review","","zinote-historical-url-snapshot"
"d149daf816967bf5","Cuadernos Europeos de Deusto","https://ced.revistas.deusto.es/gateway/plugin/WebFeedGatewayPlugin/atom","ced.revistas.deusto.es","needs-review","","zinote-historical-url-snapshot"
"77f78be8d7d62d28","Cuadernos Info","https://cuadernosinfo.uc.cl/index.php/cdi/gateway/plugin/WebFeedGatewayPlugin/atom","cuadernosinfo.uc.cl","needs-review","","zinote-historical-url-snapshot"
"df3465c8cf07fab9","CUAJ-Canadian Urological Association Journal","https://cuaj.ca/index.php/journal/gateway/plugin/WebFeedGatewayPlugin/atom","cuaj.ca","needs-review","","zinote-historical-url-snapshot"
"7a4697ab00ffa993","Cuestiones de Sociologia","https://www.cuestionessociologia.fahce.unlp.edu.ar/gateway/plugin/WebFeedGatewayPlugin/atom","www.cuestionessociologia.fahce.unlp.edu.ar","needs-review","","zinote-historical-url-snapshot"
"7579d43865b9659c","CUHSO-Cultura-Hombre-Sociedad","http://www.scielo.cl/rss.php?pid=0719-278920190002&lang=en","www.scielo.cl","needs-review","","zinote-historical-url-snapshot"
"fbd4e8bfe8e4d310","Cultura Ciencia y Deporte","https://ccd.ucam.edu/index.php/revista/gateway/plugin/AnnouncementFeedGatewayPlugin/atom","ccd.ucam.edu","needs-review","","zinote-historical-url-snapshot"
"e1f78d30614fe1e3","Cultura de los Cuidados","https://culturacuidados.ua.es/gateway/plugin/WebFeedGatewayPlugin/atom","culturacuidados.ua.es","needs-review","","zinote-historical-url-snapshot"
"6ca5737f5104e2b7","Cultura y Droga","https://revistasojs.ucaldas.edu.co/index.php/culturaydroga/gateway/plugin/WebFeedGatewayPlugin/atom","revistasojs.ucaldas.edu.co","needs-review","","zinote-historical-url-snapshot"
"bd220201e3e574bc","Current Opinion in Behavioral Sciences","https://rss.sciencedirect.com/publication/science/23521546","rss.sciencedirect.com","needs-review","","zinote-historical-url-snapshot"
"943fe8fb5c6e951c","CURRENT OPINION IN CHEMICAL BIOLOGY","https://rss.sciencedirect.com/publication/science/13675931","rss.sciencedirect.com","needs-review","","zinote-historical-url-snapshot"
"b5bfadbd6ffaff81","Current Opinion in Food Science","https://rss.sciencedirect.com/publication/science/22147993","rss.sciencedirect.com","needs-review","","zinote-historical-url-snapshot"
"348f9a91462aefde","CURRENT OPINION IN GENETICS & DEVELOPMENT","https://rss.sciencedirect.com/publication/science/0959437X","rss.sciencedirect.com","needs-review","","zinote-historical-url-snapshot"
"9fd6c07814cf18b8","Current Opinion in Green and Sustainable Chemistry","https://rss.sciencedirect.com/publication/science/24522236","rss.sciencedirect.com","needs-review","","zinote-historical-url-snapshot"
"b0e3a55fa5bcf59b","CURRENT OPINION IN PHARMACOLOGY","https://rss.sciencedirect.com/publication/science/14714892","rss.sciencedirect.com","needs-review","","zinote-historical-url-snapshot"
"1a5511ee4a30bae7","CURRENT OPINION IN PLANT BIOLOGY","https://rss.sciencedirect.com/publication/science/13695266","rss.sciencedirect.com","needs-review","","zinote-historical-url-snapshot"
"293528cf6c1dbb0b","CURRENT OPINION IN SOLID STATE & MATERIALS SCIENCE","https://rss.sciencedirect.com/publication/science/13590286","rss.sciencedirect.com","needs-review","","zinote-historical-url-snapshot"
"6e64d44db43df0df","Current Opinion in Virology","https://rss.sciencedirect.com/publication/science/18796257","rss.sciencedirect.com","needs-review","","zinote-historical-url-snapshot"
"4d7acb530fdddc0a","CURRENT PROBLEMS IN CANCER","https://rss.sciencedirect.com/publication/science/01470272","rss.sciencedirect.com","needs-review","","zinote-historical-url-snapshot"
"b43cd395e6aca69a","Current Problems in Diagnostic Radiology","https://rss.sciencedirect.com/publication/science/03630188","rss.sciencedirect.com","needs-review","","zinote-historical-url-snapshot"
"0d7ec27e19d4c295","Current Problems in Pediatric and Adolescent Health Care","https://rss.sciencedirect.com/publication/science/15385442","rss.sciencedirect.com","needs-review","","zinote-historical-url-snapshot"
"826e6b7cf970aaa1","Current Research in Insect Science","https://rss.sciencedirect.com/publication/science/26665158","rss.sciencedirect.com","needs-review","","zinote-historical-url-snapshot"
"8826eb8c787130dc","Current Research in Microbial Sciences","https://rss.sciencedirect.com/publication/science/26665174","rss.sciencedirect.com","needs-review","","zinote-historical-url-snapshot"
"c89a3af63227d94b","Current Research in Physiology","https://rss.sciencedirect.com/publication/science/26659441","rss.sciencedirect.com","needs-review","","zinote-historical-url-snapshot"
"961bad0b8a6830e9","Cyberpsychology-Journal of Psychosocial Research on Cyberspace","https://cyberpsychology.eu/gateway/plugin/WebFeedGatewayPlugin/atom","cyberpsychology.eu","needs-review","","zinote-historical-url-snapshot"
"e79bf025b39176a7","CYTOKINE","https://rss.sciencedirect.com/publication/science/10434666","rss.sciencedirect.com","needs-review","","zinote-historical-url-snapshot"
"1b30edfabb9af694","CYTOKINE & GROWTH FACTOR REVIEWS","https://rss.sciencedirect.com/publication/science/13596101","rss.sciencedirect.com","needs-review","","zinote-historical-url-snapshot"
"95ba1128f0330e05","Czech Polar Reports","https://journals.muni.cz/CPR/gateway/plugin/WebFeedGatewayPlugin/atom","journals.muni.cz","needs-review","","zinote-historical-url-snapshot"
"31f4b10e99a20039","Czech-Polish Historical and Pedagogical Journal","https://journals.muni.cz/cphpjournal/gateway/plugin/WebFeedGatewayPlugin/atom","journals.muni.cz","needs-review","","zinote-historical-url-snapshot"
"d3f6e60fbfa477fe","Dalhousie Journal of Interdisciplinary Management","https://ojs.library.dal.ca/djim/gateway/plugin/WebFeedGatewayPlugin/atom","ojs.library.dal.ca","needs-review","","zinote-historical-url-snapshot"
"ef5fef15b5a637fb","DALHOUSIE REVIEW","https://ojs.library.dal.ca/dalhousiereview/gateway/plugin/WebFeedGatewayPlugin/atom","ojs.library.dal.ca","needs-review","","zinote-historical-url-snapshot"
"fae3e8f323cca478","DALTON TRANSACTIONS","http://feeds.rsc.org/rss/dt","feeds.rsc.org","needs-review","","zinote-historical-url-snapshot"
"62cb4e20b18bc33b","Danza e Ricerca-Laboratorio di Studi Scritture Visioni","https://danzaericerca.unibo.it/gateway/plugin/AnnouncementFeedGatewayPlugin/atom","danzaericerca.unibo.it","needs-review","","zinote-historical-url-snapshot"
"cb12fe59d1dc70ef","Data","https://ourworldindata.org/atom.xml","ourworldindata.org","needs-review","","zinote-historical-url-snapshot"
"d151bdb19fdeb9c6","DATA BASE FOR ADVANCES IN INFORMATION SYSTEMS","https://sigmis.org/comments/feed/","sigmis.org","needs-review","","zinote-historical-url-snapshot"
"74480700971a45d1","Debate Universitario","https://debate.revistasuai.ar/index.php/debate/gateway/plugin/WebFeedGatewayPlugin/atom","debate.revistasuai.ar","needs-review","","zinote-historical-url-snapshot"
"828c1b382ab86662","Debates en Sociologia","https://revistas.pucp.edu.pe/index.php/debatesensociologia/gateway/plugin/WebFeedGatewayPlugin/atom","revistas.pucp.edu.pe","needs-review","","zinote-historical-url-snapshot"
"05ec9aa3f8fac8eb","Debats-Revista de Cultura Poder i Societat","https://revistadebats.net/gateway/plugin/WebFeedGatewayPlugin/atom","revistadebats.net","needs-review","","zinote-historical-url-snapshot"
"0c135b26b9d061d1","Demographic Research","https://www.demographic-research.org/dr.rss","www.demographic-research.org","needs-review","","zinote-historical-url-snapshot"
"22a162b9c8142666","DENDROCHRONOLOGIA","https://rss.sciencedirect.com/publication/science/11257865","rss.sciencedirect.com","needs-review","","zinote-historical-url-snapshot"
"423c743820e2775b","DESALINATION","https://rss.sciencedirect.com/publication/science/00119164","rss.sciencedirect.com","needs-review","","zinote-historical-url-snapshot"
"66b4c7af1bfcb14c","Design Studies","https://rss.sciencedirect.com/publication/science/0142694X","rss.sciencedirect.com","needs-review","","zinote-historical-url-snapshot"
"7b1f3d4733e7ad02","DEVELOPMENTAL AND COMPARATIVE IMMUNOLOGY","https://rss.sciencedirect.com/publication/science/0145305X","rss.sciencedirect.com","needs-review","","zinote-historical-url-snapshot"
"a3b294c1569c530b","Developmental Cognitive Neuroscience","https://rss.sciencedirect.com/publication/science/18789293","rss.sciencedirect.com","needs-review","","zinote-historical-url-snapshot"
"a2a9eddcb019d80c","DEVELOPMENTAL REVIEW","https://rss.sciencedirect.com/publication/science/02732297","rss.sciencedirect.com","needs-review","","zinote-historical-url-snapshot"
"738bd84e5a2f35f1","DIABETES & METABOLISM","https://rss.sciencedirect.com/publication/science/12623636","rss.sciencedirect.com","needs-review","","zinote-historical-url-snapshot"
"a27ca8da8c0f097c","Diabetes Metabolic Syndrome and Obesity","https://www.dovepress.com/feed/journal/32","www.dovepress.com","needs-review","","zinote-historical-url-snapshot"
"b34bc589ea38ee14","DIABETES RESEARCH AND CLINICAL PRACTICE","https://rss.sciencedirect.com/publication/science/01688227","rss.sciencedirect.com","needs-review","","zinote-historical-url-snapshot"
"a68836f2b654404f","Dialogic Pedagogy","https://dpj.pitt.edu/ojs/dpj1/gateway/plugin/WebFeedGatewayPlugin/atom","dpj.pitt.edu","needs-review","","zinote-historical-url-snapshot"
"fe96324085f640eb","Diametros","https://diametros.uj.edu.pl/diametros/en/gateway/plugin/WebFeedGatewayPlugin/atom","diametros.uj.edu.pl","needs-review","","zinote-historical-url-snapshot"
"6a112c68951d36ef","DIAMOND AND RELATED MATERIALS","https://rss.sciencedirect.com/publication/science/09259635","rss.sciencedirect.com","needs-review","","zinote-historical-url-snapshot"
"a3ba17f755504e96","Didactica de las Ciencias Experimentales y Sociales","https://ojs.uv.es/index.php/dces/gateway/plugin/WebFeedGatewayPlugin/atom","ojs.uv.es","needs-review","","zinote-historical-url-snapshot"
"564931983071e528","DIFFERENTIAL GEOMETRY AND ITS APPLICATIONS","https://rss.sciencedirect.com/publication/science/09262245","rss.sciencedirect.com","needs-review","","zinote-historical-url-snapshot"
"d5b4d254befa5fbe","DIFFERENTIATION","https://rss.sciencedirect.com/publication/science/03014681","rss.sciencedirect.com","needs-review","","zinote-historical-url-snapshot"
"60fbca0677e78738","digitAR-Revista Digital de Arqueologia Arquitectura e Artes-Digital Journal of Archaeology Architecture and Arts","https://impactum-journals.uc.pt/digitar/gateway/plugin/WebFeedGatewayPlugin/atom","impactum-journals.uc.pt","needs-review","","zinote-historical-url-snapshot"
"b56165e16df45fbe","DISCRETE MATHEMATICS AND THEORETICAL COMPUTER SCIENCE","https://dmtcs.episciences.org/rss/papers","dmtcs.episciences.org","needs-review","","zinote-historical-url-snapshot"
"eb71b076f295e68a","DM DISEASE-A-MONTH","https://rss.sciencedirect.com/publication/science/00115029","rss.sciencedirect.com","needs-review","","zinote-historical-url-snapshot"
"2269e7aa0e4dce8d","DNA REPAIR","https://rss.sciencedirect.com/publication/science/15687864","rss.sciencedirect.com","needs-review","","zinote-historical-url-snapshot"
"cdabd89347a46bb8","Documenti Geografici","https://www.documentigeografici.it/index.php/docugeo/gateway/plugin/WebFeedGatewayPlugin/atom","www.documentigeografici.it","needs-review","","zinote-historical-url-snapshot"
"17aa692cef4dc55c","Doxa-Cuadernos de Filosofia y Derecho","https://doxa.ua.es/gateway/plugin/WebFeedGatewayPlugin/atom","doxa.ua.es","needs-review","","zinote-historical-url-snapshot"
"824afded1e76103c","DRUG AND ALCOHOL DEPENDENCE","https://rss.sciencedirect.com/publication/science/03768716","rss.sciencedirect.com","needs-review","","zinote-historical-url-snapshot"
"206e9817d82232be","Drug Design Development and Therapy","https://www.dovepress.com/feed/journal/19","www.dovepress.com","needs-review","","zinote-historical-url-snapshot"
"20d3848dc65d40f3","Drug Healthcare and Patient Safety","https://www.dovepress.com/feed/journal/44","www.dovepress.com","needs-review","","zinote-historical-url-snapshot"
"df11ac7a54e4b863","E-Latina-Revista Electronica de Estudios Latinoamericanos","https://publicaciones.sociales.uba.ar/index.php/elatina/gateway/plugin/WebFeedGatewayPlugin/atom","publicaciones.sociales.uba.ar","needs-review","","zinote-historical-url-snapshot"
"19c91ddebb7f4446","EARLY HUMAN DEVELOPMENT","https://rss.sciencedirect.com/publication/science/03783782","rss.sciencedirect.com","needs-review","","zinote-historical-url-snapshot"
"510b809a798c6a98","Early Theatre","https://earlytheatre.org/gateway/plugin/WebFeedGatewayPlugin/atom","earlytheatre.org","needs-review","","zinote-historical-url-snapshot"
"685bf1978b4ea649","East Asian Journal on Applied Mathematics","https://global-sci.com/EAJAM/gateway/plugin/WebFeedGatewayPlugin/atom","global-sci.com","needs-review","","zinote-historical-url-snapshot"
"2292f0a6f5b8f8bb","Eating Behaviors","https://rss.sciencedirect.com/publication/science/14710153","rss.sciencedirect.com","needs-review","","zinote-historical-url-snapshot"
"9c07987e09349d27","ECOHYDROLOGY & HYDROBIOLOGY","https://rss.sciencedirect.com/publication/science/16423593","rss.sciencedirect.com","needs-review","","zinote-historical-url-snapshot"
"85eed705a3213003","ECOLOGICAL ENGINEERING","https://rss.sciencedirect.com/publication/science/09258574","rss.sciencedirect.com","needs-review","","zinote-historical-url-snapshot"
"8dc276ee2c90e962","Ecological Indicators","https://rss.sciencedirect.com/publication/science/1470160X","rss.sciencedirect.com","needs-review","","zinote-historical-url-snapshot"
"68aa7b0b3611ac88","Ecological Informatics","https://rss.sciencedirect.com/publication/science/15749541","rss.sciencedirect.com","needs-review","","zinote-historical-url-snapshot"
"7ae7421bf28b90cc","Econ Journal Watch","https://econjwatch.org/atom/","econjwatch.org","needs-review","","zinote-historical-url-snapshot"
"df25ab70b7c34aff","Econometrics","https://rss.sciencedirect.com/publication/science/24523062","rss.sciencedirect.com","needs-review","","zinote-historical-url-snapshot"
"dbb5121e6958e4cf","Economia Sociedad y Territorio","https://est.cmq.edu.mx/index.php/est/gateway/plugin/WebFeedGatewayPlugin/atom","est.cmq.edu.mx","needs-review","","zinote-historical-url-snapshot"
"5a687a3ac4e56099","Economics and Business Letters","https://journal.privietlab.org/index.php/JEBL/gateway/plugin/WebFeedGatewayPlugin/atom","journal.privietlab.org","needs-review","","zinote-historical-url-snapshot"
"af132552c272c081","Economics Ecology Socium","https://ees-journal.com/index.php/journal/gateway/plugin/WebFeedGatewayPlugin/atom","ees-journal.com","needs-review","","zinote-historical-url-snapshot"
"f5155f7a1904c965","ECONOMICS OF EDUCATION REVIEW","https://rss.sciencedirect.com/publication/science/02727757","rss.sciencedirect.com","needs-review","","zinote-historical-url-snapshot"
"a78e3262fe4a53f6","Economics of Peace and Security Journal","https://www.epsjournal.org.uk/index.php/EPSJ/gateway/plugin/WebFeedGatewayPlugin/atom","www.epsjournal.org.uk","needs-review","","zinote-historical-url-snapshot"
"e8248cfb98720690","Economics of Transportation","https://rss.sciencedirect.com/publication/science/22120122","rss.sciencedirect.com","needs-review","","zinote-historical-url-snapshot"
"4f5c6993938cd702","Educacion Fisica y Ciencia","https://efyc.fahce.unlp.edu.ar/gateway/plugin/AnnouncementFeedGatewayPlugin/atom","efyc.fahce.unlp.edu.ar","needs-review","","zinote-historical-url-snapshot"
"285b9d12562ccad8","Eixo e a Roda-Revista de Literatura Brasileira","http://periodicos.letras.ufmg.br/index.php/o_eixo_ea_roda/gateway/plugin/WebFeedGatewayPlugin/atom","periodicos.letras.ufmg.br","needs-review","","zinote-historical-url-snapshot"
"43563911d7328fbe","Ekonomia i Prawo-Economics and Law","https://apcz.umk.pl/EiP/gateway/plugin/WebFeedGatewayPlugin/atom","apcz.umk.pl","needs-review","","zinote-historical-url-snapshot"
"56553b55ca8db137","Ekonomia i Srodowisko-Economics and Environment","https://ekonomiaisrodowisko.pl/journal/gateway/plugin/AnnouncementFeedGatewayPlugin/atom","ekonomiaisrodowisko.pl","needs-review","","zinote-historical-url-snapshot"
"4180fca34db6f07a","ELECTORAL STUDIES","https://rss.sciencedirect.com/publication/science/02613794","rss.sciencedirect.com","needs-review","","zinote-historical-url-snapshot"
"06ba13698909aab7","Electrical Engineering & Electromechanics","https://eie.khpi.edu.ua/gateway/plugin/WebFeedGatewayPlugin/atom","eie.khpi.edu.ua","needs-review","","zinote-historical-url-snapshot"
"003ae7f75d61ae9c","ELECTROCHIMICA ACTA","https://rss.sciencedirect.com/publication/science/00134686","rss.sciencedirect.com","needs-review","","zinote-historical-url-snapshot"
"ded2b1dd3388842e","Electronic Journal of Graph Theory and Applications","https://www.ejgta.org/index.php/ejgta/gateway/plugin/WebFeedGatewayPlugin/atom","www.ejgta.org","needs-review","","zinote-historical-url-snapshot"
"eda13bcfa201231f","eLife","https://elifesciences.org/rss/recent.xml","elifesciences.org","needs-review","","zinote-historical-url-snapshot"
"6ae6fd62695d602f","Elos-Revista de Literatura Infantil e Xuvenil","https://liter21.usc.gal/comments/feed","liter21.usc.gal","needs-review","","zinote-historical-url-snapshot"
"500661d09671aa8f","Em Questao","https://seer.ufrgs.br/index.php/EmQuestao/gateway/plugin/AnnouncementFeedGatewayPlugin/atom","seer.ufrgs.br","needs-review","","zinote-historical-url-snapshot"
"7bc9f4968396acd4","Emerging Markets Review","https://rss.sciencedirect.com/publication/science/15660141","rss.sciencedirect.com","needs-review","","zinote-historical-url-snapshot"
"5f362dbde3b7d2d6","EMITTER-International Journal of Engineering Technology","https://emitter.pens.ac.id/index.php/emitter/gateway/plugin/WebFeedGatewayPlugin/atom","emitter.pens.ac.id","needs-review","","zinote-historical-url-snapshot"
"17227fc146c23d33","Empedocles-European Journal for the Philosophy of Communication","https://callisto.newgen.co/intellect/index.php/EJPC/gateway/plugin/WebFeedGatewayPlugin/atom","callisto.newgen.co","needs-review","","zinote-historical-url-snapshot"
"b9bd709d41310e90","Encounters in Theory and History of Education","https://ojs.library.queensu.ca/index.php/encounters/gateway/plugin/WebFeedGatewayPlugin/atom","ojs.library.queensu.ca","needs-review","","zinote-historical-url-snapshot"
"30a3d7e55a4e5b2b","Endokrynologia Polska","https://journals.viamedica.pl/endokrynologia_polska/gateway/plugin/WebFeedGatewayPlugin/atom","journals.viamedica.pl","needs-review","","zinote-historical-url-snapshot"
"d93f1681e57842ed","Energetic Materials Frontiers","https://rss.sciencedirect.com/publication/science/26666472","rss.sciencedirect.com","needs-review","","zinote-historical-url-snapshot"
"8cc41e485f867b79","Energy and AI","https://rss.sciencedirect.com/publication/science/26665468","rss.sciencedirect.com","needs-review","","zinote-historical-url-snapshot"
"0a2c40a271ebd17a","Energy and Climate Change","https://rss.sciencedirect.com/publication/science/26662787","rss.sciencedirect.com","needs-review","","zinote-historical-url-snapshot"
"efcf1de2a596090c","Energy Economics","https://rss.sciencedirect.com/publication/science/01409883","rss.sciencedirect.com","needs-review","","zinote-historical-url-snapshot"
"01bc7c07ea9f1d40","EnergyChem","https://rss.sciencedirect.com/publication/science/25897780","rss.sciencedirect.com","needs-review","","zinote-historical-url-snapshot"
"8476cb2b7a945cdd","Enfermeria Intensiva","https://rss.sciencedirect.com/publication/science/11302399","rss.sciencedirect.com","needs-review","","zinote-historical-url-snapshot"
"cff031418c6bb986","Enfoque UTE","http://scielo.senescyt.gob.ec/rss.php?pid=1390-654220260001&lang=en","scielo.senescyt.gob.ec","needs-review","","zinote-historical-url-snapshot"
"00b1d91402b9dd32","Engaging Science Technology and Society","https://estsjournal.org/index.php/ests/gateway/plugin/WebFeedGatewayPlugin/atom","estsjournal.org","needs-review","","zinote-historical-url-snapshot"
"3781204fe5052d08","Engenharia Agricola","https://www.scielo.br/journal/eagri/feed/","www.scielo.br","needs-review","","zinote-historical-url-snapshot"
"9a2cd8e03fe26211","Engineer-Journal of the Institution of Engineers Sri Lanka","https://account.engineer.sljol.info/index.php/sljo-j-ejiesl/gateway/plugin/WebFeedGatewayPlugin/atom","account.engineer.sljol.info","needs-review","","zinote-historical-url-snapshot"
"a6c65c3a9bd34639","ENGINEERING FRACTURE MECHANICS","https://rss.sciencedirect.com/publication/science/00137944","rss.sciencedirect.com","needs-review","","zinote-historical-url-snapshot"
"bf7c8379ef8c6eaf","ENGINEERING STRUCTURES","https://rss.sciencedirect.com/publication/science/01410296","rss.sciencedirect.com","needs-review","","zinote-historical-url-snapshot"
"bb3d03820341a021","ENGLISH FOR SPECIFIC PURPOSES","https://rss.sciencedirect.com/publication/science/08894906","rss.sciencedirect.com","needs-review","","zinote-historical-url-snapshot"
"a21ef44f87d698ae","Ensayos-Revista de la Facultad de Educacion de Albacete","https://revista.uclm.es/index.php/ensayos/gateway/plugin/WebFeedGatewayPlugin/atom","revista.uclm.es","needs-review","","zinote-historical-url-snapshot"
"0478eda6b370f378","Entertainment Computing","https://rss.sciencedirect.com/publication/science/18759521","rss.sciencedirect.com","needs-review","","zinote-historical-url-snapshot"
"9f10aef4f5b48f96","ENTRE CIENCIA E INGENIERIA","https://revistas.ucp.edu.co/index.php/entrecienciaeingenieria/gateway/plugin/WebFeedGatewayPlugin/atom","revistas.ucp.edu.co","needs-review","","zinote-historical-url-snapshot"
"86620bd00bf62c5e","Entrepalavras","http://www.entrepalavras.ufc.br/revista/index.php/Revista/gateway/plugin/WebFeedGatewayPlugin/atom","www.entrepalavras.ufc.br","needs-review","","zinote-historical-url-snapshot"
"6919f81f2d8e2191","Environmental Chemistry and Ecotoxicology","https://rss.sciencedirect.com/publication/science/25901826","rss.sciencedirect.com","needs-review","","zinote-historical-url-snapshot"
"22bc6ffdaf8d7296","Environmental Development","https://rss.sciencedirect.com/publication/science/22114645","rss.sciencedirect.com","needs-review","","zinote-historical-url-snapshot"
"8e6bacda025897cb","Environmental Engineering and Management Journal","http://www.eemj.eu/index.php/EEMJ/gateway/plugin/WebFeedGatewayPlugin/atom","www.eemj.eu","needs-review","","zinote-historical-url-snapshot"
"0d32e7b3f7a6c01a","ENVIRONMENTAL HISTORY","https://www.journals.uchicago.edu/action/showFeed?type=etoc&feed=rss&jc=eh","www.journals.uchicago.edu","needs-review","","zinote-historical-url-snapshot"
"00fb1a8957a33d56","Environmental Innovation and Societal Transitions","https://rss.sciencedirect.com/publication/science/22104224","rss.sciencedirect.com","needs-review","","zinote-historical-url-snapshot"
"b9c6fd2bcd747a6c","ENVIRONMENTAL MODELLING & SOFTWARE","https://rss.sciencedirect.com/publication/science/13648152","rss.sciencedirect.com","needs-review","","zinote-historical-url-snapshot"
"0a73c21e3826dabe","Environmental Science and Ecotechnology","https://rss.sciencedirect.com/publication/science/26664984","rss.sciencedirect.com","needs-review","","zinote-historical-url-snapshot"
"cb11cc95d3c25f5f","Epekeina-International Journal of Ontology History and Critics","http://www.ricercafilosofica.it/epekeina/index.php/epekeina/gateway/plugin/AnnouncementFeedGatewayPlugin/atom","www.ricercafilosofica.it","needs-review","","zinote-historical-url-snapshot"
"79709955ed7ac86d","EPILEPSY RESEARCH","https://rss.sciencedirect.com/publication/science/09201211","rss.sciencedirect.com","needs-review","","zinote-historical-url-snapshot"
"5abb813f3eab9fce","Equilibrium-Quarterly Journal of Economics and Economic Policy","https://economic-policy.pl/index.php/eq/gateway/plugin/WebFeedGatewayPlugin/atom","economic-policy.pl","needs-review","","zinote-historical-url-snapshot"
"1baf8b66b6773009","ERCIM News","https://ercim-news.ercim.eu/?format=feed&type=rss","ercim-news.ercim.eu","needs-review","","zinote-historical-url-snapshot"
"9a8904c759eeb24a","Erdkunde","https://www.erdkunde.uni-bonn.de/gateway/plugin/WebFeedGatewayPlugin/atom","www.erdkunde.uni-bonn.de","needs-review","","zinote-historical-url-snapshot"
"02710a1f2ecc621d","Ergo-An Open Access Journal of Philosophy","https://journals.publishing.umich.edu/ergo/feed/","journals.publishing.umich.edu","needs-review","","zinote-historical-url-snapshot"
"9bfd0524b86e49a2","Espacio Tiempo y Forma Serie VII-Historia del Arte","https://revistas.uned.es/index.php/ETFVII/gateway/plugin/AnnouncementFeedGatewayPlugin/atom","revistas.uned.es","needs-review","","zinote-historical-url-snapshot"
"f789ddb75f625a49","Espacios en Blanco-Serie Indagaciones","https://www.scielo.org.ar/rss.php?pid=1515-948520260001&lang=en","www.scielo.org.ar","needs-review","","zinote-historical-url-snapshot"
"b83eafd7be625ff8","ESPES-The Slovak Journal of Aesthetics","https://espes.ff.unipo.sk/index.php/espes/gateway/plugin/WebFeedGatewayPlugin/atom","espes.ff.unipo.sk","needs-review","","zinote-historical-url-snapshot"
"78e7ea46c30f049a","ESTUARINE COASTAL AND SHELF SCIENCE","https://rss.sciencedirect.com/publication/science/02727714","rss.sciencedirect.com","needs-review","","zinote-historical-url-snapshot"
"192647de65f95cb7","Estudios de Asia y Africa","https://estudiosdeasiayafrica.colmex.mx/index.php/eaa/es/gateway/plugin/WebFeedGatewayPlugin/atom","estudiosdeasiayafrica.colmex.mx","needs-review","","zinote-historical-url-snapshot"
"85d4518443964f05","Estudios de Cultura Maya","https://revistas-filologicas.unam.mx/estudios-cultura-maya/index.php/ecm/gateway/plugin/WebFeedGatewayPlugin/atom","revistas-filologicas.unam.mx","needs-review","","zinote-historical-url-snapshot"
"ba1f97a8daef7487","Estudios de Historia Moderna y Contemporanea de Mexico","https://moderna.historicas.unam.mx/index.php/ehm/gateway/plugin/WebFeedGatewayPlugin/atom","moderna.historicas.unam.mx","needs-review","","zinote-historical-url-snapshot"
"131c033d6673150d","Estudios de Historia Novohispana","https://novohispana.historicas.unam.mx/index.php/ehn/gateway/plugin/WebFeedGatewayPlugin/atom","novohispana.historicas.unam.mx","needs-review","","zinote-historical-url-snapshot"
"fdfe12940d6f00e7","Estudios de Linguistica-Universidad de Alicante-ELUA","https://revistaelua.ua.es/gateway/plugin/WebFeedGatewayPlugin/atom","revistaelua.ua.es","needs-review","","zinote-historical-url-snapshot"
"3d7d908da4eca75a","Estudios de Teoria Literaria-Revista Digital-Artes Letras Humanidades","https://fh.mdp.edu.ar/revistas/index.php/etl/gateway/plugin/WebFeedGatewayPlugin/atom","fh.mdp.edu.ar","needs-review","","zinote-historical-url-snapshot"
"2f4b60420eeab184","Estudios del Habitat","https://revistas.unlp.edu.ar/Habitat/gateway/plugin/WebFeedGatewayPlugin/atom","revistas.unlp.edu.ar","needs-review","","zinote-historical-url-snapshot"
"83df3b5fa7b040ee","Estudios Demograficos y Urbanos","https://estudiosdemograficosyurbanos.colmex.mx/index.php/edu/es/gateway/plugin/WebFeedGatewayPlugin/atom","estudiosdemograficosyurbanos.colmex.mx","needs-review","","zinote-historical-url-snapshot"
"7b1af0e03ec4ca3a","ESTUDIOS FILOLOGICOS","http://www.scielo.cl/rss.php?pid=0071-171320250002&lang=en","www.scielo.cl","needs-review","","zinote-historical-url-snapshot"
"fac0f16e916a1dcf","Estudios Fronterizos","https://ref.uabc.mx/ojs/index.php/ref/gateway/plugin/WebFeedGatewayPlugin/atom","ref.uabc.mx","needs-review","","zinote-historical-url-snapshot"
"4c48aca6f192f5e4","Estudos de Literatura Brasileira Contemporanea","https://periodicos.unb.br/index.php/estudos/gateway/plugin/WebFeedGatewayPlugin/atom","periodicos.unb.br","needs-review","","zinote-historical-url-snapshot"
"cd20605df0e7c56c","Ethnobiology and Conservation","https://ethnobioconservation.com/ebc/gateway/plugin/AnnouncementFeedGatewayPlugin/atom","ethnobioconservation.com","needs-review","","zinote-historical-url-snapshot"
"7f341a73a3e9cf69","Ethnologia Scandinavica","https://publicera.kb.se/ethsc/gateway/plugin/WebFeedGatewayPlugin/atom","publicera.kb.se","needs-review","","zinote-historical-url-snapshot"
"bbad021a272fe632","Etikk i Praksis","https://www.ntnu.no/ojs/index.php/etikk_i_praksis/gateway/plugin/WebFeedGatewayPlugin/atom","www.ntnu.no","needs-review","","zinote-historical-url-snapshot"
"31b90d1fcd6f3c7d","eTransportation","https://rss.sciencedirect.com/publication/science/25901168","rss.sciencedirect.com","needs-review","","zinote-historical-url-snapshot"
"51718c55d56a5710","Etudes Ricoeuriennes-Ricoeur Studies","https://ricoeur.pitt.edu/ojs/ricoeur/gateway/plugin/AnnouncementFeedGatewayPlugin/atom","ricoeur.pitt.edu","needs-review","","zinote-historical-url-snapshot"
"2bdb857852bac80a","Etudes Romanes de Brno","https://journals.phil.muni.cz/erb/gateway/plugin/WebFeedGatewayPlugin/atom","journals.phil.muni.cz","needs-review","","zinote-historical-url-snapshot"
"05b20e86c0730b1e","Eurasian Chemico-Technological Journal","https://ect-journal.kz/index.php/ectj/gateway/plugin/WebFeedGatewayPlugin/atom","ect-journal.kz","needs-review","","zinote-historical-url-snapshot"
"3fb7287c169bc304","Eurasian Journal of Applied Linguistics","https://ejal.info/feed/","ejal.info","needs-review","","zinote-historical-url-snapshot"
"8b6f4dbf1637ea81","Eurasian Journal of Medicine","https://eajm.org/index.php/pub/gateway/plugin/WebFeedGatewayPlugin/atom","eajm.org","needs-review","","zinote-historical-url-snapshot"
"46860ba865269c23","EURE-REVISTA LATINOAMERICANA DE ESTUDIOS URBANO REGIONALES","https://revistaschilenas.uchile.cl/feed/rss_1.0/2250/6593","revistaschilenas.uchile.cl","needs-review","","zinote-historical-url-snapshot"
"fbdf2ee0a84aeaf2","Eureka-Revista Cientifica de Psicologia","https://ojs.psicoeureka.com.py/index.php/eureka/gateway/plugin/WebFeedGatewayPlugin/atom","ojs.psicoeureka.com.py","needs-review","","zinote-historical-url-snapshot"
"ce1afbc7f8f4d073","EURO Journal on Decision Processes","https://rss.sciencedirect.com/publication/science/21939438","rss.sciencedirect.com","needs-review","","zinote-historical-url-snapshot"
"0f4b4b0f887cc2dd","EURO Journal on Transportation and Logistics","https://rss.sciencedirect.com/publication/science/21924376","rss.sciencedirect.com","needs-review","","zinote-historical-url-snapshot"
"b5f27d0d6e8672cf","EUROPEAN ECONOMIC REVIEW","https://rss.sciencedirect.com/publication/science/00142921","rss.sciencedirect.com","needs-review","","zinote-historical-url-snapshot"
"d25c7530b74939c9","European Endodontic Journal","https://eurendodj.com/index.php/pub/gateway/plugin/WebFeedGatewayPlugin/atom","eurendodj.com","needs-review","","zinote-historical-url-snapshot"
"ce25188e53188a3a","European Journal for Research on the Education and Learning of Adults","https://rela.ep.liu.se/gateway/plugin/WebFeedGatewayPlugin/atom","rela.ep.liu.se","needs-review","","zinote-historical-url-snapshot"
"643c87772c8c4ae7","EUROPEAN JOURNAL OF CELL BIOLOGY","https://rss.sciencedirect.com/publication/science/01719335","rss.sciencedirect.com","needs-review","","zinote-historical-url-snapshot"
"2da914d47168e8ea","EUROPEAN JOURNAL OF CLINICAL NUTRITION","https://www.nature.com/ejcn.rss","www.nature.com","needs-review","","zinote-historical-url-snapshot"
"6edbff91fafd4b5a","EUROPEAN JOURNAL OF CONTROL","https://rss.sciencedirect.com/publication/science/09473580","rss.sciencedirect.com","needs-review","","zinote-historical-url-snapshot"
"3b2224e648330091","EUROPEAN JOURNAL OF HUMAN GENETICS","https://www.nature.com/ejhg.rss","www.nature.com","needs-review","","zinote-historical-url-snapshot"
"fe6afd51fb33443f","EUROPEAN JOURNAL OF MECHANICS B-FLUIDS","https://rss.sciencedirect.com/publication/science/09977546","rss.sciencedirect.com","needs-review","","zinote-historical-url-snapshot"
"bfdb69eacc1d1bbd","European Journal of Medical Genetics","https://rss.sciencedirect.com/publication/science/17697212","rss.sciencedirect.com","needs-review","","zinote-historical-url-snapshot"
"5a556b065b639232","European Journal of Obstetrics & Gynecology and Reproductive Biology-X","https://rss.sciencedirect.com/publication/science/03012115","rss.sciencedirect.com","needs-review","","zinote-historical-url-snapshot"
"3d1cee11ef2bd04d","European Journal of Oncology Nursing","https://rss.sciencedirect.com/publication/science/14623889","rss.sciencedirect.com","needs-review","","zinote-historical-url-snapshot"
"7add169940c6aefc","EUROPEAN JOURNAL OF PSYCHIATRY","https://rss.sciencedirect.com/publication/science/02136163","rss.sciencedirect.com","needs-review","","zinote-historical-url-snapshot"
"fc5fc2d8a45fc40c","European Journal of Rheumatology","https://eurjrheumatol.org/index.php/pub/gateway/plugin/WebFeedGatewayPlugin/atom","eurjrheumatol.org","needs-review","","zinote-historical-url-snapshot"
"d165b1768c63a1ff","European Journal of Taxonomy","https://europeanjournaloftaxonomy.eu/index.php/ejt/gateway/plugin/WebFeedGatewayPlugin/atom","europeanjournaloftaxonomy.eu","needs-review","","zinote-historical-url-snapshot"
"22b03c67a3793afb","European Journal of Therapeutics","https://eurjther.com/index.php/home/gateway/plugin/WebFeedGatewayPlugin/atom","eurjther.com","needs-review","","zinote-historical-url-snapshot"
"6dc22600e4845a94","European Journal of Tourism Research","https://ejtr.vumk.eu/index.php/about/gateway/plugin/WebFeedGatewayPlugin/atom","ejtr.vumk.eu","needs-review","","zinote-historical-url-snapshot"
"83d55312b9510abf","EUROPEAN NEUROPSYCHOPHARMACOLOGY","https://rss.sciencedirect.com/publication/science/0924977X","rss.sciencedirect.com","needs-review","","zinote-historical-url-snapshot"
"a0857602323c3f68","EUROPEAN POLYMER JOURNAL","https://rss.sciencedirect.com/publication/science/00143057","rss.sciencedirect.com","needs-review","","zinote-historical-url-snapshot"
"ad7fe3573c0b07d9","EUROPEAN REVIEW OF APPLIED PSYCHOLOGY-REVUE EUROPEENNE DE PSYCHOLOGIE APPLIQUEE","https://rss.sciencedirect.com/publication/science/11629088","rss.sciencedirect.com","needs-review","","zinote-historical-url-snapshot"
"ae83171b042de791","European Urology Open Science","https://rss.sciencedirect.com/publication/science/26661683","rss.sciencedirect.com","needs-review","","zinote-historical-url-snapshot"
"e5901cd3afcd3668","Evidence Based Library and Information Practice","https://journals.library.ualberta.ca/eblip/index.php/EBLIP/gateway/plugin/WebFeedGatewayPlugin/atom","journals.library.ualberta.ca","needs-review","","zinote-historical-url-snapshot"
"fffba787a7a798c0","EXCLI Journal","https://www.excli.de/excli/gateway/plugin/WebFeedGatewayPlugin/atom","www.excli.de","needs-review","","zinote-historical-url-snapshot"
"6df77beafb533795","EXPERIMENTAL AND MOLECULAR MEDICINE","https://www.nature.com/emm.rss","www.nature.com","needs-review","","zinote-historical-url-snapshot"
"b5c1768a12c639f0","EXPERIMENTAL CELL RESEARCH","https://rss.sciencedirect.com/publication/science/00144827","rss.sciencedirect.com","needs-review","","zinote-historical-url-snapshot"
"c8f8b71a3180e5e0","EXPERIMENTAL GERONTOLOGY","https://rss.sciencedirect.com/publication/science/05315565","rss.sciencedirect.com","needs-review","","zinote-historical-url-snapshot"
"815c54a096b0dea3","EXPERIMENTAL NEUROLOGY","https://rss.sciencedirect.com/publication/science/00144886","rss.sciencedirect.com","needs-review","","zinote-historical-url-snapshot"
"1968dc31f30d3171","EXPERIMENTAL PARASITOLOGY","https://rss.sciencedirect.com/publication/science/00144894","rss.sciencedirect.com","needs-review","","zinote-historical-url-snapshot"
"6058b9685de5f253","EXPOSITIONES MATHEMATICAE","https://rss.sciencedirect.com/publication/science/07230869","rss.sciencedirect.com","needs-review","","zinote-historical-url-snapshot"
"9e869b6f445c5da7","Extractive Industries and Society","https://rss.sciencedirect.com/publication/science/2214790X","rss.sciencedirect.com","needs-review","","zinote-historical-url-snapshot"
"4aeb83a0bf05c801","EYE","https://www.nature.com/eye.rss","www.nature.com","needs-review","","zinote-historical-url-snapshot"
"8e0f9b2d7c299597","FABULA","https://fabulacoffee.com/collections/all-products.atom","fabulacoffee.com","needs-review","","zinote-historical-url-snapshot"
"0d5d8f2dc2428dc8","Facta Universitatis-Series Electronics and Energetics","https://casopisi.junis.ni.ac.rs/index.php/FUElectEnerg/gateway/plugin/WebFeedGatewayPlugin/atom","casopisi.junis.ni.ac.rs","needs-review","","zinote-historical-url-snapshot"
"b1239ca5bc19188a","Facta Universitatis-Series Mathematics and Informatics","https://casopisi.junis.ni.ac.rs/index.php/FUMathInf/gateway/plugin/WebFeedGatewayPlugin/atom","casopisi.junis.ni.ac.rs","needs-review","","zinote-historical-url-snapshot"
"28d00658e6716dbd","Facta Universitatis-Series Mechanical Engineering","https://casopisi.junis.ni.ac.rs/index.php/FUMechEng/gateway/plugin/WebFeedGatewayPlugin/atom","casopisi.junis.ni.ac.rs","needs-review","","zinote-historical-url-snapshot"
"445f5987e3e4f7d4","Faith and Philosophy","https://place.asburyseminary.edu/faithandphilosophy/recent.rss","place.asburyseminary.edu","needs-review","","zinote-historical-url-snapshot"
"c06dbf09af7487f6","Farmeconomia-Health Economics and Therapeutic Pathways","https://journals.seedstm.com/index.php/FE/gateway/plugin/WebFeedGatewayPlugin/atom","journals.seedstm.com","needs-review","","zinote-historical-url-snapshot"
"6e727d8acd493c9c","Feminismo-s","https://feminismos.ua.es/gateway/plugin/WebFeedGatewayPlugin/atom","feminismos.ua.es","needs-review","","zinote-historical-url-snapshot"
"019bc130956f1ef7","Fennia-International Journal of Geography","https://fennia.journal.fi/gateway/plugin/WebFeedGatewayPlugin/atom","fennia.journal.fi","needs-review","","zinote-historical-url-snapshot"
"c1ab1c874ea6c324","FIELD CROPS RESEARCH","https://rss.sciencedirect.com/publication/science/03784290","rss.sciencedirect.com","needs-review","","zinote-historical-url-snapshot"
"b70bbd3358b42a8c","FILM CRITICISM","https://journals.publishing.umich.edu/fc/feed/","journals.publishing.umich.edu","needs-review","","zinote-historical-url-snapshot"
"e3b3fd6166982f5f","FILM QUARTERLY","https://filmquarterly.org/feed/","filmquarterly.org","needs-review","","zinote-historical-url-snapshot"
"eb8f04f15e0ea4a3","Filomat","https://journal.pmf.ni.ac.rs/filomat/index.php/filomat/gateway/plugin/WebFeedGatewayPlugin/atom","journal.pmf.ni.ac.rs","needs-review","","zinote-historical-url-snapshot"
"bb12c14be4fd3b05","Filosofija-Sociologija","https://www.lmaleidykla.lt/ojs/index.php/filosofija-sociologija/gateway/plugin/WebFeedGatewayPlugin/atom","www.lmaleidykla.lt","needs-review","","zinote-historical-url-snapshot"
"becb6efe61aaa768","FILOZOFSKI VESTNIK","https://ojs.zrc-sazu.si/filozofski-vestnik/gateway/plugin/WebFeedGatewayPlugin/atom","ojs.zrc-sazu.si","needs-review","","zinote-historical-url-snapshot"
"5ca01a2595071c7c","Financial Internet Quarterly","https://journals.wsiz.edu.pl/fiq/gateway/plugin/WebFeedGatewayPlugin/atom","journals.wsiz.edu.pl","needs-review","","zinote-historical-url-snapshot"
"de493b8c4f2e5ab3","First Peoples Child & Family Review","https://fpcfr.com/index.php/FPCFR/gateway/plugin/WebFeedGatewayPlugin/atom","fpcfr.com","needs-review","","zinote-historical-url-snapshot"
"d77262c7b90a8d1e","Fitoterapia","https://rss.sciencedirect.com/publication/science/0367326X","rss.sciencedirect.com","needs-review","","zinote-historical-url-snapshot"
"1d3ce96ded3f7c3e","FLEISCHWIRTSCHAFT","https://www.fleischwirtschaft.de/news/feed/","www.fleischwirtschaft.de","needs-review","","zinote-historical-url-snapshot"
"53d75c6939e3ccfd","Florence Nightingale Journal of Nursing","https://www.fnjn.org/index.php/pub/gateway/plugin/WebFeedGatewayPlugin/atom","www.fnjn.org","needs-review","","zinote-historical-url-snapshot"
"4b7e5ba2b37abddf","FLUID PHASE EQUILIBRIA","https://rss.sciencedirect.com/publication/science/03783812","rss.sciencedirect.com","needs-review","","zinote-historical-url-snapshot"
"3c1f489bb833f588","Focus on Health Professional Education-A Multidisciplinary Journal","https://fohpe.org/FoHPE/gateway/plugin/WebFeedGatewayPlugin/atom","fohpe.org","needs-review","","zinote-historical-url-snapshot"
"20034af438a0bcf4","FOLIA HISTOCHEMICA ET CYTOBIOLOGICA","https://journals.viamedica.pl/folia_histochemica_cytobiologica/gateway/plugin/WebFeedGatewayPlugin/atom","journals.viamedica.pl","needs-review","","zinote-historical-url-snapshot"
"fe4d16d3dd2b7bc7","FOLIA MORPHOLOGICA","https://journals.viamedica.pl/folia_morphologica/gateway/plugin/WebFeedGatewayPlugin/atom","journals.viamedica.pl","needs-review","","zinote-historical-url-snapshot"
"5b75c988157e3e7b","FOOD AND CHEMICAL TOXICOLOGY","https://rss.sciencedirect.com/publication/science/02786915","rss.sciencedirect.com","needs-review","","zinote-historical-url-snapshot"
"96af287a3cac7ab0","Food and Waterborne Parasitology","https://rss.sciencedirect.com/publication/science/24056766","rss.sciencedirect.com","needs-review","","zinote-historical-url-snapshot"
"5fdf0a166c22b191","Food Bioscience","https://rss.sciencedirect.com/publication/science/22124292","rss.sciencedirect.com","needs-review","","zinote-historical-url-snapshot"
"bcaa399e2a75d6b7","Food Chemistry","https://rss.sciencedirect.com/publication/science/03088146","rss.sciencedirect.com","needs-review","","zinote-historical-url-snapshot"
"837b5f83b4d2d557","FOOD CONTROL","https://rss.sciencedirect.com/publication/science/09567135","rss.sciencedirect.com","needs-review","","zinote-historical-url-snapshot"
"0940251306e3cee4","FOOD RESEARCH INTERNATIONAL","https://rss.sciencedirect.com/publication/science/09639969","rss.sciencedirect.com","needs-review","","zinote-historical-url-snapshot"
"07d03d867e40feef","Food Structure-Netherlands","https://rss.sciencedirect.com/publication/science/22133291","rss.sciencedirect.com","needs-review","","zinote-historical-url-snapshot"
"deed666308e2ac40","Forensic Imaging","https://rss.sciencedirect.com/publication/science/26662256","rss.sciencedirect.com","needs-review","","zinote-historical-url-snapshot"
"3fc55f7765b38e13","Foresight and STI Governance","https://foresight-journal.hse.ru/gateway/plugin/WebFeedGatewayPlugin/atom","foresight-journal.hse.ru","needs-review","","zinote-historical-url-snapshot"
"2d51dd376fd281fa","Forest and Society","https://journal.unhas.ac.id/index.php/fs/gateway/plugin/WebFeedGatewayPlugin/atom","journal.unhas.ac.id","needs-review","","zinote-historical-url-snapshot"
"4b3d9a2e67a97102","FOREST ECOLOGY AND MANAGEMENT","https://rss.sciencedirect.com/publication/science/03781127","rss.sciencedirect.com","needs-review","","zinote-historical-url-snapshot"
"d710a23c47b3f0d9","Forest Ecosystems","https://rss.sciencedirect.com/publication/science/21975620","rss.sciencedirect.com","needs-review","","zinote-historical-url-snapshot"
"173c7f5d3422538d","Forestist","https://forestist.org/index.php/pub/gateway/plugin/WebFeedGatewayPlugin/atom","forestist.org","needs-review","","zinote-historical-url-snapshot"
"804feda6a83b38cf","Foundation Review","https://scholarworks.gvsu.edu/tfr/recent.rss","scholarworks.gvsu.edu","needs-review","","zinote-historical-url-snapshot"
"913a0aa58a64138d","FRAGMENTA ENTOMOLOGICA","https://rosa.uniroma1.it/rosa02/fragmenta_entomologica/gateway/plugin/WebFeedGatewayPlugin/atom","rosa.uniroma1.it","needs-review","","zinote-historical-url-snapshot"
"b8864729b04ae4ff","French-Ukrainian Journal of Chemistry","https://fujc.pp.ua/journal/index.php/fruajc/gateway/plugin/WebFeedGatewayPlugin/atom","fujc.pp.ua","needs-review","","zinote-historical-url-snapshot"
"c4e29f3626ca39aa","Frontiers in Aging","https://www.frontiersin.org/journals/aging/rss","www.frontiersin.org","needs-review","","zinote-historical-url-snapshot"
"e6dc03794a3404e6","Frontiers in Aging Neuroscience","https://www.frontiersin.org/journals/aging-neuroscience/rss","www.frontiersin.org","needs-review","","zinote-historical-url-snapshot"
"d18947de43dc2684","Frontiers in Agronomy","https://www.frontiersin.org/journals/agronomy/rss","www.frontiersin.org","needs-review","","zinote-historical-url-snapshot"
"8b8bb37370bde697","Frontiers in Allergy","https://www.frontiersin.org/journals/allergy/rss","www.frontiersin.org","needs-review","","zinote-historical-url-snapshot"
"c9d0e9c1c6b133f2","Frontiers in Animal Science","https://www.frontiersin.org/journals/animal-science/rss","www.frontiersin.org","needs-review","","zinote-historical-url-snapshot"
"793f8ecdbe0ef089","Frontiers in Applied Mathematics and Statistics","https://www.frontiersin.org/journals/applied-mathematics-and-statistics/rss","www.frontiersin.org","needs-review","","zinote-historical-url-snapshot"
"5c23bf910f35183a","Frontiers in Artificial Intelligence","https://www.frontiersin.org/journals/artificial-intelligence/rss","www.frontiersin.org","needs-review","","zinote-historical-url-snapshot"
"9cbdeb008c2f5c2f","Frontiers in Astronomy and Space Sciences","https://www.frontiersin.org/journals/astronomy-and-space-sciences/rss","www.frontiersin.org","needs-review","","zinote-historical-url-snapshot"
"4dafe1519dadfd32","Frontiers in Behavioral Neuroscience","https://www.frontiersin.org/journals/behavioral-neuroscience/rss","www.frontiersin.org","needs-review","","zinote-historical-url-snapshot"
"73fec1b6754391bd","Frontiers in Big Data","https://www.frontiersin.org/journals/big-data/rss","www.frontiersin.org","needs-review","","zinote-historical-url-snapshot"
"c1e37644fbbc038b","Frontiers in Bioengineering and Biotechnology","https://www.frontiersin.org/journals/bioengineering-and-biotechnology/rss","www.frontiersin.org","needs-review","","zinote-historical-url-snapshot"
"84a2a749357169db","Frontiers in Bioinformatics","https://www.frontiersin.org/journals/bioinformatics/rss","www.frontiersin.org","needs-review","","zinote-historical-url-snapshot"
"8503807987a7ae72","Frontiers in Blockchain","https://www.frontiersin.org/journals/blockchain/rss","www.frontiersin.org","needs-review","","zinote-historical-url-snapshot"
"508a49f6f59ea850","Frontiers in Built Environment","https://www.frontiersin.org/journals/built-environment/rss","www.frontiersin.org","needs-review","","zinote-historical-url-snapshot"
"c75bcee0e0987436","Frontiers in Cardiovascular Medicine","https://www.frontiersin.org/journals/cardiovascular-medicine/rss","www.frontiersin.org","needs-review","","zinote-historical-url-snapshot"
"e16e92302e4a2300","Frontiers in Cell and Developmental Biology","https://www.frontiersin.org/journals/cell-and-developmental-biology/rss","www.frontiersin.org","needs-review","","zinote-historical-url-snapshot"
"7f98200f5c845d1e","Frontiers in Cellular and Infection Microbiology","https://www.frontiersin.org/journals/cellular-and-infection-microbiology/rss","www.frontiersin.org","needs-review","","zinote-historical-url-snapshot"
"d068f6933eb30195","Frontiers in Cellular Neuroscience","https://www.frontiersin.org/journals/cellular-neuroscience/rss","www.frontiersin.org","needs-review","","zinote-historical-url-snapshot"
"58b072ee8d31a8ca","Frontiers in Chemical Engineering","https://www.frontiersin.org/journals/chemical-engineering/rss","www.frontiersin.org","needs-review","","zinote-historical-url-snapshot"
"f660cab6f32fd222","Frontiers in Chemistry","https://www.frontiersin.org/journals/chemistry/rss","www.frontiersin.org","needs-review","","zinote-historical-url-snapshot"
"5d1da28a3295e743","Frontiers in Climate","https://www.frontiersin.org/journals/climate/rss","www.frontiersin.org","needs-review","","zinote-historical-url-snapshot"
"7cfed8f050f72a29","Frontiers in Communication","https://www.frontiersin.org/journals/communication/rss","www.frontiersin.org","needs-review","","zinote-historical-url-snapshot"
"86ec77314f168714","Frontiers in Communications and Networks","https://www.frontiersin.org/journals/communications-and-networks/rss","www.frontiersin.org","needs-review","","zinote-historical-url-snapshot"
"6e1964030061c5c9","Frontiers in Computational Neuroscience","https://www.frontiersin.org/journals/computational-neuroscience/rss","www.frontiersin.org","needs-review","","zinote-historical-url-snapshot"
"b9eded4c60fa00a9","Frontiers in Computer Science","https://www.frontiersin.org/journals/computer-science/rss","www.frontiersin.org","needs-review","","zinote-historical-url-snapshot"
"bd9213385a373102","Frontiers in Conservation Science","https://www.frontiersin.org/journals/conservation-science/rss","www.frontiersin.org","needs-review","","zinote-historical-url-snapshot"
"39539aa876052f80","Frontiers in Dental Medicine","https://www.frontiersin.org/journals/dental-medicine/rss","www.frontiersin.org","needs-review","","zinote-historical-url-snapshot"
"cb86f3d34472b46a","Frontiers in Digital Health","https://www.frontiersin.org/journals/digital-health/rss","www.frontiersin.org","needs-review","","zinote-historical-url-snapshot"
"c3f740d59b459111","Frontiers in Earth Science","https://www.frontiersin.org/journals/earth-science/rss","www.frontiersin.org","needs-review","","zinote-historical-url-snapshot"
"31f1de0aa2e1870e","Frontiers in Ecology and Evolution","https://www.frontiersin.org/journals/ecology-and-evolution/rss","www.frontiersin.org","needs-review","","zinote-historical-url-snapshot"
"a9ce71323ce0ae5c","Frontiers in Education","https://www.frontiersin.org/journals/education/rss","www.frontiersin.org","needs-review","","zinote-historical-url-snapshot"
"5ae6ac5aeba6aa69","Frontiers in Electronics","https://www.frontiersin.org/journals/electronics/rss","www.frontiersin.org","needs-review","","zinote-historical-url-snapshot"
"d96a9642003a7f68","Frontiers in Endocrinology","https://www.frontiersin.org/journals/endocrinology/rss","www.frontiersin.org","needs-review","","zinote-historical-url-snapshot"
"c49af96a6ff631db","Frontiers in Environmental Science","https://www.frontiersin.org/journals/environmental-science/rss","www.frontiersin.org","needs-review","","zinote-historical-url-snapshot"
"c46dc35bd1200b65","Frontiers in Forests and Global Change","https://www.frontiersin.org/journals/forests-and-global-change/rss","www.frontiersin.org","needs-review","","zinote-historical-url-snapshot"
"71332fcabef49ba8","Frontiers in Fungal Biology","https://www.frontiersin.org/journals/fungal-biology/rss","www.frontiersin.org","needs-review","","zinote-historical-url-snapshot"
"67aa1197a9266e54","Frontiers in Future Transportation","https://www.frontiersin.org/journals/future-transportation/rss","www.frontiersin.org","needs-review","","zinote-historical-url-snapshot"
"a6f1490f492db612","Frontiers in Genetics","https://www.frontiersin.org/journals/genetics/rss","www.frontiersin.org","needs-review","","zinote-historical-url-snapshot"
"17489ebc6ce4adf3","Frontiers in Genome Editing","https://www.frontiersin.org/journals/genome-editing/rss","www.frontiersin.org","needs-review","","zinote-historical-url-snapshot"
"d50a6e9feddb85f8","Frontiers in Global Womens Health","https://www.frontiersin.org/journals/global-womens-health/rss","www.frontiersin.org","needs-review","","zinote-historical-url-snapshot"
"c30843faf8c51008","Frontiers in Health Services","https://www.frontiersin.org/journals/health-services/rss","www.frontiersin.org","needs-review","","zinote-historical-url-snapshot"
"2c17add177cbc652","Frontiers in Human Dynamics","https://www.frontiersin.org/journals/human-dynamics/rss","www.frontiersin.org","needs-review","","zinote-historical-url-snapshot"
"cd1a3c7f11926e19","Frontiers in Human Neuroscience","https://www.frontiersin.org/journals/human-neuroscience/rss","www.frontiersin.org","needs-review","","zinote-historical-url-snapshot"
"feac375fe358b37f","Frontiers in Immunology","https://www.frontiersin.org/journals/immunology/rss","www.frontiersin.org","needs-review","","zinote-historical-url-snapshot"
"aab06832f20b4c22","Frontiers in Insect Science","https://www.frontiersin.org/journals/insect-science/rss","www.frontiersin.org","needs-review","","zinote-historical-url-snapshot"
"0fd1b5f039e72faf","Frontiers in Integrative Neuroscience","https://www.frontiersin.org/journals/integrative-neuroscience/rss","www.frontiersin.org","needs-review","","zinote-historical-url-snapshot"
"9fb3673ee70a2625","Frontiers in Marine Science","https://www.frontiersin.org/journals/marine-science/rss","www.frontiersin.org","needs-review","","zinote-historical-url-snapshot"
"6d6173cec37788a1","Frontiers in Materials","https://www.frontiersin.org/journals/materials/rss","www.frontiersin.org","needs-review","","zinote-historical-url-snapshot"
"308bc2f5b6d00453","Frontiers in Mechanical Engineering-Switzerland","https://www.frontiersin.org/journals/mechanical-engineering/rss","www.frontiersin.org","needs-review","","zinote-historical-url-snapshot"
"b48a8df84134065a","Frontiers in Medical Technology","https://www.frontiersin.org/journals/medical-technology/rss","www.frontiersin.org","needs-review","","zinote-historical-url-snapshot"
"ba370dbf871ad39d","Frontiers in Medicine","https://www.frontiersin.org/journals/medicine/rss","www.frontiersin.org","needs-review","","zinote-historical-url-snapshot"
"74bc45af9ab18cf0","Frontiers in Microbiology","https://www.frontiersin.org/journals/microbiology/rss","www.frontiersin.org","needs-review","","zinote-historical-url-snapshot"
"bc41dd957735e80f","Frontiers in Molecular Biosciences","https://www.frontiersin.org/journals/molecular-biosciences/rss","www.frontiersin.org","needs-review","","zinote-historical-url-snapshot"
"c15e08319b051ff4","Frontiers in Molecular Neuroscience","https://www.frontiersin.org/journals/molecular-neuroscience/rss","www.frontiersin.org","needs-review","","zinote-historical-url-snapshot"
"cd0a578df6a06ead","Frontiers in Nanotechnology","https://www.frontiersin.org/journals/nanotechnology/rss","www.frontiersin.org","needs-review","","zinote-historical-url-snapshot"
"b267df28d4480e3f","Frontiers in Neural Circuits","https://www.frontiersin.org/journals/neural-circuits/rss","www.frontiersin.org","needs-review","","zinote-historical-url-snapshot"
"57fd6a1f7f7d9346","Frontiers in Neuroanatomy","https://www.frontiersin.org/journals/neuroanatomy/rss","www.frontiersin.org","needs-review","","zinote-historical-url-snapshot"
"b10338cff2ee8fde","Frontiers in Neuroergonomics","https://www.frontiersin.org/journals/neuroergonomics/rss","www.frontiersin.org","needs-review","","zinote-historical-url-snapshot"
"f20e3192e69db649","Frontiers in Neuroinformatics","https://www.frontiersin.org/journals/neuroinformatics/rss","www.frontiersin.org","needs-review","","zinote-historical-url-snapshot"
"759584a56ce61201","Frontiers in Neurology","https://www.frontiersin.org/journals/neurology/rss","www.frontiersin.org","needs-review","","zinote-historical-url-snapshot"
"87fde7ab412a80a2","Frontiers in Neurorobotics","https://www.frontiersin.org/journals/neurorobotics/rss","www.frontiersin.org","needs-review","","zinote-historical-url-snapshot"
"75eaeab3556885c6","Frontiers in Neuroscience","https://www.frontiersin.org/journals/neuroscience/rss","www.frontiersin.org","needs-review","","zinote-historical-url-snapshot"
"439fdc7251f2946a","Frontiers in Nutrition","https://www.frontiersin.org/journals/nutrition/rss","www.frontiersin.org","needs-review","","zinote-historical-url-snapshot"
"6d6aa1f25b326749","Frontiers in Oncology","https://www.frontiersin.org/journals/oncology/rss","www.frontiersin.org","needs-review","","zinote-historical-url-snapshot"
"15d31f4ab6cb4241","Frontiers in Oral Health","https://www.frontiersin.org/journals/oral-health/rss","www.frontiersin.org","needs-review","","zinote-historical-url-snapshot"
"fe2a06480fe11e82","Frontiers in Pain Research","https://www.frontiersin.org/journals/pain-research/rss","www.frontiersin.org","needs-review","","zinote-historical-url-snapshot"
"6ec8d7b6118524a0","Frontiers in Pediatrics","https://www.frontiersin.org/journals/pediatrics/rss","www.frontiersin.org","needs-review","","zinote-historical-url-snapshot"
"fbb1e6197501fdba","Frontiers in Pharmacology","https://www.frontiersin.org/journals/pharmacology/rss","www.frontiersin.org","needs-review","","zinote-historical-url-snapshot"
"846f0bf37875b155","Frontiers in Physics","https://www.frontiersin.org/journals/physics/rss","www.frontiersin.org","needs-review","","zinote-historical-url-snapshot"
"16a254e225965a4a","Frontiers in Physiology","https://www.frontiersin.org/journals/physiology/rss","www.frontiersin.org","needs-review","","zinote-historical-url-snapshot"
"d8e2d90b0c84cc83","Frontiers in Plant Science","https://www.frontiersin.org/journals/plant-science/rss","www.frontiersin.org","needs-review","","zinote-historical-url-snapshot"
"e6d8907d7fb29633","Frontiers in Political Science","https://www.frontiersin.org/journals/political-science/rss","www.frontiersin.org","needs-review","","zinote-historical-url-snapshot"
"8d363166b83b2358","Frontiers in Psychiatry","https://www.frontiersin.org/journals/psychiatry/rss","www.frontiersin.org","needs-review","","zinote-historical-url-snapshot"
"2bf18a42447a3a4d","Frontiers in Psychology","https://www.frontiersin.org/journals/psychology/rss","www.frontiersin.org","needs-review","","zinote-historical-url-snapshot"
"71c446b7222eb99c","Frontiers in Public Health","https://www.frontiersin.org/journals/public-health/rss","www.frontiersin.org","needs-review","","zinote-historical-url-snapshot"
"3a62063f0de60995","Frontiers in Rehabilitation Sciences","https://www.frontiersin.org/journals/rehabilitation-sciences/rss","www.frontiersin.org","needs-review","","zinote-historical-url-snapshot"
"6adfbd38219eb2cf","Frontiers in Remote Sensing","https://www.frontiersin.org/journals/remote-sensing/rss","www.frontiersin.org","needs-review","","zinote-historical-url-snapshot"
"4c312b9973dcb521","Frontiers in Reproductive Health","https://www.frontiersin.org/journals/reproductive-health/rss","www.frontiersin.org","needs-review","","zinote-historical-url-snapshot"
"8fb57f71a3efedf6","Frontiers in Robotics and AI","https://www.frontiersin.org/journals/robotics-and-ai/rss","www.frontiersin.org","needs-review","","zinote-historical-url-snapshot"
"0ddbca0086a0d676","Frontiers in Signal Processing","https://www.frontiersin.org/journals/signal-processing/rss","www.frontiersin.org","needs-review","","zinote-historical-url-snapshot"
"9e6c412c5676fc7a","Frontiers in Sociology","https://www.frontiersin.org/journals/sociology/rss","www.frontiersin.org","needs-review","","zinote-historical-url-snapshot"
"31000336ac6b87c5","Frontiers in Soil Science","https://www.frontiersin.org/journals/soil-science/rss","www.frontiersin.org","needs-review","","zinote-historical-url-snapshot"
"1124b64070ef9569","Frontiers in Sports and Active Living","https://www.frontiersin.org/journals/sports-and-active-living/rss","www.frontiersin.org","needs-review","","zinote-historical-url-snapshot"
"9c941c300982fb25","Frontiers in Surgery","https://www.frontiersin.org/journals/surgery/rss","www.frontiersin.org","needs-review","","zinote-historical-url-snapshot"
"fb70d51de10cdc98","Frontiers in Sustainable Cities","https://www.frontiersin.org/journals/sustainable-cities/rss","www.frontiersin.org","needs-review","","zinote-historical-url-snapshot"
"b3196e1f9ded6f27","Frontiers in Sustainable Food Systems","https://www.frontiersin.org/journals/sustainable-food-systems/rss","www.frontiersin.org","needs-review","","zinote-historical-url-snapshot"
"a865e4500072df3b","Frontiers in Synaptic Neuroscience","https://www.frontiersin.org/journals/synaptic-neuroscience/rss","www.frontiersin.org","needs-review","","zinote-historical-url-snapshot"
"11c4112829dc61ea","Frontiers in Systems Neuroscience","https://www.frontiersin.org/journals/systems-neuroscience/rss","www.frontiersin.org","needs-review","","zinote-historical-url-snapshot"
"8c9a1c1a1c26c2a3","Frontiers in Toxicology","https://www.frontiersin.org/journals/toxicology/rss","www.frontiersin.org","needs-review","","zinote-historical-url-snapshot"
"f5fcb57e9efac9ad","Frontiers in Veterinary Science","https://www.frontiersin.org/journals/veterinary-science/rss","www.frontiersin.org","needs-review","","zinote-historical-url-snapshot"
"a9688ac8e74642f1","Frontiers in Virology","https://www.frontiersin.org/journals/virology/rss","www.frontiersin.org","needs-review","","zinote-historical-url-snapshot"
"938799e5e31cdebb","Frontiers in Virtual Reality","https://www.frontiersin.org/journals/virtual-reality/rss","www.frontiersin.org","needs-review","","zinote-historical-url-snapshot"
"fdcd03dd366fc662","Frontiers in Water","https://www.frontiersin.org/journals/water/rss","www.frontiersin.org","needs-review","","zinote-historical-url-snapshot"
"115a0dd0b44a5a78","Function","https://functionofbeauty.com/collections/all.atom","functionofbeauty.com","needs-review","","zinote-historical-url-snapshot"
"5ae7a5ebcd75de70","Functional Foods in Health and Disease","https://www.ffhdj.com/index.php/ffhd/gateway/plugin/WebFeedGatewayPlugin/atom","www.ffhdj.com","needs-review","","zinote-historical-url-snapshot"
"14fe849961b4d6e2","FUNDAMENTA INFORMATICAE","https://fi.episciences.org/rss/papers","fi.episciences.org","needs-review","","zinote-historical-url-snapshot"
"6c2a804dab3b3fa4","Fundamental Research","https://rss.sciencedirect.com/publication/science/26673258","rss.sciencedirect.com","needs-review","","zinote-historical-url-snapshot"
"ce34d1bcdb6159bf","Fungal Biology Reviews","https://rss.sciencedirect.com/publication/science/17494613","rss.sciencedirect.com","needs-review","","zinote-historical-url-snapshot"
"acc0f14c0133a183","FUNGAL GENETICS AND BIOLOGY","https://rss.sciencedirect.com/publication/science/10871845","rss.sciencedirect.com","needs-review","","zinote-historical-url-snapshot"
"a843be98ab632fca","Future Foods","https://rss.sciencedirect.com/publication/science/26668335","rss.sciencedirect.com","needs-review","","zinote-historical-url-snapshot"
"732480d5434754a6","FWU Journal of Social Sciences","https://ojs.sbbwu.edu.pk/fwu-journal/index.php/ojss/gateway/plugin/WebFeedGatewayPlugin/atom","ojs.sbbwu.edu.pk","needs-review","","zinote-historical-url-snapshot"
"5b7af5538543300f","GAIA-Ecological Perspectives for Science and Society","https://gaia.oekom.de/index.php/gaia/gateway/plugin/WebFeedGatewayPlugin/atom","gaia.oekom.de","needs-review","","zinote-historical-url-snapshot"
"ea7ac0a8a3f4e384","Galicia Clinica","https://galiciaclinica.info/gc/es/gateway/plugin/WebFeedGatewayPlugin/atom","galiciaclinica.info","needs-review","","zinote-historical-url-snapshot"
"630d220937ec56c5","Galician Medical Journal","https://ifnmujournal.com/gmj/gateway/plugin/WebFeedGatewayPlugin/atom","ifnmujournal.com","needs-review","","zinote-historical-url-snapshot"
"9d474efa34dd589f","Gateways-International Journal of Community Research and Engagement","https://epress.lib.uts.edu.au/journals/index.php/ijcre/gateway/plugin/WebFeedGatewayPlugin/atom","epress.lib.uts.edu.au","needs-review","","zinote-historical-url-snapshot"
"7423bd9e7fbe5529","GAYANA BOTANICA","http://www.scielo.cl/rss.php?pid=0717-664320250001&lang=en","www.scielo.cl","needs-review","","zinote-historical-url-snapshot"
"2589264f8df44e22","Gene Reports","https://rss.sciencedirect.com/publication/science/24520144","rss.sciencedirect.com","needs-review","","zinote-historical-url-snapshot"
"a60b463cc3c36a2b","GENE THERAPY","https://www.nature.com/gt.rss","www.nature.com","needs-review","","zinote-historical-url-snapshot"
"8237056b3f547aa7","GENES & DEVELOPMENT","https://genesdev.cshlp.org/rss/current.xml","genesdev.cshlp.org","needs-review","","zinote-historical-url-snapshot"
"a39c62ca0246ed5f","GENES AND IMMUNITY","https://www.nature.com/gene.rss","www.nature.com","needs-review","","zinote-historical-url-snapshot"
"4d80599fd9164c10","GENOMICS","https://rss.sciencedirect.com/publication/science/08887543","rss.sciencedirect.com","needs-review","","zinote-historical-url-snapshot"
"a11a9fd0bda8de88","Geoambiente On-line","https://revistas.ufj.edu.br/geoambiente/gateway/plugin/WebFeedGatewayPlugin/atom","revistas.ufj.edu.br","needs-review","","zinote-historical-url-snapshot"
"f4e8445ad05ba28d","GEOBIOS","https://rss.sciencedirect.com/publication/science/00166995","rss.sciencedirect.com","needs-review","","zinote-historical-url-snapshot"
"aac962a47a1ec3c3","Geochemistry","https://rss.sciencedirect.com/publication/science/00092819","rss.sciencedirect.com","needs-review","","zinote-historical-url-snapshot"
"268738e8d1a734df","Geoconservation Research","https://oiccpress.com/gcr/gateway/plugin/WebFeedGatewayPlugin/atom","oiccpress.com","needs-review","","zinote-historical-url-snapshot"
"37fee0afef5bb2d8","Geoderma","https://rss.sciencedirect.com/publication/science/00167061","rss.sciencedirect.com","needs-review","","zinote-historical-url-snapshot"
"e8174b84dab793c1","Geodesy and Geodynamics","https://rss.sciencedirect.com/publication/science/16749847","rss.sciencedirect.com","needs-review","","zinote-historical-url-snapshot"
"8de04114acb955c1","Geografares","https://periodicos.ufes.br/geografares/gateway/plugin/WebFeedGatewayPlugin/atom","periodicos.ufes.br","needs-review","","zinote-historical-url-snapshot"
"1a4cb218f0b2f1da","Geograficando","https://www.geograficando.fahce.unlp.edu.ar/gateway/plugin/AnnouncementFeedGatewayPlugin/atom","www.geograficando.fahce.unlp.edu.ar","needs-review","","zinote-historical-url-snapshot"
"b421d79ff54064c1","Geographia Polonica","http://www.geographiapolonica.pl/geographia-polonica.xml","www.geographiapolonica.pl","needs-review","","zinote-historical-url-snapshot"
"daea85a1e97d8bce","Geographical Review of Japan-Series B","https://www.ajg.or.jp/category/society-info/publication/grj-b/feed/","www.ajg.or.jp","needs-review","","zinote-historical-url-snapshot"
"5bc5cd4f1f26677a","Geology Geophysics and Environment","https://journals.agh.edu.pl/geol/en/gateway/plugin/WebFeedGatewayPlugin/atom","journals.agh.edu.pl","needs-review","","zinote-historical-url-snapshot"
"d6f306d0d5759793","GEOMORPHOLOGY","https://rss.sciencedirect.com/publication/science/0169555X","rss.sciencedirect.com","needs-review","","zinote-historical-url-snapshot"
"527ffe6001054ad3","Geosaberes","http://www.geosaberes.ufc.br/geosaberes/gateway/plugin/WebFeedGatewayPlugin/atom","www.geosaberes.ufc.br","needs-review","","zinote-historical-url-snapshot"
"b6ec4f7efe3872a4","German Journal of Agricultural Economics","https://www.tib-op.org/ojs/index.php/gjae/gateway/plugin/WebFeedGatewayPlugin/atom","www.tib-op.org","needs-review","","zinote-historical-url-snapshot"
"d674020d305b2c38","German Law Journal","https://germanlawjournal.podigee.io/feed/mp3","germanlawjournal.podigee.io","needs-review","","zinote-historical-url-snapshot"
"2567e78ecd77a544","Gestao e Desenvolvimento","https://revistas.ucp.pt/index.php/gestaoedesenvolvimento/gateway/plugin/WebFeedGatewayPlugin/atom","revistas.ucp.pt","needs-review","","zinote-historical-url-snapshot"
"beca7538e9e33ec0","GEUS Bulletin","https://geusbulletin.org/index.php/geusb/gateway/plugin/WebFeedGatewayPlugin/atom","geusbulletin.org","needs-review","","zinote-historical-url-snapshot"
"ffb1d52ac5875ac8","GHANA SOCIAL SCIENCE JOURNAL","https://journals.ug.edu.gh/index.php/gssj/gateway/plugin/WebFeedGatewayPlugin/atom","journals.ug.edu.gh","needs-review","","zinote-historical-url-snapshot"
"f69f1021c23902cc","Ginekologia Polska","https://journals.viamedica.pl/ginekologia_polska/gateway/plugin/WebFeedGatewayPlugin/atom","journals.viamedica.pl","needs-review","","zinote-historical-url-snapshot"
"54af41dbe3063382","Giornale Italiano di Endodonzia","https://www.giornaleitalianoendodonzia.it/gie/gateway/plugin/WebFeedGatewayPlugin/atom","www.giornaleitalianoendodonzia.it","needs-review","","zinote-historical-url-snapshot"
"38777c800747ca0d","Gland Surgery","https://gs.amegroups.org//gateway/plugin/WebFeedGatewayPlugin/atom","gs.amegroups.org","needs-review","","zinote-historical-url-snapshot"
"3f99b47b82a93c22","Glass Technology-European Journal of Glass Science and Technology Part A","https://api.ingentaconnect.com/content/sgt/gta/latest?format=rss","api.ingentaconnect.com","needs-review","","zinote-historical-url-snapshot"
"c902367f3ae51deb","GLOBAL ENVIRONMENTAL CHANGE-HUMAN AND POLICY DIMENSIONS","https://rss.sciencedirect.com/publication/science/09593780","rss.sciencedirect.com","needs-review","","zinote-historical-url-snapshot"
"3ee312dbb6a140d8","Global Finance Journal","https://rss.sciencedirect.com/publication/science/10440283","rss.sciencedirect.com","needs-review","","zinote-historical-url-snapshot"
"35764ecb33c801a5","Global Heart","https://account.globalheartjournal.com/index.php/up-j-gh/gateway/plugin/WebFeedGatewayPlugin/atom","account.globalheartjournal.com","needs-review","","zinote-historical-url-snapshot"
"19dd3852590afa08","GLOBAL JOURNAL OF ENVIRONMENTAL SCIENCE AND MANAGEMENT-GJESM","https://www.gjesm.net/ju.rss","www.gjesm.net","needs-review","","zinote-historical-url-snapshot"
"dc12c9a1fa793fc1","Global Medical Genetics","https://rss.sciencedirect.com/publication/science/26999404","rss.sciencedirect.com","needs-review","","zinote-historical-url-snapshot"
"4cb0ec9e87b78e82","Gomal Journal of Medical Sciences","http://gjms.com.pk/index.php/journal/gateway/plugin/WebFeedGatewayPlugin/atom","gjms.com.pk","needs-review","","zinote-historical-url-snapshot"
"1b328f0a7ba1cd72","Gondwana Research","https://rss.sciencedirect.com/publication/science/1342937X","rss.sciencedirect.com","needs-review","","zinote-historical-url-snapshot"
"91ea93a4ea4906f4","Granja-Revista de Ciencias de la Vida","http://scielo.senescyt.gob.ec/rss.php?pid=1390-859620250002&lang=es","scielo.senescyt.gob.ec","needs-review","","zinote-historical-url-snapshot"
"68f58ce7635720af","GRAPHICAL MODELS","https://rss.sciencedirect.com/publication/science/15240703","rss.sciencedirect.com","needs-review","","zinote-historical-url-snapshot"
"fa5ee5c1f81acc55","GREEK ROMAN AND BYZANTINE STUDIES","https://grbs.library.duke.edu/index.php/grbs/gateway/plugin/WebFeedGatewayPlugin/atom","grbs.library.duke.edu","needs-review","","zinote-historical-url-snapshot"
"ea7d3254f6513334","Green Chemical Engineering","https://rss.sciencedirect.com/publication/science/26669528","rss.sciencedirect.com","needs-review","","zinote-historical-url-snapshot"
"d81144e96f90962e","GREEN CHEMISTRY","http://feeds.rsc.org/rss/gc","feeds.rsc.org","needs-review","","zinote-historical-url-snapshot"
"b30237efaf5dfed6","Grounded Theory Review","https://groundedtheoryreview.org/index.php/gtr/gateway/plugin/WebFeedGatewayPlugin/atom","groundedtheoryreview.org","needs-review","","zinote-historical-url-snapshot"
"9c1224704c22052a","Groups Complexity Cryptology","https://gcc.episciences.org/rss/papers","gcc.episciences.org","needs-review","","zinote-historical-url-snapshot"
"77373e0efadf6dab","GROWTH HORMONE & IGF RESEARCH","https://rss.sciencedirect.com/publication/science/10966374","rss.sciencedirect.com","needs-review","","zinote-historical-url-snapshot"
"6288df9a963ca168","GULF AND CARIBBEAN RESEARCH","https://aquila.usm.edu/gcr/recent.rss","aquila.usm.edu","needs-review","","zinote-historical-url-snapshot"
"ab3d917613f1fe60","Gut and Liver","https://www.nature.com/npjgutliver.rss","www.nature.com","needs-review","","zinote-historical-url-snapshot"
"88c38c2348612319","HAEMATOLOGICA","https://haematologica.org/gateway/plugin/WebFeedGatewayPlugin/atom","haematologica.org","needs-review","","zinote-historical-url-snapshot"
"6a091c7359dcb72f","HARMFUL ALGAE","https://rss.sciencedirect.com/publication/science/15689883","rss.sciencedirect.com","needs-review","","zinote-historical-url-snapshot"
"4d760e7a7f5ca0be","HAU-Journal of Ethnographic Theory","https://www.haujournal.org/index.php/hau/gateway/plugin/WebFeedGatewayPlugin/atom","www.haujournal.org","needs-review","","zinote-historical-url-snapshot"
"ccbacb289b65102d","HEALTH & PLACE","https://rss.sciencedirect.com/publication/science/13538292","rss.sciencedirect.com","needs-review","","zinote-historical-url-snapshot"
"a6b2cb2ac4a83c5c","Health SA Gesondheid","https://hsag.co.za/index.php/hsag/gateway/plugin/WebFeedGatewayPlugin/atom","hsag.co.za","needs-review","","zinote-historical-url-snapshot"
"a45b1724b3bf03db","HEART SURGERY FORUM","https://journal.hsforum.com/index.php/HSF/gateway/plugin/WebFeedGatewayPlugin/atom","journal.hsforum.com","needs-review","","zinote-historical-url-snapshot"
"1fbc417f011d7074","Hepatobiliary Surgery and Nutrition","https://hbsn.amegroups.org//gateway/plugin/WebFeedGatewayPlugin/atom","hbsn.amegroups.org","needs-review","","zinote-historical-url-snapshot"
"a04014954595e667","HEREDITY","https://www.nature.com/hdy.rss","www.nature.com","needs-review","","zinote-historical-url-snapshot"
"47304c7627705181","Heritage Science","https://www.nature.com/npjheritagesci.rss","www.nature.com","needs-review","","zinote-historical-url-snapshot"
"7aef8711e363e043","HIGH TEMPERATURES-HIGH PRESSURES","https://hthp.oldcitypublishing.com/index.php/hthp/gateway/plugin/WebFeedGatewayPlugin/atom","hthp.oldcitypublishing.com","needs-review","","zinote-historical-url-snapshot"
"9a7bc0782ed4fead","Historia 396","https://historia396.cl/index.php/historia396/gateway/plugin/WebFeedGatewayPlugin/atom","historia396.cl","needs-review","","zinote-historical-url-snapshot"
"846af75288e330a7","Historia Critica","https://revistas.uniandes.edu.co/index.php/hiscrit/gateway/plugin/WebFeedGatewayPlugin/atom","revistas.uniandes.edu.co","needs-review","","zinote-historical-url-snapshot"
"699cae90fbf63c68","Historia e Cultura","https://periodicos.franca.unesp.br/index.php/historiaecultura/gateway/plugin/WebFeedGatewayPlugin/atom","periodicos.franca.unesp.br","needs-review","","zinote-historical-url-snapshot"
"d505373ac58aa30f","HISTORIA MATHEMATICA","https://rss.sciencedirect.com/publication/science/03150860","rss.sciencedirect.com","needs-review","","zinote-historical-url-snapshot"
"f51bb4565f5275f5","Historical Studies in Education-Canada","https://historicalstudiesineducation.ca/index.php/edu_hse-rhe/gateway/plugin/WebFeedGatewayPlugin/atom","historicalstudiesineducation.ca","needs-review","","zinote-historical-url-snapshot"
"9897e9c7c74fc735","HISTORY","https://www.worldhistory.org/rss2/?lang=en","www.worldhistory.org","needs-review","","zinote-historical-url-snapshot"
"d9194e3194301098","Hormigon y Acero","https://www.hormigonyacero.com/index.php/ache/gateway/plugin/WebFeedGatewayPlugin/atom","www.hormigonyacero.com","needs-review","","zinote-historical-url-snapshot"
"762b0e863285bad4","Hormones and Behavior","https://rss.sciencedirect.com/publication/science/0018506X","rss.sciencedirect.com","needs-review","","zinote-historical-url-snapshot"
"81dbdc7375bbd769","Horticultural Plant Journal","https://rss.sciencedirect.com/publication/science/24680141","rss.sciencedirect.com","needs-review","","zinote-historical-url-snapshot"
"d8e4fde8f000e429","HPB","https://rss.sciencedirect.com/publication/science/1365182X","rss.sciencedirect.com","needs-review","","zinote-historical-url-snapshot"
"6490a0a1a1228443","HTS Teologiese Studies-Theological Studies","https://hts.org.za/index.php/hts/gateway/plugin/WebFeedGatewayPlugin/atom","hts.org.za","needs-review","","zinote-historical-url-snapshot"
"3096bed5da07ce62","Human Genome Variation","https://www.nature.com/hgv.rss","www.nature.com","needs-review","","zinote-historical-url-snapshot"
"f060f4e7ca5eaf1a","HUMAN MOVEMENT SCIENCE","https://rss.sciencedirect.com/publication/science/01679457","rss.sciencedirect.com","needs-review","","zinote-historical-url-snapshot"
"20b4240c7275e06d","HUMAN PATHOLOGY","https://rss.sciencedirect.com/publication/science/00468177","rss.sciencedirect.com","needs-review","","zinote-historical-url-snapshot"
"7ca9f30623ec748f","HUMAN RESOURCE MANAGEMENT REVIEW","https://rss.sciencedirect.com/publication/science/10534822","rss.sciencedirect.com","needs-review","","zinote-historical-url-snapshot"
"5affdf5655a0a8e5","Human-Wildlife Interactions","https://digitalcommons.usu.edu/hwi/recent.rss","digitalcommons.usu.edu","needs-review","","zinote-historical-url-snapshot"
"0f9a86de41a1d31e","Humana Mente-Journal of Philosophical Studies","https://www.humanamente.eu/index.php/HM/gateway/plugin/WebFeedGatewayPlugin/atom","www.humanamente.eu","needs-review","","zinote-historical-url-snapshot"
"d91267870a85ebdb","Humanidades & Inovacao","https://revista.unitins.br/index.php/humanidadeseinovacao/gateway/plugin/WebFeedGatewayPlugin/atom","revista.unitins.br","needs-review","","zinote-historical-url-snapshot"
"f1776e0f111d031f","Humanities & Social Sciences Communications","https://www.nature.com/palcomms.rss","www.nature.com","needs-review","","zinote-historical-url-snapshot"
"abad317fcc8f780c","Humanities-Basel","https://philhist.unibas.ch/en/feed/8587/feed.rss?cHash=aa51aa8f4d04c398dd7e3db8a93644e3","philhist.unibas.ch","needs-review","","zinote-historical-url-snapshot"
"97d3aaa19c97a8ea","Hume Studies","https://www.humesociety.org/ojs/index.php/hs/gateway/plugin/WebFeedGatewayPlugin/atom","www.humesociety.org","needs-review","","zinote-historical-url-snapshot"
"071d21feefc16d1f","Hungarian Geographical Bulletin","https://ojs.mtak.hu/index.php/hungeobull/gateway/plugin/WebFeedGatewayPlugin/atom","ojs.mtak.hu","needs-review","","zinote-historical-url-snapshot"
"94e2bb20e15fbc62","HYPERTENSION RESEARCH","https://www.nature.com/hr.rss","www.nature.com","needs-review","","zinote-historical-url-snapshot"
"916d121b12cc1f33","i2 Investigacion e Innovacion en Arquitectura y Territorio","https://i2.ua.es/gateway/plugin/WebFeedGatewayPlugin/atom","i2.ua.es","needs-review","","zinote-historical-url-snapshot"
"8cfe6e14b693c8e0","IACR Transactions on Symmetric Cryptology","https://tosc.iacr.org/index.php/ToSC/gateway/plugin/WebFeedGatewayPlugin/atom","tosc.iacr.org","needs-review","","zinote-historical-url-snapshot"
"42813ca41db17e95","Iberoamerican Journal of Development Studies","https://papiro.unizar.es/ojs/index.php/ried/es/gateway/plugin/WebFeedGatewayPlugin/atom","papiro.unizar.es","needs-review","","zinote-historical-url-snapshot"
"4a88dcb3b5fbc3b1","IC-Revista Cientifica de Informacion y Comunicacion","https://icjournal-ojs.org/index.php/IC-Journal/gateway/plugin/WebFeedGatewayPlugin/atom","icjournal-ojs.org","needs-review","","zinote-historical-url-snapshot"
"79d23f3882d96ccb","Ido Movement for Culture-Journal of Martial Arts Anthropology","http://imcjournal.com/index.php/en/home?format=feed&type=rss","imcjournal.com","needs-review","","zinote-historical-url-snapshot"
"5edf575fe1561f2e","IEEE Latin America Transactions","https://latamt.ieeer9.org/index.php/transactions/gateway/plugin/WebFeedGatewayPlugin/atom","latamt.ieeer9.org","needs-review","","zinote-historical-url-snapshot"
"9beb91c0aa0eae7b","IEEE Open Journal of Nanotechnology","https://oj-nano.ieeenano.org/comments/feed/","oj-nano.ieeenano.org","needs-review","","zinote-historical-url-snapshot"
"64ab02032b70e080","IEEE ROBOTICS & AUTOMATION MAGAZINE","https://ramagazine.ieee.org/feed/","ramagazine.ieee.org","needs-review","","zinote-historical-url-snapshot"
"66337395c729e5d4","IEEE SENSORS JOURNAL","https://ieee-sensors.org/feed/","ieee-sensors.org","needs-review","","zinote-historical-url-snapshot"
"d10cbf0480654eb3","IEEE TRANSACTIONS ON INTELLIGENT TRANSPORTATION SYSTEMS","https://ieee-itss.org/comments/feed/","ieee-itss.org","needs-review","","zinote-historical-url-snapshot"
"70a7e8246212c68d","iForest-Biogeosciences and Forestry","https://iforest.sisef.org/users/?action=rssxml","iforest.sisef.org","needs-review","","zinote-historical-url-snapshot"
"6ccbab4fbb4024bd","IIUM Engineering Journal","https://journals.iium.edu.my/ejournal/index.php/iiumej/gateway/plugin/WebFeedGatewayPlugin/atom","journals.iium.edu.my","needs-review","","zinote-historical-url-snapshot"
"25835d3349d600e7","IIUM Law Journal","https://journals.iium.edu.my/iiumlj/index.php/iiumlj/gateway/plugin/WebFeedGatewayPlugin/atom","journals.iium.edu.my","needs-review","","zinote-historical-url-snapshot"
"85328c99e561a46e","IIUM Medical Journal Malaysia","https://journals.iium.edu.my/kom/index.php/imjm/gateway/plugin/AnnouncementFeedGatewayPlugin/atom","journals.iium.edu.my","needs-review","","zinote-historical-url-snapshot"
"fdc9fd301a20a4c0","Image Analysis & Stereology","https://www.ias-iss.org/ojs/IAS/gateway/plugin/WebFeedGatewayPlugin/atom","www.ias-iss.org","needs-review","","zinote-historical-url-snapshot"
"16e7f017d8ba3be2","IMAGE AND VISION COMPUTING","https://rss.sciencedirect.com/publication/science/02628856","rss.sciencedirect.com","needs-review","","zinote-historical-url-snapshot"
"9e3175c46134db62","ImmunoTargets and Therapy","https://www.dovepress.com/feed/journal/138","www.dovepress.com","needs-review","","zinote-historical-url-snapshot"
"a801cc69236fef60","IN BO-Ricerche e Progetti per il Territorio la Citta e l Architettura","https://in-bo.unibo.it/gateway/plugin/AnnouncementFeedGatewayPlugin/atom","in-bo.unibo.it","needs-review","","zinote-historical-url-snapshot"
"61a3c8369dd046e1","In die Skriflig-In Luce Verbi","https://indieskriflig.org.za/index.php/skriflig/gateway/plugin/WebFeedGatewayPlugin/atom","indieskriflig.org.za","needs-review","","zinote-historical-url-snapshot"
"981b6170a27ce32a","INDAGATIONES MATHEMATICAE-NEW SERIES","https://rss.sciencedirect.com/publication/science/00193577","rss.sciencedirect.com","needs-review","","zinote-historical-url-snapshot"
"a9c1f97df877a41e","INDIAN JOURNAL OF GENETICS AND PLANT BREEDING","https://www.isgpb.org/journal/index.php/IJGPB/gateway/plugin/WebFeedGatewayPlugin/atom","www.isgpb.org","needs-review","","zinote-historical-url-snapshot"
"1c8b452a9546a8ec","Indonesia Law Review","https://scholarhub.ui.ac.id/ilrev/recent.rss","scholarhub.ui.ac.id","needs-review","","zinote-historical-url-snapshot"
"750f8ade4aa16e73","Indonesian Capital Market Review","https://scholarhub.ui.ac.id/icmr/recent.rss","scholarhub.ui.ac.id","needs-review","","zinote-historical-url-snapshot"
"751ff809fbbe7784","Indonesian Journal of Forestry Research","https://ejournal.aptklhi.org/index.php/ijfr/gateway/plugin/WebFeedGatewayPlugin/atom","ejournal.aptklhi.org","needs-review","","zinote-historical-url-snapshot"
"58ca8ab8e8492459","Indonesian Journal of Pharmacy","https://journal.ugm.ac.id/v3/IJP/gateway/plugin/WebFeedGatewayPlugin/atom","journal.ugm.ac.id","needs-review","","zinote-historical-url-snapshot"
"dc2e8164feffb6a9","INDUSTRIAL CROPS AND PRODUCTS","https://rss.sciencedirect.com/publication/science/09266690","rss.sciencedirect.com","needs-review","","zinote-historical-url-snapshot"
"fb89a6fa919ae480","Infancias Imagenes","https://revistas.udistrital.edu.co/index.php/infancias/gateway/plugin/WebFeedGatewayPlugin/atom","revistas.udistrital.edu.co","needs-review","","zinote-historical-url-snapshot"
"9791ca7522d6d6a3","Infection and Drug Resistance","https://www.dovepress.com/feed/journal/28","www.dovepress.com","needs-review","","zinote-historical-url-snapshot"
"815d2bfa217039b8","INFECTION GENETICS AND EVOLUTION","https://rss.sciencedirect.com/publication/science/15671348","rss.sciencedirect.com","needs-review","","zinote-historical-url-snapshot"
"a09a42600ff054b0","Informal Logic","https://informallogic.ca/index.php/informal_logic/gateway/plugin/WebFeedGatewayPlugin/atom","informallogic.ca","needs-review","","zinote-historical-url-snapshot"
"9de57f1b4b821df4","Informatics in Education","https://infedu.vu.lt/journal/INFEDU/feeds/latest","infedu.vu.lt","needs-review","","zinote-historical-url-snapshot"
"ee7122737a8048f9","INFORMATION & MANAGEMENT","https://rss.sciencedirect.com/publication/science/03787206","rss.sciencedirect.com","needs-review","","zinote-historical-url-snapshot"
"a99782970912a1e0","Information and Organization","https://rss.sciencedirect.com/publication/science/14717727","rss.sciencedirect.com","needs-review","","zinote-historical-url-snapshot"
"da4639c069bb3f98","INFORMATION AND SOFTWARE TECHNOLOGY","https://rss.sciencedirect.com/publication/science/09505849","rss.sciencedirect.com","needs-review","","zinote-historical-url-snapshot"
"568ca5365b6df4ab","Information Geographique","https://rss.sciencedirect.com/publication/science/30505208","rss.sciencedirect.com","needs-review","","zinote-historical-url-snapshot"
"5e15aa8fc53b190a","INFORMATION PROCESSING LETTERS","https://rss.sciencedirect.com/publication/science/00200190","rss.sciencedirect.com","needs-review","","zinote-historical-url-snapshot"
"0e6a42ee72d38aae","INGE CUC","https://revistascientificas.cuc.edu.co/ingecuc/gateway/plugin/WebFeedGatewayPlugin/atom","revistascientificas.cuc.edu.co","needs-review","","zinote-historical-url-snapshot"
"6413d2218c198923","Ingenieria Solidaria","https://revistas.ucc.edu.co/index.php/in/gateway/plugin/WebFeedGatewayPlugin/atom","revistas.ucc.edu.co","needs-review","","zinote-historical-url-snapshot"
"5a282c255bed3d28","Ingenieria y Competitividad","https://revistaingenieria.univalle.edu.co/index.php/ingenieria_y_competitividad/gateway/plugin/WebFeedGatewayPlugin/atom","revistaingenieria.univalle.edu.co","needs-review","","zinote-historical-url-snapshot"
"56bbee6fdcd22734","INORGANICA CHIMICA ACTA","https://rss.sciencedirect.com/publication/science/00201693","rss.sciencedirect.com","needs-review","","zinote-historical-url-snapshot"
"4448a847d21ef2e9","Insight Turkey","https://www.insightturkey.com/services/rss/articles/all","www.insightturkey.com","needs-review","","zinote-historical-url-snapshot"
"44f21f5e3180caf5","Integrative Medicine Research","https://rss.sciencedirect.com/publication/science/22134220","rss.sciencedirect.com","needs-review","","zinote-historical-url-snapshot"
"743cd14d5327eaea","Interactive Journal of Medical Research","https://www.i-jmr.org/feed/atom","www.i-jmr.org","needs-review","","zinote-historical-url-snapshot"
"fa2b7e1c96d2be07","InterCambios-Dilemas y transiciones de la Educacion Superior","https://ojs.intercambios.cse.udelar.edu.uy/index.php/ic/gateway/plugin/WebFeedGatewayPlugin/atom","ojs.intercambios.cse.udelar.edu.uy","needs-review","","zinote-historical-url-snapshot"
"894af6e2e4b4c888","INTERMETALLICS","https://rss.sciencedirect.com/publication/science/09669795","rss.sciencedirect.com","needs-review","","zinote-historical-url-snapshot"
"5db396e331113adf","International Business Review","https://rss.sciencedirect.com/publication/science/09695931","rss.sciencedirect.com","needs-review","","zinote-historical-url-snapshot"
"4614ef22e7726d43","International Electronic Journal of Geometry","https://ijgeometry.com/feed/","ijgeometry.com","needs-review","","zinote-historical-url-snapshot"
"1acc75b7b2486b8e","International Journal for Parasitology-Parasites and Wildlife","https://rss.sciencedirect.com/publication/science/22132244","rss.sciencedirect.com","needs-review","","zinote-historical-url-snapshot"
"2660da09c440b224","International Journal for Research in Vocational Education and Training-IJRVET","https://journals.suub.uni-bremen.de/index.php/ijrvet/gateway/plugin/WebFeedGatewayPlugin/atom","journals.suub.uni-bremen.de","needs-review","","zinote-historical-url-snapshot"
"d473d2707fdc7ab0","International Journal for Technology in Mathematics Education","https://api.ingentaconnect.com/content/resinf/tme/latest?format=rss","api.ingentaconnect.com","needs-review","","zinote-historical-url-snapshot"
"bfc8173961246afa","International Journal of Agriculture and Natural Resources","http://www.scielo.cl/rss.php?pid=2452-573120250003&lang=en","www.scielo.cl","needs-review","","zinote-historical-url-snapshot"
"b27df551531eeffc","International Journal of Alcohol and Drug Research","https://ijadr.org/index.php/ijadr/gateway/plugin/WebFeedGatewayPlugin/atom","ijadr.org","needs-review","","zinote-historical-url-snapshot"
"fabcb63798130a87","International Journal of Analysis and Applications","https://etamaths.com/index.php/ijaa/gateway/plugin/WebFeedGatewayPlugin/atom","etamaths.com","needs-review","","zinote-historical-url-snapshot"
"169d7e1ea2dc6ffb","International Journal of Asia Pacific Studies","https://ijaps.usm.my/?feed=comments-rss2","ijaps.usm.my","needs-review","","zinote-historical-url-snapshot"
"a2b2a39c4a2211a1","International Journal of Aviation Aeronautics and Aerospace","https://commons.erau.edu/ijaaa/recent.rss","commons.erau.edu","needs-review","","zinote-historical-url-snapshot"
"b8e0d3afa16cd9ca","INTERNATIONAL JOURNAL OF BEHAVIORAL MEDICINE","https://jcom.sissa.it/feed/","jcom.sissa.it","needs-review","","zinote-historical-url-snapshot"
"1c73de295c518406","INTERNATIONAL JOURNAL OF BIOCHEMISTRY & CELL BIOLOGY","https://rss.sciencedirect.com/publication/science/13572725","rss.sciencedirect.com","needs-review","","zinote-historical-url-snapshot"
"eed44b7c03c2d2d9","International Journal of Biology and Chemistry","https://ijbch.kaznu.kz/index.php/kaznu/gateway/plugin/WebFeedGatewayPlugin/atom","ijbch.kaznu.kz","needs-review","","zinote-historical-url-snapshot"
"f68d8cc667bbaa07","International Journal of Built Environment and Sustainability","https://ijbes.utm.my/index.php/ijbes/gateway/plugin/WebFeedGatewayPlugin/atom","ijbes.utm.my","needs-review","","zinote-historical-url-snapshot"
"70a71eaee30ea811","International Journal of Cardiology","https://rss.sciencedirect.com/publication/science/01675273","rss.sciencedirect.com","needs-review","","zinote-historical-url-snapshot"
"121b6f921ba3b264","International Journal of Cardiology Congenital Heart Disease","https://rss.sciencedirect.com/publication/science/26666685","rss.sciencedirect.com","needs-review","","zinote-historical-url-snapshot"
"7ae0891fcd8d9558","International Journal of Chinese & Comparative Philosophy of Medicine","https://ejournals.lib.hkbu.edu.hk/index.php/ijccpm/gateway/plugin/WebFeedGatewayPlugin/atom","ejournals.lib.hkbu.edu.hk","needs-review","","zinote-historical-url-snapshot"
"e73df1eef217396a","INTERNATIONAL JOURNAL OF COAL GEOLOGY","https://rss.sciencedirect.com/publication/science/01665162","rss.sciencedirect.com","needs-review","","zinote-historical-url-snapshot"
"179000fbe9017157","International Journal of Cognitive Research in Science Engineering and Education-IJCRSEE","https://www.ijcrsee.com/index.php/ijcrsee/gateway/plugin/AnnouncementFeedGatewayPlugin/atom","www.ijcrsee.com","needs-review","","zinote-historical-url-snapshot"
"8960227ded7c31bc","International Journal of Combinatorial Optimization Problems and Informatics","https://ijcopi.org/ojs/gateway/plugin/WebFeedGatewayPlugin/atom","ijcopi.org","needs-review","","zinote-historical-url-snapshot"
"4bcad93c9b0ab60c","International Journal of Communication","https://ijoc.org/index.php/ijoc/gateway/plugin/WebFeedGatewayPlugin/atom","ijoc.org","needs-review","","zinote-historical-url-snapshot"
"0050a2fe0c2b6ee6","International Journal of Contemporary Economics and Administrative Sciences","http://ijceas.com/index.php/ijceas/gateway/plugin/WebFeedGatewayPlugin/atom","ijceas.com","needs-review","","zinote-historical-url-snapshot"
"afab6f77d2292044","International Journal of Cuban Studies","https://www.plutojournals.com/comments/feed/","www.plutojournals.com","needs-review","","zinote-historical-url-snapshot"
"d8de939fa143515f","International Journal of Design","https://ijdesign.org/index.php/IJDesign/feed/atom","ijdesign.org","needs-review","","zinote-historical-url-snapshot"
"e872c25db3185c04","International Journal of Ecological Economics & Statistics","http://www.ceser.in/ceserp/index.php/ijees/gateway/plugin/WebFeedGatewayPlugin/atom","www.ceser.in","needs-review","","zinote-historical-url-snapshot"
"4a494fa286c5627b","International Journal of Ecology & Development","http://www.ceser.in/ceserp/index.php/ijed/gateway/plugin/WebFeedGatewayPlugin/atom","www.ceser.in","needs-review","","zinote-historical-url-snapshot"
"de12e47bf60f7377","International Journal of Economics Management and Accounting","https://journals.iium.edu.my/enmjournal/index.php/enmj/gateway/plugin/WebFeedGatewayPlugin/atom","journals.iium.edu.my","needs-review","","zinote-historical-url-snapshot"
"8fbce078a0132f9e","International Journal of Educational Research and Innovation","https://www.upo.es/revistas/index.php/IJERI/gateway/plugin/WebFeedGatewayPlugin/atom","www.upo.es","needs-review","","zinote-historical-url-snapshot"
"23da3ca1f6932a63","International Journal of Engineering Pedagogy","https://online-journals.org/index.php/i-jep/gateway/plugin/WebFeedGatewayPlugin/atom","online-journals.org","needs-review","","zinote-historical-url-snapshot"
"510176890603f279","International Journal of Engineering Research in Africa","https://www.scientific.net/JERA/Rss","www.scientific.net","needs-review","","zinote-historical-url-snapshot"
"07c19c9fe2168403","INTERNATIONAL JOURNAL OF ENGINEERING SCIENCE","https://rss.sciencedirect.com/publication/science/00207225","rss.sciencedirect.com","needs-review","","zinote-historical-url-snapshot"
"ca04a5d4a34fbccc","International Journal of English Studies","https://revistas.um.es/ijes/gateway/plugin/WebFeedGatewayPlugin/atom","revistas.um.es","needs-review","","zinote-historical-url-snapshot"
"adbe03715906a9c8","International Journal of Fatigue","https://rss.sciencedirect.com/publication/science/01421123","rss.sciencedirect.com","needs-review","","zinote-historical-url-snapshot"
"d94ba1a51f072b8a","International Journal of Fertility & Sterility","https://www.ijfs.ir/ju.rss","www.ijfs.ir","needs-review","","zinote-historical-url-snapshot"
"339c728608bac4a8","International Journal of Gastronomy and Food Science","https://rss.sciencedirect.com/publication/science/1878450X","rss.sciencedirect.com","needs-review","","zinote-historical-url-snapshot"
"3a80920027fc5f43","International Journal of General Medicine","https://www.dovepress.com/feed/journal/39","www.dovepress.com","needs-review","","zinote-historical-url-snapshot"
"73b2ab1c200abd44","International Journal of Health Policy and Management","https://www.ijhpm.com/ju.rss","www.ijhpm.com","needs-review","","zinote-historical-url-snapshot"
"8f2c89ee8c7e5532","International Journal of Hepatobiliary and Pancreatic Diseases","https://rss.sciencedirect.com/publication/science/14993872","rss.sciencedirect.com","needs-review","","zinote-historical-url-snapshot"
"d63a2fcf1f55f0b7","INTERNATIONAL JOURNAL OF IMPOTENCE RESEARCH","https://www.nature.com/ijir.rss","www.nature.com","needs-review","","zinote-historical-url-snapshot"
"793cfbcf80094011","International Journal of Indigenous Health","https://jps.library.utoronto.ca/index.php/ijih/gateway/plugin/WebFeedGatewayPlugin/atom","jps.library.utoronto.ca","needs-review","","zinote-historical-url-snapshot"
"e900c807d8a72e80","INTERNATIONAL JOURNAL OF INDUSTRIAL ERGONOMICS","https://rss.sciencedirect.com/publication/science/01698141","rss.sciencedirect.com","needs-review","","zinote-historical-url-snapshot"
"c70dcfe77b44efd0","International Journal of Integrative Psychotherapy","https://www.integrative-journal.com/index.php/ijip/gateway/plugin/WebFeedGatewayPlugin/atom","www.integrative-journal.com","needs-review","","zinote-historical-url-snapshot"
"f1d9f8c4be0527e0","International Journal of Korean History","https://ijkh.khistory.org/journal/rss/xml/feed.xml","ijkh.khistory.org","needs-review","","zinote-historical-url-snapshot"
"7cbf6bb29169e476","INTERNATIONAL JOURNAL OF LAW AND PSYCHIATRY","https://rss.sciencedirect.com/publication/science/01602527","rss.sciencedirect.com","needs-review","","zinote-historical-url-snapshot"
"8b4e0f6b1cd35004","INTERNATIONAL JOURNAL OF MACHINE TOOLS & MANUFACTURE","https://rss.sciencedirect.com/publication/science/08906955","rss.sciencedirect.com","needs-review","","zinote-historical-url-snapshot"
"64209e8c88147c56","International Journal of Marketing Communication and New Media","http://u3isjournal.isvouga.pt/index.php/ijmcnm/gateway/plugin/WebFeedGatewayPlugin/atom","u3isjournal.isvouga.pt","needs-review","","zinote-historical-url-snapshot"
"efd7f9391b029bf6","INTERNATIONAL JOURNAL OF MECHANICAL SCIENCES","https://rss.sciencedirect.com/publication/science/00207403","rss.sciencedirect.com","needs-review","","zinote-historical-url-snapshot"
"528453a84a66df6f","International Journal of Multicultural Education","https://ijme-journal.org/index.php/ijme/gateway/plugin/WebFeedGatewayPlugin/atom","ijme-journal.org","needs-review","","zinote-historical-url-snapshot"
"3622250ea771bd90","INTERNATIONAL JOURNAL OF MULTIPHASE FLOW","https://rss.sciencedirect.com/publication/science/03019322","rss.sciencedirect.com","needs-review","","zinote-historical-url-snapshot"
"c09295496632c0d7","INTERNATIONAL JOURNAL OF NON-LINEAR MECHANICS","https://rss.sciencedirect.com/publication/science/00207462","rss.sciencedirect.com","needs-review","","zinote-historical-url-snapshot"
"01388b559222ffc6","INTERNATIONAL JOURNAL OF OBESITY","https://www.nature.com/ijo.rss","www.nature.com","needs-review","","zinote-historical-url-snapshot"
"14a1bec161d7be08","International Journal of Optimization and Control-Theories & Applications-IJOCTA","https://ijocta.org/index.php/files/gateway/plugin/AnnouncementFeedGatewayPlugin/atom","ijocta.org","needs-review","","zinote-historical-url-snapshot"
"561c7e5e6b9d2680","International Journal of Oral Science","https://www.nature.com/ijos.rss","www.nature.com","needs-review","","zinote-historical-url-snapshot"
"6a78c691910c934b","International Journal of Pharmaceutics-X","https://rss.sciencedirect.com/publication/science/25901567","rss.sciencedirect.com","needs-review","","zinote-historical-url-snapshot"
"7ec642b531a130fb","International Journal of Population Data Science (IJPDS)","https://ijpds.org/gateway/plugin/WebFeedGatewayPlugin/atom","ijpds.org","needs-review","","zinote-historical-url-snapshot"
"3d08da57f7039b61","International Journal of Prognostics and Health Management","https://papers.phmsociety.org/index.php/ijphm/gateway/plugin/WebFeedGatewayPlugin/atom","papers.phmsociety.org","needs-review","","zinote-historical-url-snapshot"
"632c6c83d852fe2d","INTERNATIONAL JOURNAL OF PROJECT MANAGEMENT","https://rss.sciencedirect.com/publication/science/02637863","rss.sciencedirect.com","needs-review","","zinote-historical-url-snapshot"
"238cfddcc8e87a2a","International Journal of Public Health","https://www.ssph-journal.org/journals/international-journal-of-public-health/rss","www.ssph-journal.org","needs-review","","zinote-historical-url-snapshot"
"e5f51d2600eec976","International Journal of Renewable Energy Research","https://www.ijrer.org/index.php/ijrer/gateway/plugin/AnnouncementFeedGatewayPlugin/atom","www.ijrer.org","needs-review","","zinote-historical-url-snapshot"
"d200afbb9c5ed144","INTERNATIONAL JOURNAL OF RESEARCH IN MARKETING","https://rss.sciencedirect.com/publication/science/01678116","rss.sciencedirect.com","needs-review","","zinote-historical-url-snapshot"
"d20887781360077f","INTERNATIONAL JOURNAL OF RIVER BASIN MANAGEMENT","https://rss.sciencedirect.com/publication/science/2213297X","rss.sciencedirect.com","needs-review","","zinote-historical-url-snapshot"
"8fe276bb07bbd9f8","International Journal of the Commons","https://account.thecommonsjournal.org/index.php/up-j-ijc/gateway/plugin/WebFeedGatewayPlugin/atom","account.thecommonsjournal.org","needs-review","","zinote-historical-url-snapshot"
"e45c038a31262c14","International Journal of Womens Health","https://www.dovepress.com/feed/journal/45","www.dovepress.com","needs-review","","zinote-historical-url-snapshot"
"574faa2838da00e8","International Review of Economics Education","https://rss.sciencedirect.com/publication/science/14773880","rss.sciencedirect.com","needs-review","","zinote-historical-url-snapshot"
"dfe9d7c88b4f686d","International Review of Research in Open and Distributed Learning","https://www.irrodl.org/index.php/irrodl/gateway/plugin/WebFeedGatewayPlugin/atom","www.irrodl.org","needs-review","","zinote-historical-url-snapshot"
"ec26db6aaba3ffac","International Review of Social Psychology","https://account.rips-irsp.com/index.php/up-j-irsp/gateway/plugin/WebFeedGatewayPlugin/atom","account.rips-irsp.com","needs-review","","zinote-historical-url-snapshot"
"dc0efd00253d727f","Internet Journal of Allied Health Sciences and Practice","https://nsuworks.nova.edu/ijahsp/recent.rss","nsuworks.nova.edu","needs-review","","zinote-historical-url-snapshot"
"30f18f52ad94836a","Intersecciones en Antropologia","https://interseccionesantro.soc.unicen.edu.ar/index.php/intersecciones/gateway/plugin/WebFeedGatewayPlugin/atom","interseccionesantro.soc.unicen.edu.ar","needs-review","","zinote-historical-url-snapshot"
"c0f80882687fc9e5","Intersections-East European Journal of Society and Politics","https://intersections.tk.mta.hu/index.php/intersections/gateway/plugin/WebFeedGatewayPlugin/atom","intersections.tk.mta.hu","needs-review","","zinote-historical-url-snapshot"
"d429d9cd7a49fbf1","Intrecci d Arte","https://intreccidarte.unibo.it/gateway/plugin/AnnouncementFeedGatewayPlugin/atom","intreccidarte.unibo.it","needs-review","","zinote-historical-url-snapshot"
"dc38a9062432d9b4","Investigacion y Educacion en Enfermeria","https://revistas.udea.edu.co/index.php/iee/gateway/plugin/WebFeedGatewayPlugin/atom","revistas.udea.edu.co","needs-review","","zinote-historical-url-snapshot"
"764df097125d2dc4","Investigaciones sobre Lectura","https://riuma.uma.es/rest/opensearch/search?format=atom&scope=c1c6ba50-3829-4fa0-a731-caef15973065&query=*","riuma.uma.es","needs-review","","zinote-historical-url-snapshot"
"cac4f9a8ce536aac","Investigaciones Turisticas","https://investigacionesturisticas.ua.es/gateway/plugin/WebFeedGatewayPlugin/atom","investigacionesturisticas.ua.es","needs-review","","zinote-historical-url-snapshot"
"ec88a6cd1f3756bb","Iranian Journal of Biotechnology","https://www.ijbiotech.com/ju.rss","www.ijbiotech.com","needs-review","","zinote-historical-url-snapshot"
"f278de107525303f","Iranian Journal of Catalysis","https://oiccpress.com/ijc/gateway/plugin/WebFeedGatewayPlugin/atom","oiccpress.com","needs-review","","zinote-historical-url-snapshot"
"67f74596bc00f4d5","Iranian Red Crescent Medical Journal","https://ircmj.com/ju.rss","ircmj.com","needs-review","","zinote-historical-url-snapshot"
"aa3f63c7f2f95c15","ISME Communications","https://www.nature.com/ismecomms.rss","www.nature.com","needs-review","","zinote-historical-url-snapshot"
"09e88a8314f46198","ISME Journal","https://www.nature.com/ismej.rss","www.nature.com","needs-review","","zinote-historical-url-snapshot"
"cfc0b1c3aabedb71","ISRA International Journal of Islamic Finance","https://journal.inceif.edu.my/index.php/ijif/gateway/plugin/WebFeedGatewayPlugin/atom","journal.inceif.edu.my","needs-review","","zinote-historical-url-snapshot"
"c7914bf64d6468df","Istanbul Universitesi Sosyoloji Dergisi-Istanbul University Journal of Sociology","https://doaj.org/feed","doaj.org","needs-review","","zinote-historical-url-snapshot"
"090edd8601f6a20c","Italian Journal of Engineering Geology and Environment","https://rosa.uniroma1.it/rosa02/engineering_geology_environment/gateway/plugin/WebFeedGatewayPlugin/atom","rosa.uniroma1.it","needs-review","","zinote-historical-url-snapshot"
"f59cf415066eca46","ITALIAN JOURNAL OF FOOD SCIENCE","https://www.itjfs.com/index.php/ijfs/gateway/plugin/WebFeedGatewayPlugin/atom","www.itjfs.com","needs-review","","zinote-historical-url-snapshot"
"3e22ca6560e76668","Italian Journal of Medicine","https://www.italjmed.org/ijm/gateway/plugin/WebFeedGatewayPlugin/atom","www.italjmed.org","needs-review","","zinote-historical-url-snapshot"
"183344ef057f5948","Ius Canonicum","https://revistas.unav.edu/index.php/ius-canonicum/gateway/plugin/WebFeedGatewayPlugin/atom","revistas.unav.edu","needs-review","","zinote-historical-url-snapshot"
"a60819308c21a8fc","Ius Humani-Revista de Derecho","https://iushumani.org/index.php/iushumani/gateway/plugin/WebFeedGatewayPlugin/atom","iushumani.org","needs-review","","zinote-historical-url-snapshot"
"919658c734ab2f91","Izvestiya Instituta Matematiki i Informatiki-Udmurtskogo Gosudarstvennogo Universiteta","https://journals.udsu.ru/mathematics/gateway/plugin/WebFeedGatewayPlugin/atom","journals.udsu.ru","needs-review","","zinote-historical-url-snapshot"
"6d7d54b81f5fe77c","Jamba-Journal of Disaster Risk Studies","https://jamba.org.za/index.php/jamba/gateway/plugin/WebFeedGatewayPlugin/atom","jamba.org.za","needs-review","","zinote-historical-url-snapshot"
"32b7373b29f31a11","JAPAN AND THE WORLD ECONOMY","https://rss.sciencedirect.com/publication/science/09221425","rss.sciencedirect.com","needs-review","","zinote-historical-url-snapshot"
"3db057e2991d4c1a","Japanese Dental Science Review","https://rss.sciencedirect.com/publication/science/18827616","rss.sciencedirect.com","needs-review","","zinote-historical-url-snapshot"
"ef2b3e83e018af08","JATI-Journal of Southeast Asian Studies","https://jati.um.edu.my/index.php/jati/gateway/plugin/WebFeedGatewayPlugin/atom","jati.um.edu.my","needs-review","","zinote-historical-url-snapshot"
"02dd9a3ad0308433","JCI Insight","https://insight.jci.org/rss","insight.jci.org","needs-review","","zinote-historical-url-snapshot"
"3ebca8f5710297ed","Jeu-Revue de Theatre","https://revuejeu.org/feed/","revuejeu.org","needs-review","","zinote-historical-url-snapshot"
"5c00ffdc2fbfde48","JFR-Journal of Family Research","https://ubp.uni-bamberg.de/jfr/index.php/jfr/gateway/plugin/WebFeedGatewayPlugin/atom","ubp.uni-bamberg.de","needs-review","","zinote-historical-url-snapshot"
"ddd64c3d9a37176f","JMIR Aging","https://aging.jmir.org/feed/atom","aging.jmir.org","needs-review","","zinote-historical-url-snapshot"
"b3109b5d5e7a6623","JMIR Cancer","https://cancer.jmir.org/feed/atom","cancer.jmir.org","needs-review","","zinote-historical-url-snapshot"
"5c290f866db47419","JMIR Formative Research","https://formative.jmir.org/feed/atom","formative.jmir.org","needs-review","","zinote-historical-url-snapshot"
"2fd78fbbdc2758d3","JMIR Human Factors","https://humanfactors.jmir.org/feed/atom","humanfactors.jmir.org","needs-review","","zinote-historical-url-snapshot"
"9a9a4d6149b7fb62","JMIR Infodemiology","https://infodemiology.jmir.org/feed/atom","infodemiology.jmir.org","needs-review","","zinote-historical-url-snapshot"
"541c69edaddd1207","JMIR Medical Informatics","https://medinform.jmir.org/feed/atom","medinform.jmir.org","needs-review","","zinote-historical-url-snapshot"
"11a00d6f84f4ad59","JMIR Mental Health","https://mental.jmir.org/feed/atom","mental.jmir.org","needs-review","","zinote-historical-url-snapshot"
"7e22d7e9ca618311","JMIR mHealth and uHealth","https://mhealth.jmir.org/feed/atom","mhealth.jmir.org","needs-review","","zinote-historical-url-snapshot"
"d9d405d8f24dc052","JMIR Pediatrics and Parenting","https://pediatrics.jmir.org/feed/atom","pediatrics.jmir.org","needs-review","","zinote-historical-url-snapshot"
"965244f9aff9e562","JMIR Public Health and Surveillance","https://publichealth.jmir.org/feed/atom","publichealth.jmir.org","needs-review","","zinote-historical-url-snapshot"
"a5a6adb329dda7e2","JMIR Research Protocols","https://www.researchprotocols.org/feed/atom","www.researchprotocols.org","needs-review","","zinote-historical-url-snapshot"
"cf7ac18f853c40f4","JMIR Serious Games","https://games.jmir.org/feed/atom","games.jmir.org","needs-review","","zinote-historical-url-snapshot"
"f94898544c224c7e","JNP- The Journal for Nurse Practitioners","https://rss.sciencedirect.com/publication/science/15554155","rss.sciencedirect.com","needs-review","","zinote-historical-url-snapshot"
"d86cbe4945fdb9d4","JNT-JOURNAL OF NARRATIVE THEORY","https://journalofnarrativetheory.com/feed/","journalofnarrativetheory.com","needs-review","","zinote-historical-url-snapshot"
"443bca91a048a6a0","Jordan Journal of Chemistry","https://jjc.yu.edu.jo/index.php/jjc/gateway/plugin/WebFeedGatewayPlugin/atom","jjc.yu.edu.jo","needs-review","","zinote-historical-url-snapshot"
"e3842bd614005651","Jordan Journal of Mathematics and Statistics","https://jjms.yu.edu.jo/index.php/jjms/gateway/plugin/WebFeedGatewayPlugin/atom","jjms.yu.edu.jo","needs-review","","zinote-historical-url-snapshot"
"9fe22bb71df7565f","Jordan Journal of Modern Languages & Literature","https://jjmll.yu.edu.jo/index.php/jjmll/gateway/plugin/WebFeedGatewayPlugin/atom","jjmll.yu.edu.jo","needs-review","","zinote-historical-url-snapshot"
"b7a1a522a2615e06","Journal de l Ecole Polytechnique-Mathematiques","https://jep.math.cnrs.fr/index.php/JEP/gateway/plugin/WebFeedGatewayPlugin/atom","jep.math.cnrs.fr","needs-review","","zinote-historical-url-snapshot"
"a0c44ae2d6fb0489","JOURNAL DE MATHEMATIQUES PURES ET APPLIQUEES","https://rss.sciencedirect.com/publication/science/00217824","rss.sciencedirect.com","needs-review","","zinote-historical-url-snapshot"
"093796eed102ef1e","Journal for Critical Education Policy Studies","https://jceps.com/comments/feed/","jceps.com","needs-review","","zinote-historical-url-snapshot"
"663d0b73daeb29c7","JOURNAL FOR NATURE CONSERVATION","https://rss.sciencedirect.com/publication/science/16171381","rss.sciencedirect.com","needs-review","","zinote-historical-url-snapshot"
"33b98f6d841e5037","JOURNAL FOR THE STUDY OF RELIGIONS AND IDEOLOGIES","https://thenewjsri.ro/index.php/njsri/gateway/plugin/WebFeedGatewayPlugin/atom","thenewjsri.ro","needs-review","","zinote-historical-url-snapshot"
"0682f9f012e66448","Journal fur Kulturpflanzen","https://ojs.openagrar.de/index.php/Kulturpflanzenjournal/gateway/plugin/WebFeedGatewayPlugin/atom","ojs.openagrar.de","needs-review","","zinote-historical-url-snapshot"
"9c7bc2db2adabdf6","JOURNAL OF ACCOUNTING & ECONOMICS","https://rss.sciencedirect.com/publication/science/01654101","rss.sciencedirect.com","needs-review","","zinote-historical-url-snapshot"
"e1bf6fa8d3c0a390","Journal of Adolescent Health","https://rss.sciencedirect.com/publication/science/1054139X","rss.sciencedirect.com","needs-review","","zinote-historical-url-snapshot"
"a76202835c22f9a4","JOURNAL OF AEROSOL SCIENCE","https://rss.sciencedirect.com/publication/science/00218502","rss.sciencedirect.com","needs-review","","zinote-historical-url-snapshot"
"26e15e573602f041","JOURNAL OF AGRICULTURAL ECONOMICS","https://rss.sciencedirect.com/publication/science/07437315","rss.sciencedirect.com","needs-review","","zinote-historical-url-snapshot"
"ba419969ccf9e181","Journal of Agricultural Engineering","https://www.agroengineering.org/jae/gateway/plugin/WebFeedGatewayPlugin/atom","www.agroengineering.org","needs-review","","zinote-historical-url-snapshot"
"b7267ba9df044b0d","Journal of Agriculture and Environment for International Development","https://www.jaeid.it/index.php/jaeid/gateway/plugin/WebFeedGatewayPlugin/atom","www.jaeid.it","needs-review","","zinote-historical-url-snapshot"
"4e403f1cca72f699","JOURNAL OF AIR TRANSPORT MANAGEMENT","https://rss.sciencedirect.com/publication/science/09696997","rss.sciencedirect.com","needs-review","","zinote-historical-url-snapshot"
"d2ea603a0fd3f309","Journal of Al-Tamaddun","https://ijie.um.edu.my/index.php/JAT/gateway/plugin/WebFeedGatewayPlugin/atom","ijie.um.edu.my","needs-review","","zinote-historical-url-snapshot"
"56d17313b6bc7071","Journal of Alloys and Compounds","https://rss.sciencedirect.com/publication/science/09258388","rss.sciencedirect.com","needs-review","","zinote-historical-url-snapshot"
"07766f49e44007bb","JOURNAL OF ANALYTICAL AND APPLIED PYROLYSIS","https://rss.sciencedirect.com/publication/science/01652370","rss.sciencedirect.com","needs-review","","zinote-historical-url-snapshot"
"b0c49f4fd9840d9f","Journal of Animal Behaviour and Biometeorology","https://malque.pub/ojs/index.php/jabb/gateway/plugin/WebFeedGatewayPlugin/atom","malque.pub","needs-review","","zinote-historical-url-snapshot"
"5bde3ac735073420","JOURNAL OF ANTHROPOLOGICAL ARCHAEOLOGY","https://rss.sciencedirect.com/publication/science/02784165","rss.sciencedirect.com","needs-review","","zinote-historical-url-snapshot"
"97ce8ae19c725dcb","JOURNAL OF ANTIBIOTICS","https://www.nature.com/ja.rss","www.nature.com","needs-review","","zinote-historical-url-snapshot"
"861b4a16869afa94","Journal of Applied Fluid Mechanics","https://www.jafmonline.net/ju.rss","www.jafmonline.net","needs-review","","zinote-historical-url-snapshot"
"f975d32eb3bb7b0e","JOURNAL OF APPLIED GEOPHYSICS","https://rss.sciencedirect.com/publication/science/09269851","rss.sciencedirect.com","needs-review","","zinote-historical-url-snapshot"
"b1d4f176e1c9e5d9","JOURNAL OF APPROXIMATION THEORY","https://rss.sciencedirect.com/publication/science/00219045","rss.sciencedirect.com","needs-review","","zinote-historical-url-snapshot"
"c775762b59c698c2","JOURNAL OF ARTIFICIAL INTELLIGENCE RESEARCH","https://www.jair.org/index.php/jair/gateway/plugin/WebFeedGatewayPlugin/atom","www.jair.org","needs-review","","zinote-historical-url-snapshot"
"aa11c5cf25fc86aa","Journal of Asia-Pacific Biodiversity","https://rss.sciencedirect.com/publication/science/2287884X","rss.sciencedirect.com","needs-review","","zinote-historical-url-snapshot"
"9d3e32b45e9424c5","JOURNAL OF ASIAN EARTH SCIENCES","https://rss.sciencedirect.com/publication/science/13679120","rss.sciencedirect.com","needs-review","","zinote-historical-url-snapshot"
"eb96643bdf893e09","Journal of Banking and Finance Law and Practice","https://rss.sciencedirect.com/publication/science/03784266","rss.sciencedirect.com","needs-review","","zinote-historical-url-snapshot"
"9ebbc08ea97da283","Journal of Behavioral and Cognitive Therapy","https://rss.sciencedirect.com/publication/science/25899791","rss.sciencedirect.com","needs-review","","zinote-historical-url-snapshot"
"ea6009d8575a5f52","Journal of Behavioral and Experimental Economics","https://rss.sciencedirect.com/publication/science/22148043","rss.sciencedirect.com","needs-review","","zinote-historical-url-snapshot"
"d6e1d3cf9873c77d","Journal of Behavioral Science","https://so06.tci-thaijo.org/index.php/IJBS/gateway/plugin/WebFeedGatewayPlugin/atom","so06.tci-thaijo.org","needs-review","","zinote-historical-url-snapshot"
"02d20af2bf9f35eb","Journal of Biomimetics Biomaterials and Biomedical Engineering","https://www.scientific.net/JBBBE/Rss","www.scientific.net","needs-review","","zinote-historical-url-snapshot"
"9f5161e3b0f558d1","JOURNAL OF CARDIOVASCULAR SURGERY","https://rss.sciencedirect.com/publication/science/00225223","rss.sciencedirect.com","needs-review","","zinote-historical-url-snapshot"
"835ecf6920a9c80d","Journal of Cereal Science","https://rss.sciencedirect.com/publication/science/07335210","rss.sciencedirect.com","needs-review","","zinote-historical-url-snapshot"
"f7bd55c630577b4a","JOURNAL OF CHEMICAL NEUROANATOMY","https://rss.sciencedirect.com/publication/science/08910618","rss.sciencedirect.com","needs-review","","zinote-historical-url-snapshot"
"5ecbea0b4238738d","JOURNAL OF CHEMICAL THERMODYNAMICS","https://rss.sciencedirect.com/publication/science/00219614","rss.sciencedirect.com","needs-review","","zinote-historical-url-snapshot"
"c4c48d1b427a7f76","Journal of Childhood Studies","https://journals.uvic.ca/index.php/jcs/gateway/plugin/WebFeedGatewayPlugin/atom","journals.uvic.ca","needs-review","","zinote-historical-url-snapshot"
"39e305d97ca330d9","Journal of Choice Modelling","https://rss.sciencedirect.com/publication/science/17555345","rss.sciencedirect.com","needs-review","","zinote-historical-url-snapshot"
"bacac766ce1e323d","JOURNAL OF CHROMATOGRAPHY A","https://rss.sciencedirect.com/publication/science/00219673","rss.sciencedirect.com","needs-review","","zinote-historical-url-snapshot"
"873fb665ad95eef1","Journal of Clinical and Diagnostic Research","http://jcdr.net/rss.aspx","jcdr.net","needs-review","","zinote-historical-url-snapshot"
"5a1917060778e1b1","Journal of Clinical and Experimental Hepatology","https://rss.sciencedirect.com/publication/science/09736883","rss.sciencedirect.com","needs-review","","zinote-historical-url-snapshot"
"ea5c02242fe1cd79","JOURNAL OF CLINICAL INVESTIGATION","https://www.jci.org/rss","www.jci.org","needs-review","","zinote-historical-url-snapshot"
"02362d39ac07e65b","Journal of Clinical Tuberculosis and Other Mycobacterial Diseases","https://rss.sciencedirect.com/publication/science/24055794","rss.sciencedirect.com","needs-review","","zinote-historical-url-snapshot"
"364ed3a5957be2f5","JOURNAL OF COMBINATORIAL THEORY SERIES A","https://rss.sciencedirect.com/publication/science/00973165","rss.sciencedirect.com","needs-review","","zinote-historical-url-snapshot"
"ed226714a4164ab1","JOURNAL OF COMBINATORIAL THEORY SERIES B","https://rss.sciencedirect.com/publication/science/00958956","rss.sciencedirect.com","needs-review","","zinote-historical-url-snapshot"
"1c07366e46a7c720","Journal of Commodity Markets","https://rss.sciencedirect.com/publication/science/24058513","rss.sciencedirect.com","needs-review","","zinote-historical-url-snapshot"
"66d7e5461031466a","JOURNAL OF COMPARATIVE ECONOMICS","https://rss.sciencedirect.com/publication/science/01475967","rss.sciencedirect.com","needs-review","","zinote-historical-url-snapshot"
"ce8a1d9edb6163ee","JOURNAL OF COMPARATIVE PATHOLOGY","https://rss.sciencedirect.com/publication/science/00219975","rss.sciencedirect.com","needs-review","","zinote-historical-url-snapshot"
"dee98904f527e71a","JOURNAL OF COMPUTATIONAL PHYSICS","https://rss.sciencedirect.com/publication/science/00219991","rss.sciencedirect.com","needs-review","","zinote-historical-url-snapshot"
"97aec43d42b41bcc","Journal of Computer Languages","https://rss.sciencedirect.com/publication/science/25901184","rss.sciencedirect.com","needs-review","","zinote-historical-url-snapshot"
"d217c02e6a51105a","JOURNAL OF CONSCIOUSNESS STUDIES","https://api.ingentaconnect.com/content/imp/jcs/latest?format=rss","api.ingentaconnect.com","needs-review","","zinote-historical-url-snapshot"
"d5470ec70a24d775","Journal of Contemporary European Research","https://jcer.net/index.php/jcer/gateway/plugin/WebFeedGatewayPlugin/atom","jcer.net","needs-review","","zinote-historical-url-snapshot"
"eb46bcda4fce942e","JOURNAL OF CRANIO-MAXILLOFACIAL SURGERY","https://rss.sciencedirect.com/publication/science/10105182","rss.sciencedirect.com","needs-review","","zinote-historical-url-snapshot"
"ca0bfe10dea05dd8","Journal of Criminal Psychology","https://rss.sciencedirect.com/publication/science/02643707","rss.sciencedirect.com","needs-review","","zinote-historical-url-snapshot"
"a7dae92f3e29f61e","Journal of Dentistry Indonesia","https://scholarhub.ui.ac.id/jdi/recent.rss","scholarhub.ui.ac.id","needs-review","","zinote-historical-url-snapshot"
"2a5c4e2c36623645","Journal of Destination Marketing & Management","https://rss.sciencedirect.com/publication/science/2212571X","rss.sciencedirect.com","needs-review","","zinote-historical-url-snapshot"
"3562a9a75dca270a","Journal of E-Learning and Knowledge Society","https://www.je-lks.org/ojs/index.php/Je-LKS_EN/gateway/plugin/WebFeedGatewayPlugin/atom","www.je-lks.org","needs-review","","zinote-historical-url-snapshot"
"1f2614f8a5645c87","Journal of Economic Integration","https://www.e-jei.org/journal/rss/xml/feed.xml","www.e-jei.org","needs-review","","zinote-historical-url-snapshot"
"5d5b2d9180d8b420","Journal of Education Culture and Society","https://jecs.pl/index.php/jecs/gateway/plugin/WebFeedGatewayPlugin/atom","jecs.pl","needs-review","","zinote-historical-url-snapshot"
"26d70d29e620c5ac","Journal of Educational Cultural and Psychological Studies","https://www.ledonline.it/index.php/ECPS-Journal/gateway/plugin/WebFeedGatewayPlugin/atom","www.ledonline.it","needs-review","","zinote-historical-url-snapshot"
"fe2f47f2dd35f0f5","Journal of Electrocardiology","https://rss.sciencedirect.com/publication/science/00220736","rss.sciencedirect.com","needs-review","","zinote-historical-url-snapshot"
"bd188d84dd065f22","Journal of Electrochemical Science and Engineering","https://pub.iapchem.org/ojs/index.php/JESE/gateway/plugin/WebFeedGatewayPlugin/atom","pub.iapchem.org","needs-review","","zinote-historical-url-snapshot"
"62f3a8a3e8f11d9b","JOURNAL OF ELECTRON SPECTROSCOPY AND RELATED PHENOMENA","https://rss.sciencedirect.com/publication/science/03682048","rss.sciencedirect.com","needs-review","","zinote-historical-url-snapshot"
"7133b727cef4be1c","Journal of EndoVascular Resuscitation and Trauma Management","https://publicera.kb.se/jevtm/gateway/plugin/WebFeedGatewayPlugin/atom","publicera.kb.se","needs-review","","zinote-historical-url-snapshot"
"ea6ad33033907132","Journal of Energy Chemistry","https://rss.sciencedirect.com/publication/science/20954956","rss.sciencedirect.com","needs-review","","zinote-historical-url-snapshot"
"adbe48e637f0c330","Journal of Energy in Southern Africa","https://energyjournal.africa/gateway/plugin/WebFeedGatewayPlugin/atom","energyjournal.africa","needs-review","","zinote-historical-url-snapshot"
"2004a57b4790d3e2","Journal of Energy Storage","https://rss.sciencedirect.com/publication/science/2352152X","rss.sciencedirect.com","needs-review","","zinote-historical-url-snapshot"
"d2f46d2740505461","JOURNAL OF ENVIRONMENTAL ECONOMICS AND MANAGEMENT","https://rss.sciencedirect.com/publication/science/00950696","rss.sciencedirect.com","needs-review","","zinote-historical-url-snapshot"
"92dd7e0b851d9e03","JOURNAL OF EQUINE VETERINARY SCIENCE","https://rss.sciencedirect.com/publication/science/07370806","rss.sciencedirect.com","needs-review","","zinote-historical-url-snapshot"
"2439bf9f4da60b7c","Journal of Exercise Rehabilitation","https://www.e-jer.org/journal/rss/xml/feed.xml","www.e-jer.org","needs-review","","zinote-historical-url-snapshot"
"65568c725f1a2671","JOURNAL OF EXPERIMENTAL MARINE BIOLOGY AND ECOLOGY","https://rss.sciencedirect.com/publication/science/00220981","rss.sciencedirect.com","needs-review","","zinote-historical-url-snapshot"
"c33f28460b58f35a","Journal of Exposure Science and Environmental Epidemiology","https://www.nature.com/jes.rss","www.nature.com","needs-review","","zinote-historical-url-snapshot"
"0456f60584cfa6f5","Journal of Eye Movement Research","https://bop.unibe.ch/JEMR/gateway/plugin/WebFeedGatewayPlugin/atom","bop.unibe.ch","needs-review","","zinote-historical-url-snapshot"
"4f62c88c8e34e3a4","Journal of Family Business Strategy","https://rss.sciencedirect.com/publication/science/18778585","rss.sciencedirect.com","needs-review","","zinote-historical-url-snapshot"
"a3b2c3f71c9dc323","Journal of Feminist Scholarship","https://digitalcommons.uri.edu/jfs/recent.rss","digitalcommons.uri.edu","needs-review","","zinote-historical-url-snapshot"
"6b9a5a027dc16604","JOURNAL OF FINANCIAL INTERMEDIATION","https://rss.sciencedirect.com/publication/science/10429573","rss.sciencedirect.com","needs-review","","zinote-historical-url-snapshot"
"d883fc53cbe4212e","Journal of Financial Stability","https://rss.sciencedirect.com/publication/science/15723089","rss.sciencedirect.com","needs-review","","zinote-historical-url-snapshot"
"55bd9d00c3e6d7ba","JOURNAL OF FLUENCY DISORDERS","https://rss.sciencedirect.com/publication/science/0094730X","rss.sciencedirect.com","needs-review","","zinote-historical-url-snapshot"
"2bfeba2a1bbe54a4","JOURNAL OF FOOD PROTECTION","https://rss.sciencedirect.com/publication/science/0362028X","rss.sciencedirect.com","needs-review","","zinote-historical-url-snapshot"
"a1ed9a2e50ef30ec","Journal of French and Francophone Philosophy","https://www.jffp.org/ojs/jffp/gateway/plugin/WebFeedGatewayPlugin/atom","www.jffp.org","needs-review","","zinote-historical-url-snapshot"
"8b39a0d03e36841f","Journal of Future Foods","https://rss.sciencedirect.com/publication/science/27725669","rss.sciencedirect.com","needs-review","","zinote-historical-url-snapshot"
"be8ca3cba014ff6b","Journal of Gastrointestinal and Liver Diseases","https://jgld.ro/jgld/index.php/jgld/gateway/plugin/WebFeedGatewayPlugin/atom","jgld.ro","needs-review","","zinote-historical-url-snapshot"
"a99e706869b52cbd","JOURNAL OF GENETICS","https://rss.sciencedirect.com/publication/science/16738527","rss.sciencedirect.com","needs-review","","zinote-historical-url-snapshot"
"bd47a59be0c043a5","JOURNAL OF GEOMETRY AND PHYSICS","https://rss.sciencedirect.com/publication/science/03930440","rss.sciencedirect.com","needs-review","","zinote-historical-url-snapshot"
"8e6fa7db4b9011c7","Journal of Geosciences","http://www.jgeosci.org/jgeosci.rss","www.jgeosci.org","needs-review","","zinote-historical-url-snapshot"
"9ef66775de4115b3","Journal of Gerontology and Geriatrics","https://www.jgerontology-geriatrics.com/gateway/plugin/WebFeedGatewayPlugin/atom","www.jgerontology-geriatrics.com","needs-review","","zinote-historical-url-snapshot"
"0bf4d21a80dc5c9e","JOURNAL OF GREAT LAKES RESEARCH","https://rss.sciencedirect.com/publication/science/03801330","rss.sciencedirect.com","needs-review","","zinote-historical-url-snapshot"
"ce01b631ee59a8bc","Journal of Hand and Microsurgery","https://rss.sciencedirect.com/publication/science/09743227","rss.sciencedirect.com","needs-review","","zinote-historical-url-snapshot"
"641b69fd087f9c01","Journal of Happiness Studies","https://rss.sciencedirect.com/publication/science/00472484","rss.sciencedirect.com","needs-review","","zinote-historical-url-snapshot"
"79c7367f4802c550","Journal of Healthcare Quality Research","https://rss.sciencedirect.com/publication/science/26036479","rss.sciencedirect.com","needs-review","","zinote-historical-url-snapshot"
"b1dffd67d2c64d47","Journal of Hepatocellular Carcinoma","https://www.dovepress.com/feed/journal/148","www.dovepress.com","needs-review","","zinote-historical-url-snapshot"
"e80d88710393b9fa","Journal of Herbal Medicine","https://rss.sciencedirect.com/publication/science/00222496","rss.sciencedirect.com","needs-review","","zinote-historical-url-snapshot"
"aa5edc9602dc4d7c","JOURNAL OF HISTORICAL GEOGRAPHY","https://rss.sciencedirect.com/publication/science/03057488","rss.sciencedirect.com","needs-review","","zinote-historical-url-snapshot"
"38102b3f6f84267c","Journal of Hospitality and Tourism Management","https://rss.sciencedirect.com/publication/science/14476770","rss.sciencedirect.com","needs-review","","zinote-historical-url-snapshot"
"a88711a41c6d10ee","JOURNAL OF HOUSING ECONOMICS","https://rss.sciencedirect.com/publication/science/10511377","rss.sciencedirect.com","needs-review","","zinote-historical-url-snapshot"
"23d59251d0c83579","JOURNAL OF HUMAN GENETICS","https://www.nature.com/jhg.rss","www.nature.com","needs-review","","zinote-historical-url-snapshot"
"bb03ce806be23ae3","JOURNAL OF HUMAN HYPERTENSION","https://www.nature.com/jhh.rss","www.nature.com","needs-review","","zinote-historical-url-snapshot"
"68f777ac6f4b845a","Journal of Humanistic Mathematics","https://scholarship.claremont.edu/jhm/recent.rss","scholarship.claremont.edu","needs-review","","zinote-historical-url-snapshot"
"9ccbf2045c3cee2f","Journal of Hydro-environment Research","https://rss.sciencedirect.com/publication/science/15706443","rss.sciencedirect.com","needs-review","","zinote-historical-url-snapshot"
"38d0a6f69e9e036a","Journal of Hydrology","https://rss.sciencedirect.com/publication/science/00221694","rss.sciencedirect.com","needs-review","","zinote-historical-url-snapshot"
"9c2ee873be09e8b7","Journal of Hydrology X","https://rss.sciencedirect.com/publication/science/25899155","rss.sciencedirect.com","needs-review","","zinote-historical-url-snapshot"
"ac35dab1d9eca4e7","Journal of ICT Research and Applications","https://journals.itb.ac.id/index.php/jictra/gateway/plugin/WebFeedGatewayPlugin/atom","journals.itb.ac.id","needs-review","","zinote-historical-url-snapshot"
"be01697127b300a2","JOURNAL OF IMMUNOLOGICAL METHODS","https://rss.sciencedirect.com/publication/science/00221759","rss.sciencedirect.com","needs-review","","zinote-historical-url-snapshot"
"bb8304acf2857ff9","JOURNAL OF INFECTION","https://rss.sciencedirect.com/publication/science/01634453","rss.sciencedirect.com","needs-review","","zinote-historical-url-snapshot"
"1074c4ad03894cb6","Journal of Infection and Public Health","https://rss.sciencedirect.com/publication/science/18760341","rss.sciencedirect.com","needs-review","","zinote-historical-url-snapshot"
"9922f103279e91f1","Journal of Infection in Developing Countries","https://jidc.org/index.php/journal/gateway/plugin/AnnouncementFeedGatewayPlugin/atom","jidc.org","needs-review","","zinote-historical-url-snapshot"
"ac7e663ed25a48bc","Journal of Inflammation Research","https://www.dovepress.com/feed/journal/35","www.dovepress.com","needs-review","","zinote-historical-url-snapshot"
"48be5d50dad5d273","Journal of Information and Organizational Sciences","https://jios.foi.hr/index.php/jios/gateway/plugin/WebFeedGatewayPlugin/atom","jios.foi.hr","needs-review","","zinote-historical-url-snapshot"
"8dc6271ffd31fdc7","Journal of Information Security and Applications","https://rss.sciencedirect.com/publication/science/22142126","rss.sciencedirect.com","needs-review","","zinote-historical-url-snapshot"
"724f012643d58c43","Journal of Infrastructure Policy and Development","https://systems.enpress-publisher.com/index.php/jipd/gateway/plugin/WebFeedGatewayPlugin/atom","systems.enpress-publisher.com","needs-review","","zinote-historical-url-snapshot"
"b7afe0604e8f3839","Journal of Innovation & Knowledge","https://rss.sciencedirect.com/publication/science/2444569X","rss.sciencedirect.com","needs-review","","zinote-historical-url-snapshot"
"2172b77583c5e68f","Journal of Insect Biodiversity","https://www.mapress.com/jib/gateway/plugin/WebFeedGatewayPlugin/atom","www.mapress.com","needs-review","","zinote-historical-url-snapshot"
"ca236d00eb288f74","Journal of Integrative Medicine-JIM","https://rss.sciencedirect.com/publication/science/20954964","rss.sciencedirect.com","needs-review","","zinote-historical-url-snapshot"
"3be8c0d23f5f4470","Journal of Intelligence Studies in Business","https://journal.lu.lv/JISIB/gateway/plugin/WebFeedGatewayPlugin/atom","journal.lu.lv","needs-review","","zinote-historical-url-snapshot"
"7ba5e0bc354e6f7f","Journal of Interactive Media in Education","https://account.jime.open.ac.uk/index.php/up-j-jime/gateway/plugin/WebFeedGatewayPlugin/atom","account.jime.open.ac.uk","needs-review","","zinote-historical-url-snapshot"
"13fb08393073c129","Journal of International Advanced Otology","https://advancedotology.org/index.php/pub/gateway/plugin/WebFeedGatewayPlugin/atom","advancedotology.org","needs-review","","zinote-historical-url-snapshot"
"6d5c4c9ecf24cf0d","Journal of International and Comparative Education","https://jice.um.edu.my/index.php/JICE/gateway/plugin/WebFeedGatewayPlugin/atom","jice.um.edu.my","needs-review","","zinote-historical-url-snapshot"
"8d1e19827ac00f72","Journal of International Financial Markets Institutions & Money","https://rss.sciencedirect.com/publication/science/10424431","rss.sciencedirect.com","needs-review","","zinote-historical-url-snapshot"
"8015cf7f5f206252","Journal of International Management","https://rss.sciencedirect.com/publication/science/10754253","rss.sciencedirect.com","needs-review","","zinote-historical-url-snapshot"
"f53fb4ca78062d6b","JOURNAL OF INTERNATIONAL MONEY AND FINANCE","https://rss.sciencedirect.com/publication/science/02615606","rss.sciencedirect.com","needs-review","","zinote-historical-url-snapshot"
"374d5a3cba9ab9e4","Journal of International Studies-JIS","https://e-journal.uum.edu.my/index.php/jis/en/gateway/plugin/WebFeedGatewayPlugin/atom","e-journal.uum.edu.my","needs-review","","zinote-historical-url-snapshot"
"74f583404e1da749","Journal of Korean Neurosurgical Society","https://jkns.or.kr/journal/rss/xml/feed.xml","jkns.or.kr","needs-review","","zinote-historical-url-snapshot"
"08d23ab94b95d46f","Journal of Korean Studies","https://gwiks.elliott.gwu.edu/feed/","gwiks.elliott.gwu.edu","needs-review","","zinote-historical-url-snapshot"
"09ba6e3428304465","Journal of Language and Education","https://jle.hse.ru/gateway/plugin/WebFeedGatewayPlugin/atom","jle.hse.ru","needs-review","","zinote-historical-url-snapshot"
"fc59b63d3e29aa61","Journal of Learning Analytics","https://www.learning-analytics.info/index.php/JLA/gateway/plugin/WebFeedGatewayPlugin/atom","www.learning-analytics.info","needs-review","","zinote-historical-url-snapshot"
"d12ef610ec8056c1","Journal of Lithic Studies","https://journals.ed.ac.uk/lithicstudies/gateway/plugin/WebFeedGatewayPlugin/atom","journals.ed.ac.uk","needs-review","","zinote-historical-url-snapshot"
"33cd8a588f22fae7","Journal of Logical and Algebraic Methods in Programming","https://rss.sciencedirect.com/publication/science/23522208","rss.sciencedirect.com","needs-review","","zinote-historical-url-snapshot"
"565b80c3c3c97267","JOURNAL OF MACROECONOMICS","https://rss.sciencedirect.com/publication/science/01640704","rss.sciencedirect.com","needs-review","","zinote-historical-url-snapshot"
"c1f5d8dd84dc1c8d","Journal of Magnesium and Alloys","https://rss.sciencedirect.com/publication/science/22139567","rss.sciencedirect.com","needs-review","","zinote-historical-url-snapshot"
"5273b35dbfdc5293","Journal of Magnetic Resonance Open","https://rss.sciencedirect.com/publication/science/26664410","rss.sciencedirect.com","needs-review","","zinote-historical-url-snapshot"
"e1bf20879e564ffa","Journal of Management Science and Engineering","https://rss.sciencedirect.com/publication/science/20962320","rss.sciencedirect.com","needs-review","","zinote-historical-url-snapshot"
"b4602a0e0f832d95","Journal of Manufacturing Processes","https://rss.sciencedirect.com/publication/science/15266125","rss.sciencedirect.com","needs-review","","zinote-historical-url-snapshot"
"d37fa0ad5b06bb6e","JOURNAL OF MARINE SYSTEMS","https://rss.sciencedirect.com/publication/science/09247963","rss.sciencedirect.com","needs-review","","zinote-historical-url-snapshot"
"bd5214200fcf15bc","Journal of Materials and Engineering Structures","https://revue.ummto.dz/index.php/JMES/gateway/plugin/WebFeedGatewayPlugin/atom","revue.ummto.dz","needs-review","","zinote-historical-url-snapshot"
"fa01a6f15e10c4cc","JOURNAL OF MATHEMATICAL ANALYSIS AND APPLICATIONS","https://rss.sciencedirect.com/publication/science/0022247X","rss.sciencedirect.com","needs-review","","zinote-historical-url-snapshot"
"73e9fb74cbbcaa8e","Journal of Mathematical Behavior","https://rss.sciencedirect.com/publication/science/07323123","rss.sciencedirect.com","needs-review","","zinote-historical-url-snapshot"
"698d2c184cea2856","JOURNAL OF MATHEMATICAL ECONOMICS","https://rss.sciencedirect.com/publication/science/03044068","rss.sciencedirect.com","needs-review","","zinote-historical-url-snapshot"
"089c7ff89ef9d254","Journal of Mathematical Extension","https://www.ijmex.com/index.php/ijmex/gateway/plugin/WebFeedGatewayPlugin/atom","www.ijmex.com","needs-review","","zinote-historical-url-snapshot"
"6793937027c06a90","Journal of Mathematical Study","https://global-sci.com/jms/gateway/plugin/WebFeedGatewayPlugin/atom","global-sci.com","needs-review","","zinote-historical-url-snapshot"
"1cdd93c0cca789ab","Journal of Measurements in Engineering","https://www.extrica.com/journal/jme/rss/latest","www.extrica.com","needs-review","","zinote-historical-url-snapshot"
"a172851521909099","JOURNAL OF MEDICAL INTERNET RESEARCH","https://www.jmir.org/feed/atom","www.jmir.org","needs-review","","zinote-historical-url-snapshot"
"f897f5c1b01ca5af","JOURNAL OF MEMBRANE SCIENCE","https://rss.sciencedirect.com/publication/science/03767388","rss.sciencedirect.com","needs-review","","zinote-historical-url-snapshot"
"c12396d6284c9a28","Journal of Membrane Science Letters","https://rss.sciencedirect.com/publication/science/27724212","rss.sciencedirect.com","needs-review","","zinote-historical-url-snapshot"
"1b45a6bdbea2eaac","Journal of Migration and Health","https://rss.sciencedirect.com/publication/science/26666235","rss.sciencedirect.com","needs-review","","zinote-historical-url-snapshot"
"291c16e87cf9ff55","JOURNAL OF MOLECULAR GRAPHICS & MODELLING","https://rss.sciencedirect.com/publication/science/10933263","rss.sciencedirect.com","needs-review","","zinote-historical-url-snapshot"
"89556da22359c985","JOURNAL OF MOLECULAR SPECTROSCOPY","https://rss.sciencedirect.com/publication/science/00222852","rss.sciencedirect.com","needs-review","","zinote-historical-url-snapshot"
"3c6a5b8a5cab96cf","Journal of Multinational Financial Management","https://rss.sciencedirect.com/publication/science/1042444X","rss.sciencedirect.com","needs-review","","zinote-historical-url-snapshot"
"865716779b0b5eb2","JOURNAL OF NEURORADIOLOGY","https://rss.sciencedirect.com/publication/science/01509861","rss.sciencedirect.com","needs-review","","zinote-historical-url-snapshot"
"50a3dbbd3cf41742","JOURNAL OF NEUROSCIENCE METHODS","https://rss.sciencedirect.com/publication/science/01650270","rss.sciencedirect.com","needs-review","","zinote-historical-url-snapshot"
"fde3ffda6792b27b","Journal of New Zealand Studies","https://ojs.victoria.ac.nz/jnzs/gateway/plugin/WebFeedGatewayPlugin/atom","ojs.victoria.ac.nz","needs-review","","zinote-historical-url-snapshot"
"91eb66632dc5716f","Journal of Nonprofit Education and Leadership","https://www.js.sagamorepub.com/index.php/jnel/gateway/plugin/WebFeedGatewayPlugin/atom","www.js.sagamorepub.com","needs-review","","zinote-historical-url-snapshot"
"4f625ffe41a592c6","Journal of Nuclear Materials","https://rss.sciencedirect.com/publication/science/00223115","rss.sciencedirect.com","needs-review","","zinote-historical-url-snapshot"
"11205d8d1f8c9e73","Journal of Nusantara Studies-JONUS","https://journal.unisza.edu.my/jonus/index.php/jonus/gateway/plugin/WebFeedGatewayPlugin/atom","journal.unisza.edu.my","needs-review","","zinote-historical-url-snapshot"
"5df22582c0871577","Journal of Open Archaeology Data","https://account.openarchaeologydata.metajnl.com/index.php/up-j-joad/gateway/plugin/WebFeedGatewayPlugin/atom","account.openarchaeologydata.metajnl.com","needs-review","","zinote-historical-url-snapshot"
"c73f50d69b896726","Journal of Oral Biosciences","https://rss.sciencedirect.com/publication/science/13490079","rss.sciencedirect.com","needs-review","","zinote-historical-url-snapshot"
"e6dcdec3c90fcbbc","Journal of Orthopaedic Translation","https://rss.sciencedirect.com/publication/science/2214031X","rss.sciencedirect.com","needs-review","","zinote-historical-url-snapshot"
"a1c0c9c9fc7b847c","Journal of Osseointegration","https://www.journalofosseointegration.eu/jo/gateway/plugin/WebFeedGatewayPlugin/atom","www.journalofosseointegration.eu","needs-review","","zinote-historical-url-snapshot"
"86aef461873cffee","Journal of Outdoor Recreation and Tourism-Research Planning and Management","https://rss.sciencedirect.com/publication/science/22130780","rss.sciencedirect.com","needs-review","","zinote-historical-url-snapshot"
"8eb0b93df6eff48a","Journal of Outdoor Recreation Education and Leadership","https://js.sagamorepub.com/index.php/jorel/gateway/plugin/WebFeedGatewayPlugin/atom","js.sagamorepub.com","needs-review","","zinote-historical-url-snapshot"
"6581417ea8e8214b","Journal of Pacific Archaeology","https://pacificarchaeology.org/index.php/journal/gateway/plugin/WebFeedGatewayPlugin/atom","pacificarchaeology.org","needs-review","","zinote-historical-url-snapshot"
"040eeeebce4ea967","Journal of Pain Research","https://www.dovepress.com/feed/journal/41","www.dovepress.com","needs-review","","zinote-historical-url-snapshot"
"2742a07681cee43b","Journal of Park and Recreation Administration","https://js.sagamorepub.com/index.php/jpra/gateway/plugin/WebFeedGatewayPlugin/atom","js.sagamorepub.com","needs-review","","zinote-historical-url-snapshot"
"bdfb9e5b3f5cef3f","Journal of Patient-Centered Research and Reviews","https://institutionalrepository.aah.org/jpcrr/recent.rss","institutionalrepository.aah.org","needs-review","","zinote-historical-url-snapshot"
"65a30bb4a796488f","Journal of Pediatric Surgery Case Reports","https://rss.sciencedirect.com/publication/science/22135766","rss.sciencedirect.com","needs-review","","zinote-historical-url-snapshot"
"2bdf8ec118044c71","Journal of PeriAnesthesia Nursing","https://rss.sciencedirect.com/publication/science/10899472","rss.sciencedirect.com","needs-review","","zinote-historical-url-snapshot"
"3380791a87b90241","Journal of Perinatology","https://www.nature.com/jp.rss","www.nature.com","needs-review","","zinote-historical-url-snapshot"
"27bb924f7736ec08","JOURNAL OF PHARMACEUTICAL SCIENCES","https://rss.sciencedirect.com/publication/science/00223549","rss.sciencedirect.com","needs-review","","zinote-historical-url-snapshot"
"b9cee9ba1f387cbf","JOURNAL OF PHARMACY AND PHARMACEUTICAL SCIENCES","https://www.frontierspartnerships.org/journals/journal-of-pharmacy-pharmaceutical-sciences/rss","www.frontierspartnerships.org","needs-review","","zinote-historical-url-snapshot"
"eb9fff48ed41b2f3","Journal of Philosophical Economics","https://jpe.episciences.org/rss/papers","jpe.episciences.org","needs-review","","zinote-historical-url-snapshot"
"3a8a0bca72129ebc","JOURNAL OF PHONETICS","https://rss.sciencedirect.com/publication/science/00954470","rss.sciencedirect.com","needs-review","","zinote-historical-url-snapshot"
"acafe0e2b6a09b5c","JOURNAL OF PHOTOCHEMISTRY AND PHOTOBIOLOGY B-BIOLOGY","https://rss.sciencedirect.com/publication/science/10111344","rss.sciencedirect.com","needs-review","","zinote-historical-url-snapshot"
"c7c289bd644d4f9e","JOURNAL OF PHYSICS AND CHEMISTRY OF SOLIDS","https://rss.sciencedirect.com/publication/science/00223697","rss.sciencedirect.com","needs-review","","zinote-historical-url-snapshot"
"3711d67200eb79cc","Journal of Plastic Reconstructive and Aesthetic Surgery","https://rss.sciencedirect.com/publication/science/17486815","rss.sciencedirect.com","needs-review","","zinote-historical-url-snapshot"
"28b3ea47d2a9c527","Journal of Power Sources Advances","https://rss.sciencedirect.com/publication/science/26662485","rss.sciencedirect.com","needs-review","","zinote-historical-url-snapshot"
"1ba377d19b7acf2d","JOURNAL OF PRAGMATICS","https://rss.sciencedirect.com/publication/science/03782166","rss.sciencedirect.com","needs-review","","zinote-historical-url-snapshot"
"1b18be2895872b0b","Journal of Print and Media Technology Research","https://jpmtr.org/index.php/journal/gateway/plugin/WebFeedGatewayPlugin/atom","jpmtr.org","needs-review","","zinote-historical-url-snapshot"
"631922043590f1c8","Journal of Proteomics","https://rss.sciencedirect.com/publication/science/18743919","rss.sciencedirect.com","needs-review","","zinote-historical-url-snapshot"
"b08cbec07530273b","Journal of Public and Nonprofit Affairs","https://jpna.org/index.php/jpna/gateway/plugin/WebFeedGatewayPlugin/atom","jpna.org","needs-review","","zinote-historical-url-snapshot"
"b617592580557e9d","Journal of Public Health in Africa","https://publichealthinafrica.org/index.php/jphia/gateway/plugin/WebFeedGatewayPlugin/atom","publichealthinafrica.org","needs-review","","zinote-historical-url-snapshot"
"be2e9143b994debc","Journal of Radiation Protection and Research","https://www.jrpr.org/journal/rss/xml/feed.xml","www.jrpr.org","needs-review","","zinote-historical-url-snapshot"
"53ed4e7401e2fa79","Journal of Radiology Case Reports","https://www.radiologycases.com/index.php/radiologycases/gateway/plugin/AnnouncementFeedGatewayPlugin/atom","www.radiologycases.com","needs-review","","zinote-historical-url-snapshot"
"69151cfdf964ddf8","Journal of Rail Transport Planning & Management","https://rss.sciencedirect.com/publication/science/22109706","rss.sciencedirect.com","needs-review","","zinote-historical-url-snapshot"
"b15637169211b8cf","JOURNAL OF RARE EARTHS","https://rss.sciencedirect.com/publication/science/10020721","rss.sciencedirect.com","needs-review","","zinote-historical-url-snapshot"
"66c6683aa20efd33","Journal of Reliability and Statistical Studies","https://journals.riverpublishers.com/index.php/JRSS/gateway/plugin/WebFeedGatewayPlugin/atom","journals.riverpublishers.com","needs-review","","zinote-historical-url-snapshot"
"26ab3b681e8be8ff","JOURNAL OF RESEARCH IN PERSONALITY","https://rss.sciencedirect.com/publication/science/00926566","rss.sciencedirect.com","needs-review","","zinote-historical-url-snapshot"
"4484eb6d41efd4fd","Journal of Rural and Community Development","https://journals.brandonu.ca/jrcd/gateway/plugin/WebFeedGatewayPlugin/atom","journals.brandonu.ca","needs-review","","zinote-historical-url-snapshot"
"ce5a0f1b57f36757","Journal of Saudi Chemical Society","https://rss.sciencedirect.com/publication/science/13196103","rss.sciencedirect.com","needs-review","","zinote-historical-url-snapshot"
"92aafc25560c7a1f","JOURNAL OF SCHOOL PSYCHOLOGY","https://rss.sciencedirect.com/publication/science/00224405","rss.sciencedirect.com","needs-review","","zinote-historical-url-snapshot"
"944ae0d1a206bc0f","JOURNAL OF SCIENCE AND MEDICINE IN SPORT","https://rss.sciencedirect.com/publication/science/14402440","rss.sciencedirect.com","needs-review","","zinote-historical-url-snapshot"
"9d4eb6413476c43b","Journal of Seed Science","https://www.scielo.br/journal/jss/feed/","www.scielo.br","needs-review","","zinote-historical-url-snapshot"
"47bc60ab8e0809f7","Journal of Social and Political Psychology","https://jspp.psychopen.eu/index.php/jspp/gateway/plugin/WebFeedGatewayPlugin/atom","jspp.psychopen.eu","needs-review","","zinote-historical-url-snapshot"
"94d2dfc866152194","Journal of Specialised Translation","https://www.jostrans.org/gateway/plugin/WebFeedGatewayPlugin/atom","www.jostrans.org","needs-review","","zinote-historical-url-snapshot"
"5a76a62289503ccb","Journal of Sport and Health Research","https://rss.sciencedirect.com/publication/science/20952546","rss.sciencedirect.com","needs-review","","zinote-historical-url-snapshot"
"ef540cee9a937fed","Journal of Sport for Development","https://jsfd.org/feed/","jsfd.org","needs-review","","zinote-historical-url-snapshot"
"c2ca922fa3ee1ba7","Journal of Statistical Software","https://www.jstatsoft.org/index.php/jss/gateway/plugin/WebFeedGatewayPlugin/atom","www.jstatsoft.org","needs-review","","zinote-historical-url-snapshot"
"94cc8487f3a54d21","JOURNAL OF STEROID BIOCHEMISTRY AND MOLECULAR BIOLOGY","https://rss.sciencedirect.com/publication/science/09600760","rss.sciencedirect.com","needs-review","","zinote-historical-url-snapshot"
"db52870b934fd56e","JOURNAL OF STORED PRODUCTS RESEARCH","https://rss.sciencedirect.com/publication/science/0022474X","rss.sciencedirect.com","needs-review","","zinote-historical-url-snapshot"
"8ded65e8a7eea9ea","JOURNAL OF STRATEGIC INFORMATION SYSTEMS","https://rss.sciencedirect.com/publication/science/09638687","rss.sciencedirect.com","needs-review","","zinote-historical-url-snapshot"
"639325492b97ee40","Journal of Stroke","https://www.j-stroke.org/journal/rss/xml/feed.xml","www.j-stroke.org","needs-review","","zinote-historical-url-snapshot"
"9e4e463632398d1b","Journal of Student Financial Aid","https://ir.library.louisville.edu/jsfa/recent.rss","ir.library.louisville.edu","needs-review","","zinote-historical-url-snapshot"
"054ab099e010e33b","JOURNAL OF SUPERCRITICAL FLUIDS","https://rss.sciencedirect.com/publication/science/08968446","rss.sciencedirect.com","needs-review","","zinote-historical-url-snapshot"
"018fef912a18188d","Journal of Sustainable Mining","https://jsm.gig.eu/recent.rss","jsm.gig.eu","needs-review","","zinote-historical-url-snapshot"
"2d36facc1522c435","JOURNAL OF SYMBOLIC COMPUTATION","https://rss.sciencedirect.com/publication/science/07477171","rss.sciencedirect.com","needs-review","","zinote-historical-url-snapshot"
"878a8925bb4a17af","JOURNAL OF SYSTEMS ARCHITECTURE","https://rss.sciencedirect.com/publication/science/13837621","rss.sciencedirect.com","needs-review","","zinote-historical-url-snapshot"
"686369afff9e7572","Journal of Taibah University Medical Sciences","https://rss.sciencedirect.com/publication/science/16583612","rss.sciencedirect.com","needs-review","","zinote-historical-url-snapshot"
"c206dd5c14272a46","Journal of Tax Administration","https://jota.website/jota/gateway/plugin/WebFeedGatewayPlugin/atom","jota.website","needs-review","","zinote-historical-url-snapshot"
"1dde37c19ca8d0d9","Journal of the Academy of Consultation-Liaison Psychiatry","https://rss.sciencedirect.com/publication/science/26672960","rss.sciencedirect.com","needs-review","","zinote-historical-url-snapshot"
"d7fa159516ea6bde","JOURNAL OF THE AMERICAN LEATHER CHEMISTS ASSOCIATION","https://journals.uc.edu/index.php/JALCA/gateway/plugin/WebFeedGatewayPlugin/atom","journals.uc.edu","needs-review","","zinote-historical-url-snapshot"
"06994f8fd6fc0a7c","JOURNAL OF THE AMERICAN MATHEMATICAL SOCIETY","https://www.ams.org/rss/jams.rss","www.ams.org","needs-review","","zinote-historical-url-snapshot"
"6cb422782de7b567","Journal of the ASEAN Federation of Endocrine Societies","https://asean-endocrinejournal.org/index.php/JAFES/gateway/plugin/AnnouncementFeedGatewayPlugin/atom","asean-endocrinejournal.org","needs-review","","zinote-historical-url-snapshot"
"176668e378229af9","Journal of the Association for Information Systems","https://aisel.aisnet.org/jais/recent.rss","aisel.aisnet.org","needs-review","","zinote-historical-url-snapshot"
"cec507bbd4e60b92","Journal of the Belgian Society of Radiology","https://account.jbsr.be/index.php/up-j-jbsr/gateway/plugin/WebFeedGatewayPlugin/atom","account.jbsr.be","needs-review","","zinote-historical-url-snapshot"
"c17927c12aa36ca2","Journal of the Canadian Health Libraries Association","https://journals.library.ualberta.ca/jchla/index.php/jchla/gateway/plugin/WebFeedGatewayPlugin/atom","journals.library.ualberta.ca","needs-review","","zinote-historical-url-snapshot"
"dd2f95d76202562b","JOURNAL OF THE CHILEAN CHEMICAL SOCIETY","https://jcchems.com/index.php/JCCHEMS/gateway/plugin/WebFeedGatewayPlugin/atom","jcchems.com","needs-review","","zinote-historical-url-snapshot"
"fc9e54dc6b5b3abe","JOURNAL OF THE ENERGY INSTITUTE","https://rss.sciencedirect.com/publication/science/17439671","rss.sciencedirect.com","needs-review","","zinote-historical-url-snapshot"
"cfec6bf71c2d6a5a","JOURNAL OF THE ENTOMOLOGICAL RESEARCH SOCIETY","https://www.entomol.org/journal/index.php/JERS/gateway/plugin/WebFeedGatewayPlugin/atom","www.entomol.org","needs-review","","zinote-historical-url-snapshot"
"76665a1977326fa0","Journal of the European Ceramic Society","https://rss.sciencedirect.com/publication/science/09552219","rss.sciencedirect.com","needs-review","","zinote-historical-url-snapshot"
"bf40dff39db31c6a","JOURNAL OF THE FORMOSAN MEDICAL ASSOCIATION","https://rss.sciencedirect.com/publication/science/09296646","rss.sciencedirect.com","needs-review","","zinote-historical-url-snapshot"
"312383f44b49c90e","Journal of the Geographical Institute Jovan Cvijic SASA","https://ojs.gi.sanu.ac.rs/index.php/zbornik/gateway/plugin/AnnouncementFeedGatewayPlugin/atom","ojs.gi.sanu.ac.rs","needs-review","","zinote-historical-url-snapshot"
"f70ea1c60a21742a","Journal of the Indonesian Mathematical Society","https://jims-a.org/index.php/jimsa/gateway/plugin/WebFeedGatewayPlugin/atom","jims-a.org","needs-review","","zinote-historical-url-snapshot"
"9c2c539e193ca327","JOURNAL OF THE JAPANESE AND INTERNATIONAL ECONOMIES","https://rss.sciencedirect.com/publication/science/08891583","rss.sciencedirect.com","needs-review","","zinote-historical-url-snapshot"
"ca034840e1bb0670","JOURNAL OF THE KOREAN MATHEMATICAL SOCIETY","https://kkms.org/index.php/kjm/gateway/plugin/WebFeedGatewayPlugin/atom","kkms.org","needs-review","","zinote-historical-url-snapshot"
"5bf6c24e4d48c301","Journal of the Korean Medical Association","https://jkma.org/journal/rss/xml/feed.xml","jkma.org","needs-review","","zinote-historical-url-snapshot"
"892e49c9aa2d010a","Journal of the Korean Ophthalmological Society","https://www.jkos.org/journal/rss/xml/feed.xml","www.jkos.org","needs-review","","zinote-historical-url-snapshot"
"67a8dc5a0e507b67","JOURNAL OF THE MEDICAL LIBRARY ASSOCIATION","https://jmla.mlanet.org/ojs/jmla/gateway/plugin/WebFeedGatewayPlugin/atom","jmla.mlanet.org","needs-review","","zinote-historical-url-snapshot"
"71da5f882e9df53a","Journal of the Mexican Chemical Society","https://www.jmcs.org.mx/index.php/jmcs/gateway/plugin/WebFeedGatewayPlugin/atom","www.jmcs.org.mx","needs-review","","zinote-historical-url-snapshot"
"3f63378333f83458","JOURNAL OF THE NATIONAL SCIENCE FOUNDATION OF SRI LANKA","https://account.jnsfsl.sljol.info/index.php/sljo-j-jnsfsl/gateway/plugin/WebFeedGatewayPlugin/atom","account.jnsfsl.sljol.info","needs-review","","zinote-historical-url-snapshot"
"25fc44fa15334c7e","Journal of the Pakistan Institute of Chemical Engineers","https://www.piche.org.pk/journal/index.php/jpiche/gateway/plugin/WebFeedGatewayPlugin/atom","www.piche.org.pk","needs-review","","zinote-historical-url-snapshot"
"78bce1cdf4dbbd2e","JOURNAL OF THE PROFESSIONAL ASSOCIATION FOR CACTUS DEVELOPMENT","https://www.jpacd.org/jpacd/gateway/plugin/WebFeedGatewayPlugin/atom","www.jpacd.org","needs-review","","zinote-historical-url-snapshot"
"07b758286a2f95d3","JOURNAL OF THE ROYAL ASIATIC SOCIETY","https://royalasiaticsociety.org/comments/feed/","royalasiaticsociety.org","needs-review","","zinote-historical-url-snapshot"
"62da3f5755e43873","Journal of the Saudi Heart Association","https://www.j-saudi-heart.com/recent.rss","www.j-saudi-heart.com","needs-review","","zinote-historical-url-snapshot"
"aed1bd9a5f0f1022","JOURNAL OF THE SERBIAN CHEMICAL SOCIETY","https://www.shd-pub.org.rs/index.php/JSCS/gateway/plugin/AnnouncementFeedGatewayPlugin/atom","www.shd-pub.org.rs","needs-review","","zinote-historical-url-snapshot"
"c1e82ac8a1610b12","Journal of the South African Veterinary Association","https://jsava.co.za/index.php/jsava/gateway/plugin/WebFeedGatewayPlugin/atom","jsava.co.za","needs-review","","zinote-historical-url-snapshot"
"5699bdb2d5d0a02f","Journal of the Taiwan Institute of Chemical Engineers","https://rss.sciencedirect.com/publication/science/18761070","rss.sciencedirect.com","needs-review","","zinote-historical-url-snapshot"
"a4674cf3ea59cce0","JOURNAL OF THROMBOSIS AND HAEMOSTASIS","https://rss.sciencedirect.com/publication/science/15387836","rss.sciencedirect.com","needs-review","","zinote-historical-url-snapshot"
"dd2de9dea8ac5bfb","Journal of Tourism Sustainability and Well-being","https://journals.cinturs.pt/jtsw/gateway/plugin/WebFeedGatewayPlugin/atom","journals.cinturs.pt","needs-review","","zinote-historical-url-snapshot"
"d0df377dd1b6539e","Journal of Translational Autoimmunity","https://rss.sciencedirect.com/publication/science/25899090","rss.sciencedirect.com","needs-review","","zinote-historical-url-snapshot"
"d06f04297c289a04","Journal of Transport and Land Use","https://www.jtlu.org/index.php/jtlu/gateway/plugin/WebFeedGatewayPlugin/atom","www.jtlu.org","needs-review","","zinote-historical-url-snapshot"
"cadfbc071ca1880d","Journal of Transport and Supply Chain Management","https://jtscm.co.za/index.php/jtscm/gateway/plugin/WebFeedGatewayPlugin/atom","jtscm.co.za","needs-review","","zinote-historical-url-snapshot"
"b6854c4c659127e6","Journal of Transport Geography","https://rss.sciencedirect.com/publication/science/09666923","rss.sciencedirect.com","needs-review","","zinote-historical-url-snapshot"
"6ef1c23dc517071b","Journal of University Teaching and Learning Practice","https://medanthroquarterly.org/feed","medanthroquarterly.org","needs-review","","zinote-historical-url-snapshot"
"f1b2b19489863505","JOURNAL OF URBAN ECONOMICS","https://rss.sciencedirect.com/publication/science/00941190","rss.sciencedirect.com","needs-review","","zinote-historical-url-snapshot"
"b395053becbf1c6d","Journal of Urban Mobility","https://rss.sciencedirect.com/publication/science/26670917","rss.sciencedirect.com","needs-review","","zinote-historical-url-snapshot"
"0d54e4426c673d77","Journal of Vibroengineering","https://www.extrica.com/journal/jve/rss/latest","www.extrica.com","needs-review","","zinote-historical-url-snapshot"
"52613a34f2dc1db2","Journal of Virus Eradication","https://rss.sciencedirect.com/publication/science/20556640","rss.sciencedirect.com","needs-review","","zinote-historical-url-snapshot"
"438fa2c6b1421779","JOURNAL OF VOCATIONAL BEHAVIOR","https://rss.sciencedirect.com/publication/science/00018791","rss.sciencedirect.com","needs-review","","zinote-historical-url-snapshot"
"ccb3ed950cb44891","JOURNAL OF VOLCANOLOGY AND GEOTHERMAL RESEARCH","https://rss.sciencedirect.com/publication/science/03770273","rss.sciencedirect.com","needs-review","","zinote-historical-url-snapshot"
"31f1ab21d5425554","Journal of Web Engineering","https://journals.riverpublishers.com/index.php/JWE/gateway/plugin/WebFeedGatewayPlugin/atom","journals.riverpublishers.com","needs-review","","zinote-historical-url-snapshot"
"7f67777f680be86b","Journal of Web Semantics","https://rss.sciencedirect.com/publication/science/15708268","rss.sciencedirect.com","needs-review","","zinote-historical-url-snapshot"
"9dd3956bbcbfbc48","JOURNAL OF WORLD BUSINESS","https://rss.sciencedirect.com/publication/science/10909516","rss.sciencedirect.com","needs-review","","zinote-historical-url-snapshot"
"02c70105401b2a42","Journal of World-Systems Research","https://jwsr.pitt.edu/ojs/jwsr/gateway/plugin/WebFeedGatewayPlugin/atom","jwsr.pitt.edu","needs-review","","zinote-historical-url-snapshot"
"7518af1a110f8466","Journal of Youth Development","https://open.clemson.edu/jyd/recent.rss","open.clemson.edu","needs-review","","zinote-historical-url-snapshot"
"4ebcca0a9579d808","Journal on Efficiency and Responsibility in Education and Science","https://www.eriesjournal.com/index.php/eries/gateway/plugin/WebFeedGatewayPlugin/atom","www.eriesjournal.com","needs-review","","zinote-historical-url-snapshot"
"a06733ea4a003495","JPRAS Open","https://rss.sciencedirect.com/publication/science/23525878","rss.sciencedirect.com","needs-review","","zinote-historical-url-snapshot"
"3292f3b153045f2c","Jurnal Ilmiah Peuradeun","https://journal.scadindependent.org/index.php/jipeuradeun/gateway/plugin/WebFeedGatewayPlugin/atom","journal.scadindependent.org","needs-review","","zinote-historical-url-snapshot"
"f7d472ce983c38f0","Jurnal Ilmu Ternak dan Veteriner","https://medpub.appertani.org/index.php/jitv/gateway/plugin/WebFeedGatewayPlugin/atom","medpub.appertani.org","needs-review","","zinote-historical-url-snapshot"
"18d151df171080bc","Kardiologia Polska","https://journals.viamedica.pl/polish_heart_journal/gateway/plugin/WebFeedGatewayPlugin/atom","journals.viamedica.pl","needs-review","","zinote-historical-url-snapshot"
"c7258f376f119620","Kidney Research and Clinical Practice","https://www.krcp-ksn.org/journal/rss/xml/feed.xml","www.krcp-ksn.org","needs-review","","zinote-historical-url-snapshot"
"1546c9244c873306","Kinesiologia Slovenica","https://journals.uni-lj.si/kinsi/gateway/plugin/WebFeedGatewayPlugin/atom","journals.uni-lj.si","needs-review","","zinote-historical-url-snapshot"
"1e29be7e54833395","KOEDOE","https://koedoe.co.za/index.php/koedoe/gateway/plugin/WebFeedGatewayPlugin/atom","koedoe.co.za","needs-review","","zinote-historical-url-snapshot"
"408c71b234544e3b","Kompleksnoe Ispolzovanie Mineralnogo Syra","http://kims-imio.com/index.php/main/gateway/plugin/WebFeedGatewayPlugin/atom","kims-imio.com","needs-review","","zinote-historical-url-snapshot"
"607a72e514d6b252","Kriterion-Revista de Filosofia","https://periodicos.ufmg.br/index.php/kriterion/gateway/plugin/WebFeedGatewayPlugin/atom","periodicos.ufmg.br","needs-review","","zinote-historical-url-snapshot"
"01a8207154e03f88","Kvasny Prumysl","https://kvasnyprumysl.eu/index.php/kp/gateway/plugin/WebFeedGatewayPlugin/atom","kvasnyprumysl.eu","needs-review","","zinote-historical-url-snapshot"
"64ad4ce5e7276980","Kyiv-Mohyla Humanities Journal","https://kmhj.ukma.edu.ua/gateway/plugin/WebFeedGatewayPlugin/atom","kmhj.ukma.edu.ua","needs-review","","zinote-historical-url-snapshot"
"ef366a3dbe61b4c5","L1 Educational Studies in Language and Literature","https://l1research.org/gateway/plugin/WebFeedGatewayPlugin/atom","l1research.org","needs-review","","zinote-historical-url-snapshot"
"afd2391e2446ae17","LAB ANIMAL","https://www.nature.com/laban.rss","www.nature.com","needs-review","","zinote-historical-url-snapshot"
"7af378bff7ce5a4c","Labor-Studies in Working-Class History of the Americas","https://lawcha.org/comments/feed/","lawcha.org","needs-review","","zinote-historical-url-snapshot"
"ea8c42778321107f","Laboratorium-Russian Review of Social Research","https://soclabo.org/index.php/laboratorium/gateway/plugin/WebFeedGatewayPlugin/atom","soclabo.org","needs-review","","zinote-historical-url-snapshot"
"03abd28ecf44fc41","LABORATORY INVESTIGATION","https://www.nature.com/labinvest.rss","www.nature.com","needs-review","","zinote-historical-url-snapshot"
"fede45dc0d41365b","LABOUR ECONOMICS","https://rss.sciencedirect.com/publication/science/09275371","rss.sciencedirect.com","needs-review","","zinote-historical-url-snapshot"
"8a9584f7454aaf56","Landbauforschung-Journal of Sustainable and Organic Agricultural Systems","https://ojs.openagrar.de/index.php/LBF/gateway/plugin/WebFeedGatewayPlugin/atom","ojs.openagrar.de","needs-review","","zinote-historical-url-snapshot"
"10c67a9147c98585","Landscape Architecture and Art","https://journals.llu.lv/laa/gateway/plugin/WebFeedGatewayPlugin/atom","journals.llu.lv","needs-review","","zinote-historical-url-snapshot"
"3bd998475913ed0a","LANGUAGE & COMMUNICATION","https://rss.sciencedirect.com/publication/science/02715309","rss.sciencedirect.com","needs-review","","zinote-historical-url-snapshot"
"d1798acb3c0e3892","Large Animal Review","https://www.largeanimalreview.com/index.php/lar/gateway/plugin/WebFeedGatewayPlugin/atom","www.largeanimalreview.com","needs-review","","zinote-historical-url-snapshot"
"dfdc7ec901930af0","LATIN AMERICAN APPLIED RESEARCH","https://laar.plapiqui.edu.ar/OJS/index.php/laar/gateway/plugin/WebFeedGatewayPlugin/atom","laar.plapiqui.edu.ar","needs-review","","zinote-historical-url-snapshot"
"b1efb047464693c8","Latin American Journal of Content & Language Integrated-LACLIL","https://laclil.unisabana.edu.co/index.php/LACLIL/gateway/plugin/AnnouncementFeedGatewayPlugin/atom","laclil.unisabana.edu.co","needs-review","","zinote-historical-url-snapshot"
"1bb62204e88a04c1","Latin Americanist","https://secolas.org/comments/feed/","secolas.org","needs-review","","zinote-historical-url-snapshot"
"bc3426fbcdeef350","LEADERSHIP QUARTERLY","https://rss.sciencedirect.com/publication/science/10489843","rss.sciencedirect.com","needs-review","","zinote-historical-url-snapshot"
"d2516f3d6323fc02","LEARNING AND INSTRUCTION","https://rss.sciencedirect.com/publication/science/09594752","rss.sciencedirect.com","needs-review","","zinote-historical-url-snapshot"
"fa60103edb720fb8","LEARNING AND MOTIVATION","https://rss.sciencedirect.com/publication/science/00239690","rss.sciencedirect.com","needs-review","","zinote-historical-url-snapshot"
"28c772723527c9a4","Learning Disabilities-A Multidisciplinary Journal","https://www.js.sagamorepub.com/index.php/ldmj/gateway/plugin/WebFeedGatewayPlugin/atom","www.js.sagamorepub.com","needs-review","","zinote-historical-url-snapshot"
"ac347fbdc02b1be1","Lexikos","https://lexikos.journals.ac.za/pub/gateway/plugin/WebFeedGatewayPlugin/atom","lexikos.journals.ac.za","needs-review","","zinote-historical-url-snapshot"
"ceac9aaa1f07e349","Lexonomica","https://journals.um.si/index.php/lexonomica/gateway/plugin/WebFeedGatewayPlugin/atom","journals.um.si","needs-review","","zinote-historical-url-snapshot"
"e3c0b178dc0d33f3","LIBRARY & INFORMATION SCIENCE RESEARCH","https://rss.sciencedirect.com/publication/science/07408188","rss.sciencedirect.com","needs-review","","zinote-historical-url-snapshot"
"e77664c0721a0c46","LIBRARY RESOURCES & TECHNICAL SERVICES","https://journals.ala.org/index.php/lrts/gateway/plugin/WebFeedGatewayPlugin/atom","journals.ala.org","needs-review","","zinote-historical-url-snapshot"
"6f69ef21c86e468b","Light-Science & Applications","https://www.nature.com/lsa.rss","www.nature.com","needs-review","","zinote-historical-url-snapshot"
"2f201fc6e40c5a97","Limite-Revista de Estudios Portugueses y de la Lusofonia","https://revista-limite.unex.es/index.php/limite/gateway/plugin/WebFeedGatewayPlugin/atom","revista-limite.unex.es","needs-review","","zinote-historical-url-snapshot"
"3559496955bb9c89","LIMNOLOGICA","https://rss.sciencedirect.com/publication/science/00759511","rss.sciencedirect.com","needs-review","","zinote-historical-url-snapshot"
"0f900880bb4663ca","Linguistics and Education","https://rss.sciencedirect.com/publication/science/08985898","rss.sciencedirect.com","needs-review","","zinote-historical-url-snapshot"
"073fb9469db0b752","Literatura e Sociedade","https://revistas.usp.br/ls/pt_BR/gateway/plugin/WebFeedGatewayPlugin/atom","revistas.usp.br","needs-review","","zinote-historical-url-snapshot"
"997bdebd3d351fd4","Lithuanian Journal of Physics","https://www.lmaleidykla.lt/ojs/index.php/physics/gateway/plugin/WebFeedGatewayPlugin/atom","www.lmaleidykla.lt","needs-review","","zinote-historical-url-snapshot"
"eb7c73a81e0fee91","Local and Regional Anesthesia","https://www.dovepress.com/feed/journal/31","www.dovepress.com","needs-review","","zinote-historical-url-snapshot"
"c40606b496256904","Logical Methods in Computer Science","https://lmcs.episciences.org/rss/papers","lmcs.episciences.org","needs-review","","zinote-historical-url-snapshot"
"63f708141ae7d2e8","Logos-Revista de Linguistica Filosofia y Literatura","https://revistaschilenas.uchile.cl/feed/rss_1.0/2250/23881","revistaschilenas.uchile.cl","needs-review","","zinote-historical-url-snapshot"
"326ca0bdc1c36fb4","LONG RANGE PLANNING","https://rss.sciencedirect.com/publication/science/00246301","rss.sciencedirect.com","needs-review","","zinote-historical-url-snapshot"
"996225b2cdaa08aa","LYMPHOLOGY","http://journals.librarypublishing.arizona.edu/lymph/feed/","journals.librarypublishing.arizona.edu","needs-review","","zinote-historical-url-snapshot"
"bc0147e136f72f88","Macedonian Journal of Chemistry and Chemical engineering","https://mjcce.org.mk/index.php/MJCCE/gateway/plugin/WebFeedGatewayPlugin/atom","mjcce.org.mk","needs-review","","zinote-historical-url-snapshot"
"1236c6a2f1432e65","Madrygal-Revista de Estudios Gallegos","https://revistas.ucm.es/index.php/MADR/gateway/plugin/WebFeedGatewayPlugin/atom","revistas.ucm.es","needs-review","","zinote-historical-url-snapshot"
"f77416bbfee0026b","Magallanica-Revista de Historia Moderna","https://fh.mdp.edu.ar/revistas/index.php/magallanica/gateway/plugin/WebFeedGatewayPlugin/atom","fh.mdp.edu.ar","needs-review","","zinote-historical-url-snapshot"
"ce866af0068ddd61","Makara Hubs-Asia","https://scholarhub.ui.ac.id/hubsasia/recent.rss","scholarhub.ui.ac.id","needs-review","","zinote-historical-url-snapshot"
"46e082439eaabb84","Makara Journal of Health Research","https://scholarhub.ui.ac.id/mjhr/recent.rss","scholarhub.ui.ac.id","needs-review","","zinote-historical-url-snapshot"
"fae047ef6547c9bb","Makara Journal of Technology","https://scholarhub.ui.ac.id/mjt/recent.rss","scholarhub.ui.ac.id","needs-review","","zinote-historical-url-snapshot"
"8ecfc06978682bc8","Malaysian Journal of Economic Studies","https://mjes.um.edu.my/index.php/MJES/gateway/plugin/WebFeedGatewayPlugin/atom","mjes.um.edu.my","needs-review","","zinote-historical-url-snapshot"
"8f440dc258365e60","Malaysian Journal of Fundamental and Applied Sciences","https://mjfas.utm.my/index.php/mjfas/gateway/plugin/WebFeedGatewayPlugin/atom","mjfas.utm.my","needs-review","","zinote-historical-url-snapshot"
"f00f66204d29941e","Malaysian Journal of Learning & Instruction","https://e-journal.uum.edu.my/index.php/mjli/gateway/plugin/WebFeedGatewayPlugin/atom","e-journal.uum.edu.my","needs-review","","zinote-historical-url-snapshot"
"ad0189d15e8e233a","Management Theory and Studies for Rural Business and Infrastructure Development","https://ejournals.vdu.lt/index.php/mtsrbid/gateway/plugin/WebFeedGatewayPlugin/atom","ejournals.vdu.lt","needs-review","","zinote-historical-url-snapshot"
"c20da81b8a95223e","MARINE AND PETROLEUM GEOLOGY","https://rss.sciencedirect.com/publication/science/02648172","rss.sciencedirect.com","needs-review","","zinote-historical-url-snapshot"
"b2bf3f5d7f482ec1","Marine Genomics","https://rss.sciencedirect.com/publication/science/18747787","rss.sciencedirect.com","needs-review","","zinote-historical-url-snapshot"
"456d8f517c52bda9","MARINE GEOLOGY","https://rss.sciencedirect.com/publication/science/00253227","rss.sciencedirect.com","needs-review","","zinote-historical-url-snapshot"
"58611dd59e301e16","Maritime Transport Research","https://rss.sciencedirect.com/publication/science/2666822X","rss.sciencedirect.com","needs-review","","zinote-historical-url-snapshot"
"f69859b5d133ea3f","Matematiche","https://lematematiche.dmi.unict.it/index.php/lematematiche/gateway/plugin/WebFeedGatewayPlugin/atom","lematematiche.dmi.unict.it","needs-review","","zinote-historical-url-snapshot"
"c15bd36f92dd43a8","Materia Arquitectura","https://www.materiaarquitectura.com/index.php/MA/gateway/plugin/WebFeedGatewayPlugin/atom","www.materiaarquitectura.com","needs-review","","zinote-historical-url-snapshot"
"2752a547c46e2539","Materia-Rio de Janeiro","https://www.scielo.br/journal/rmat/feed/","www.scielo.br","needs-review","","zinote-historical-url-snapshot"
"d8db75da664e586d","Materiales para la Historia del Deporte","https://polired.upm.es/index.php/materiales_historia_deporte/gateway/plugin/WebFeedGatewayPlugin/atom","polired.upm.es","needs-review","","zinote-historical-url-snapshot"
"eaea70a9faa16d71","MATERIALS CHARACTERIZATION","https://rss.sciencedirect.com/publication/science/10445803","rss.sciencedirect.com","needs-review","","zinote-historical-url-snapshot"
"10619995ea68ff4d","MATERIALS CHEMISTRY AND PHYSICS","https://rss.sciencedirect.com/publication/science/02540584","rss.sciencedirect.com","needs-review","","zinote-historical-url-snapshot"
"700cdea1279a998d","Materials Letters-X","https://rss.sciencedirect.com/publication/science/25901508","rss.sciencedirect.com","needs-review","","zinote-historical-url-snapshot"
"0608f07b213d90b9","Materials Science and Engineering B-Advanced Functional Solid-State Materials","https://rss.sciencedirect.com/publication/science/09215107","rss.sciencedirect.com","needs-review","","zinote-historical-url-snapshot"
"997abcbd81e9f3a8","Materials Today Bio","https://rss.sciencedirect.com/publication/science/25900064","rss.sciencedirect.com","needs-review","","zinote-historical-url-snapshot"
"405cfb2141d6eb17","Materials Today Communications","https://rss.sciencedirect.com/publication/science/23524928","rss.sciencedirect.com","needs-review","","zinote-historical-url-snapshot"
"1f4457d4c93e5b2e","Materials Today Physics","https://rss.sciencedirect.com/publication/science/25425293","rss.sciencedirect.com","needs-review","","zinote-historical-url-snapshot"
"0245df049644ba33","MATHEMATICA SCANDINAVICA","https://www.mscand.dk/gateway/plugin/WebFeedGatewayPlugin/atom","www.mscand.dk","needs-review","","zinote-historical-url-snapshot"
"6cdd03da0c6b1f8d","Mathematics Enthusiast","https://scholarworks.umt.edu/tme/recent.rss","scholarworks.umt.edu","needs-review","","zinote-historical-url-snapshot"
"0d30dfccf3764feb","McGill Journal of Education","https://mje.mcgill.ca/gateway/plugin/WebFeedGatewayPlugin/atom","mje.mcgill.ca","needs-review","","zinote-historical-url-snapshot"
"6c9117f4ffa755ad","McGill Journal of Law and Health","https://mjlh.mcgill.ca/comments/feed/","mjlh.mcgill.ca","needs-review","","zinote-historical-url-snapshot"
"506b826ba0b4bb5b","MEASUREMENT","https://rss.sciencedirect.com/publication/science/02632241","rss.sciencedirect.com","needs-review","","zinote-historical-url-snapshot"
"302e520d86873b5f","MEAT SCIENCE","https://rss.sciencedirect.com/publication/science/03091740","rss.sciencedirect.com","needs-review","","zinote-historical-url-snapshot"
"3dcf6f3b737df27a","MECHANICAL SYSTEMS AND SIGNAL PROCESSING","https://rss.sciencedirect.com/publication/science/08883270","rss.sciencedirect.com","needs-review","","zinote-historical-url-snapshot"
"3490e0c61e4c12e2","MECHATRONICS","https://rss.sciencedirect.com/publication/science/09574158","rss.sciencedirect.com","needs-review","","zinote-historical-url-snapshot"
"9427ca82731a6368","Medical Devices-Evidence and Research","https://www.dovepress.com/feed/journal/24","www.dovepress.com","needs-review","","zinote-historical-url-snapshot"
"cdb474ccf3fef49e","MEDICAL PROBLEMS OF PERFORMING ARTISTS","https://api.ingentaconnect.com/content/scimed/mppa/latest?format=rss","api.ingentaconnect.com","needs-review","","zinote-historical-url-snapshot"
"09aeceaa33e65e22","Medical Ultrasonography","https://www.medultrason.ro/medultrason/index.php/medultrason/gateway/plugin/WebFeedGatewayPlugin/atom","www.medultrason.ro","needs-review","","zinote-historical-url-snapshot"
"42d12463c5dbbb22","Medical-Surgical Journal-Revista Medico-Chirurgicala","https://revmedchir.ro/index.php/revmedchir/gateway/plugin/WebFeedGatewayPlugin/atom","revmedchir.ro","needs-review","","zinote-historical-url-snapshot"
"8ab495ba285248c1","Medicina del Lavoro","https://www.mattioli1885journals.com/index.php/lamedicinadellavoro/gateway/plugin/WebFeedGatewayPlugin/atom","www.mattioli1885journals.com","needs-review","","zinote-historical-url-snapshot"
"e15f084da1dad344","Medicina-Lithuania","https://medicina.lsmuni.lt/feed/","medicina.lsmuni.lt","needs-review","","zinote-historical-url-snapshot"
"30cd60cfb6f4fb40","Medicine Law & Society","https://journals.um.si/index.php/medicine/en/gateway/plugin/WebFeedGatewayPlugin/atom","journals.um.si","needs-review","","zinote-historical-url-snapshot"
"05ecdbc1c2654b7b","Metabolic Engineering Communications","https://rss.sciencedirect.com/publication/science/22140301","rss.sciencedirect.com","needs-review","","zinote-historical-url-snapshot"
"eba51bae88e9e578","Metallurgical & Materials Engineering","https://metall-mater-eng.com/index.php/home/gateway/plugin/WebFeedGatewayPlugin/atom","metall-mater-eng.com","needs-review","","zinote-historical-url-snapshot"
"ca80ef78d18fac11","Methods Data Analyses","https://majournals.bib.uni-mannheim.de/mda/gateway/plugin/WebFeedGatewayPlugin/atom","majournals.bib.uni-mannheim.de","needs-review","","zinote-historical-url-snapshot"
"b3644cc19aaa44cd","Mexican Law Review","https://revistas.juridicas.unam.mx/index.php/mexican-law-review/gateway/plugin/WebFeedGatewayPlugin/atom","revistas.juridicas.unam.mx","needs-review","","zinote-historical-url-snapshot"
"eb473c75e7c3e85d","Micro and Nano Engineering","https://rss.sciencedirect.com/publication/science/25900072","rss.sciencedirect.com","needs-review","","zinote-historical-url-snapshot"
"f96619de0df3e9ce","MICROWAVE JOURNAL","https://www.microwavejournal.com/rss/articles","www.microwavejournal.com","needs-review","","zinote-historical-url-snapshot"
"1a71f37c83387d26","MIDWIFERY","https://rss.sciencedirect.com/publication/science/02666138","rss.sciencedirect.com","needs-review","","zinote-historical-url-snapshot"
"a014e8402d31cb1c","Mindanao Journal of Science and Technology","https://mjst.ustp.edu.ph/index.php/mjst/gateway/plugin/WebFeedGatewayPlugin/atom","mjst.ustp.edu.ph","needs-review","","zinote-historical-url-snapshot"
"32bf7154d6980a36","MIS Quarterly Executive","https://aisel.aisnet.org/misqe/recent.rss","aisel.aisnet.org","needs-review","","zinote-historical-url-snapshot"
"add7f0c2d296588a","MITOCHONDRION","https://rss.sciencedirect.com/publication/science/15677249","rss.sciencedirect.com","needs-review","","zinote-historical-url-snapshot"
"24c3d3e01a564073","MLTJ-Muscles Ligaments and Tendons Journal","https://www.ejcrim.com/index.php/mltj/gateway/plugin/WebFeedGatewayPlugin/atom","www.ejcrim.com","needs-review","","zinote-historical-url-snapshot"
"94ecd694ff272a52","MMWR-MORBIDITY AND MORTALITY WEEKLY REPORT","https://tools.cdc.gov/api/v2/resources/media/342778.rss","tools.cdc.gov","needs-review","","zinote-historical-url-snapshot"
"7caa9f0d7abaad48","MODERN PATHOLOGY","https://www.nature.com/modpathol.rss","www.nature.com","needs-review","","zinote-historical-url-snapshot"
"9d19e1b0d0732719","Modern Stochastics-Theory and Applications","https://www.vmsta.org/journal/VMSTA/feeds/latest","www.vmsta.org","needs-review","","zinote-historical-url-snapshot"
"535c10f60ced611e","MOLECULAR AND BIOCHEMICAL PARASITOLOGY","https://rss.sciencedirect.com/publication/science/01666851","rss.sciencedirect.com","needs-review","","zinote-historical-url-snapshot"
"c0064abf7661735e","MOLECULAR AND CELLULAR PROBES","https://rss.sciencedirect.com/publication/science/08908508","rss.sciencedirect.com","needs-review","","zinote-historical-url-snapshot"
"f4f2644d412c1583","MOLECULAR ASPECTS OF MEDICINE","https://rss.sciencedirect.com/publication/science/00982997","rss.sciencedirect.com","needs-review","","zinote-historical-url-snapshot"
"bc5a74d78c41fe27","Molecular Catalysis","https://rss.sciencedirect.com/publication/science/24688231","rss.sciencedirect.com","needs-review","","zinote-historical-url-snapshot"
"e077ae602fd2592f","MOLECULAR PHYLOGENETICS AND EVOLUTION","https://rss.sciencedirect.com/publication/science/10557903","rss.sciencedirect.com","needs-review","","zinote-historical-url-snapshot"
"bee92b6edab8992d","MOLECULAR PSYCHIATRY","https://www.nature.com/mp.rss","www.nature.com","needs-review","","zinote-historical-url-snapshot"
"b972231aa0b2dd8f","Molecular Therapy Methods & Clinical Development","https://rss.sciencedirect.com/publication/science/23290501","rss.sciencedirect.com","needs-review","","zinote-historical-url-snapshot"
"aac1ea2a7496a37a","Montenegrin Journal of Sports Science and Medicine","https://mjssm.me/rss/","mjssm.me","needs-review","","zinote-historical-url-snapshot"
"61d150be1e4e4100","MONUMENTA NIPPONICA","https://dept.sophia.ac.jp/monumenta/feed/","dept.sophia.ac.jp","needs-review","","zinote-historical-url-snapshot"
"40be3e858bb23592","Moroccan Journal of Chemistry","https://rss.sciencedirect.com/publication/science/00224898","rss.sciencedirect.com","needs-review","","zinote-historical-url-snapshot"
"317f35e7e782fd54","Mucosal Immunology","https://www.nature.com/mi.rss","www.nature.com","needs-review","","zinote-historical-url-snapshot"
"a707796bd184accf","Mundo Agrario","https://www.mundoagrario.unlp.edu.ar/gateway/plugin/AnnouncementFeedGatewayPlugin/atom","www.mundoagrario.unlp.edu.ar","needs-review","","zinote-historical-url-snapshot"
"7d7b9c1cb2624eca","Musicologica Brunensia","https://journals.phil.muni.cz/musicologica-brunensia/gateway/plugin/WebFeedGatewayPlugin/atom","journals.phil.muni.cz","needs-review","","zinote-historical-url-snapshot"
"e443e551431f6b42","MUSLIM WORLD","https://www.themwl.org/en/rss.xml","www.themwl.org","needs-review","","zinote-historical-url-snapshot"
"4e952c1f236672f6","MUTATION RESEARCH-FUNDAMENTAL AND MOLECULAR MECHANISMS OF MUTAGENESIS","https://rss.sciencedirect.com/publication/science/13861964","rss.sciencedirect.com","needs-review","","zinote-historical-url-snapshot"
"5832c51e7a790172","Muzikologija-Musicology","https://muzikologija-musicology.com/index.php/MM/gateway/plugin/WebFeedGatewayPlugin/atom","muzikologija-musicology.com","needs-review","","zinote-historical-url-snapshot"
"2d9593125ea0f14d","Nano Hybrids and Composites","https://www.scientific.net/NHC/Rss","www.scientific.net","needs-review","","zinote-historical-url-snapshot"
"b203cd3d06d57224","Nanoscale","http://feeds.rsc.org/rss/nr","feeds.rsc.org","needs-review","","zinote-historical-url-snapshot"
"d592eddffea98806","NATURE","https://www.nature.com/nature.rss","www.nature.com","needs-review","","zinote-historical-url-snapshot"
"5b8ec588272293d3","Nature Aging","https://www.nature.com/nataging.rss","www.nature.com","needs-review","","zinote-historical-url-snapshot"
"6b9e595febd04193","Nature Astronomy","https://www.nature.com/natastron.rss","www.nature.com","needs-review","","zinote-historical-url-snapshot"
"caf9a8077abbe9b5","Nature Biomedical Engineering","https://www.nature.com/natbiomedeng.rss","www.nature.com","needs-review","","zinote-historical-url-snapshot"
"eef52f982c3a729c","NATURE BIOTECHNOLOGY","https://www.nature.com/nbt.rss","www.nature.com","needs-review","","zinote-historical-url-snapshot"
"d0060149b9460ec0","Nature Cancer","https://www.nature.com/natcancer.rss","www.nature.com","needs-review","","zinote-historical-url-snapshot"
"4b488bc89c8737d2","Nature Cardiovascular Research","https://www.nature.com/natcardiovascres.rss","www.nature.com","needs-review","","zinote-historical-url-snapshot"
"efb4b3ea05c9dfcc","NATURE CELL BIOLOGY","https://www.nature.com/ncb.rss","www.nature.com","needs-review","","zinote-historical-url-snapshot"
"2fe6f64cb858726d","Nature Chemical Biology","https://www.nature.com/nchembio.rss","www.nature.com","needs-review","","zinote-historical-url-snapshot"
"a1c4fbeae1c37418","Nature Chemistry","https://www.nature.com/nchem.rss","www.nature.com","needs-review","","zinote-historical-url-snapshot"
"88163e4a947a75a3","Nature Climate Change","https://www.nature.com/nclimate.rss","www.nature.com","needs-review","","zinote-historical-url-snapshot"
"4499d5b8cfbf0a50","Nature Communications","https://www.nature.com/ncomms.rss","www.nature.com","needs-review","","zinote-historical-url-snapshot"
"e83e8e600ae09702","Nature Computational Science","https://www.nature.com/natcomputsci.rss","www.nature.com","needs-review","","zinote-historical-url-snapshot"
"dbf12f6d87036af6","Nature Ecology & Evolution","https://www.nature.com/natecolevol.rss","www.nature.com","needs-review","","zinote-historical-url-snapshot"
"743f1580200429c3","Nature Electronics","https://www.nature.com/natelectron.rss","www.nature.com","needs-review","","zinote-historical-url-snapshot"
"29bf4826457de292","Nature Energy","https://www.nature.com/nenergy.rss","www.nature.com","needs-review","","zinote-historical-url-snapshot"
"128839400a58decc","Nature Food","https://www.nature.com/natfood.rss","www.nature.com","needs-review","","zinote-historical-url-snapshot"
"b037d5f3f80510d0","NATURE GENETICS","https://www.nature.com/ng.rss","www.nature.com","needs-review","","zinote-historical-url-snapshot"
"2c7d1973ff051c84","Nature Geoscience","https://www.nature.com/ngeo.rss","www.nature.com","needs-review","","zinote-historical-url-snapshot"
"9423444caa0d806e","Nature Human Behaviour","https://www.nature.com/nathumbehav.rss","www.nature.com","needs-review","","zinote-historical-url-snapshot"
"3c3f6c4ad5176e69","NATURE IMMUNOLOGY","https://www.nature.com/ni.rss","www.nature.com","needs-review","","zinote-historical-url-snapshot"
"02736d1b8f8c9d3a","Nature Machine Intelligence","https://www.nature.com/natmachintell.rss","www.nature.com","needs-review","","zinote-historical-url-snapshot"
"641e41138a74d7a2","NATURE MATERIALS","https://www.nature.com/nmat.rss","www.nature.com","needs-review","","zinote-historical-url-snapshot"
"b689edc034ad2938","NATURE MEDICINE","https://www.nature.com/nm.rss","www.nature.com","needs-review","","zinote-historical-url-snapshot"
"c16a98e37d63a05e","Nature Metabolism","https://www.nature.com/natmetab.rss","www.nature.com","needs-review","","zinote-historical-url-snapshot"
"09711f1e825877b4","NATURE METHODS","https://www.nature.com/nmeth.rss","www.nature.com","needs-review","","zinote-historical-url-snapshot"
"386522eefe395904","Nature Microbiology","https://www.nature.com/nmicrobiol.rss","www.nature.com","needs-review","","zinote-historical-url-snapshot"
"c52182f28b1c6b81","Nature Nanotechnology","https://www.nature.com/nnano.rss","www.nature.com","needs-review","","zinote-historical-url-snapshot"
"218783bc6f3991c1","NATURE NEUROSCIENCE","https://www.nature.com/neuro.rss","www.nature.com","needs-review","","zinote-historical-url-snapshot"
"3dc9481f935b3cb2","Nature Photonics","https://www.nature.com/nphoton.rss","www.nature.com","needs-review","","zinote-historical-url-snapshot"
"93a2c7d45f0f7134","Nature Physics","https://www.nature.com/nphys.rss","www.nature.com","needs-review","","zinote-historical-url-snapshot"
"21e7d7ddab7ebb55","Nature Plants","https://www.nature.com/nplants.rss","www.nature.com","needs-review","","zinote-historical-url-snapshot"
"7e35e7bf2f9f3757","Nature Protocols","https://www.nature.com/nprot.rss","www.nature.com","needs-review","","zinote-historical-url-snapshot"
"d56d27e2f9dd26e9","NATURE REVIEWS CANCER","https://www.nature.com/nrc.rss","www.nature.com","needs-review","","zinote-historical-url-snapshot"
"64223ac95c3430cf","Nature Reviews Cardiology","https://www.nature.com/nrcardio.rss","www.nature.com","needs-review","","zinote-historical-url-snapshot"
"0aa296b57b11d04f","Nature Reviews Chemistry","https://www.nature.com/natrevchem.rss","www.nature.com","needs-review","","zinote-historical-url-snapshot"
"e5a80d1257379ae7","Nature Reviews Clinical Oncology","https://www.nature.com/nrclinonc.rss","www.nature.com","needs-review","","zinote-historical-url-snapshot"
"34bb68f8752433f3","Nature Reviews Disease Primers","https://www.nature.com/nrdp.rss","www.nature.com","needs-review","","zinote-historical-url-snapshot"
"695a48c21898c2f3","NATURE REVIEWS DRUG DISCOVERY","https://www.nature.com/nrd.rss","www.nature.com","needs-review","","zinote-historical-url-snapshot"
"e60b0c7b379cd748","Nature Reviews Earth & Environment","https://www.nature.com/natrevearthenviron.rss","www.nature.com","needs-review","","zinote-historical-url-snapshot"
"7d68a3599aa4c170","Nature Reviews Endocrinology","https://www.nature.com/nrendo.rss","www.nature.com","needs-review","","zinote-historical-url-snapshot"
"0bfb4d03f49d73a9","Nature Reviews Gastroenterology & Hepatology","https://www.nature.com/nrgastro.rss","www.nature.com","needs-review","","zinote-historical-url-snapshot"
"8b8227e23842417f","NATURE REVIEWS GENETICS","https://www.nature.com/nrg.rss","www.nature.com","needs-review","","zinote-historical-url-snapshot"
"3cba4926170b97fb","NATURE REVIEWS IMMUNOLOGY","https://www.nature.com/nri.rss","www.nature.com","needs-review","","zinote-historical-url-snapshot"
"7905e8000edd7a88","Nature Reviews Materials","https://www.nature.com/natrevmats.rss","www.nature.com","needs-review","","zinote-historical-url-snapshot"
"cc7823fe27040fd8","Nature Reviews Methods Primers","https://www.nature.com/nrmp.rss","www.nature.com","needs-review","","zinote-historical-url-snapshot"
"b3b0867a9a4b519e","NATURE REVIEWS MICROBIOLOGY","https://www.nature.com/nrmicro.rss","www.nature.com","needs-review","","zinote-historical-url-snapshot"
"112c992668d8af2d","NATURE REVIEWS MOLECULAR CELL BIOLOGY","https://www.nature.com/nrm.rss","www.nature.com","needs-review","","zinote-historical-url-snapshot"
"b01f8201c344c2ac","Nature Reviews Nephrology","https://www.nature.com/nrneph.rss","www.nature.com","needs-review","","zinote-historical-url-snapshot"
"88179e4873a381a0","Nature Reviews Neurology","https://www.nature.com/nrneurol.rss","www.nature.com","needs-review","","zinote-historical-url-snapshot"
"bb20a6147b624e5d","NATURE REVIEWS NEUROSCIENCE","https://www.nature.com/nrn.rss","www.nature.com","needs-review","","zinote-historical-url-snapshot"
"945e7d29d44280c9","Nature Reviews Physics","https://www.nature.com/natrevphys.rss","www.nature.com","needs-review","","zinote-historical-url-snapshot"
"111f5481e5fb53eb","Nature Reviews Psychology","https://www.nature.com/nrpsychol.rss","www.nature.com","needs-review","","zinote-historical-url-snapshot"
"ef87f067375cd61c","Nature Reviews Rheumatology","https://www.nature.com/nrrheum.rss","www.nature.com","needs-review","","zinote-historical-url-snapshot"
"09322cc3f655de5e","Nature Reviews Urology","https://www.nature.com/nrurol.rss","www.nature.com","needs-review","","zinote-historical-url-snapshot"
"26eb871a435bca82","NATURE STRUCTURAL & MOLECULAR BIOLOGY","https://www.nature.com/nsmb.rss","www.nature.com","needs-review","","zinote-historical-url-snapshot"
"51fad78013ea535c","Nature Sustainability","https://www.nature.com/natsustain.rss","www.nature.com","needs-review","","zinote-historical-url-snapshot"
"1bc15143216a8e5a","Nature Synthesis","https://www.nature.com/natsynth.rss","www.nature.com","needs-review","","zinote-historical-url-snapshot"
"2a5815f29f4ada4a","NAUTILUS","https://nautil.us/feed","nautil.us","needs-review","","zinote-historical-url-snapshot"
"ec126e99374633cd","Naval War College Review","https://digital-commons.usnwc.edu/nwc-review/recent.rss","digital-commons.usnwc.edu","needs-review","","zinote-historical-url-snapshot"
"6b30431efe613ef6","Navus-Revista de Gestao e Tecnologia","https://navus.sc.senac.br/navus/gateway/plugin/WebFeedGatewayPlugin/atom","navus.sc.senac.br","needs-review","","zinote-historical-url-snapshot"
"39f5184ec5da1323","Neo-Victorian Studies","https://neovictorianstudies.com/gateway/plugin/WebFeedGatewayPlugin/atom","neovictorianstudies.com","needs-review","","zinote-historical-url-snapshot"
"8de511abbd2343fb","NEOPLASIA","https://rss.sciencedirect.com/publication/science/14765586","rss.sciencedirect.com","needs-review","","zinote-historical-url-snapshot"
"d091ccbd45099d3c","Nepalese Journal of Ophthalmology","https://www.nepjol.info/index.php/NEPJOPH/gateway/plugin/WebFeedGatewayPlugin/atom","www.nepjol.info","needs-review","","zinote-historical-url-snapshot"
"935ee5056662083c","NEUPHILOLOGISCHE MITTEILUNGEN","https://journal.fi/nm/gateway/plugin/WebFeedGatewayPlugin/atom","journal.fi","needs-review","","zinote-historical-url-snapshot"
"eae8b0a4363652c9","Neural Network World","https://ojs.nnw.cz/index.php/nnw/gateway/plugin/WebFeedGatewayPlugin/atom","ojs.nnw.cz","needs-review","","zinote-historical-url-snapshot"
"5246042cb9899a73","NEUROBIOLOGY OF AGING","https://rss.sciencedirect.com/publication/science/01974580","rss.sciencedirect.com","needs-review","","zinote-historical-url-snapshot"
"5ec37510bf685e30","NEUROCOMPUTING","https://rss.sciencedirect.com/publication/science/09252312","rss.sciencedirect.com","needs-review","","zinote-historical-url-snapshot"
"5a5cff46166619c9","Neurointervention","https://www.neurointervention.org/journal/rss/xml/feed.xml","www.neurointervention.org","needs-review","","zinote-historical-url-snapshot"
"58ccdb982656f967","Neurologia i Neurochirurgia Polska","https://journals.viamedica.pl/neurologia_neurochirurgia_polska/gateway/plugin/WebFeedGatewayPlugin/atom","journals.viamedica.pl","needs-review","","zinote-historical-url-snapshot"
"180b6b1365cf1db7","NEUROPHARMACOLOGY","https://rss.sciencedirect.com/publication/science/00283908","rss.sciencedirect.com","needs-review","","zinote-historical-url-snapshot"
"137c26aecc38955f","NEUROPHYSIOLOGIE CLINIQUE-CLINICAL NEUROPHYSIOLOGY","https://rss.sciencedirect.com/publication/science/09877053","rss.sciencedirect.com","needs-review","","zinote-historical-url-snapshot"
"a3b5bdba584e0f45","NEUROPSYCHOPHARMACOLOGY","https://www.nature.com/npp.rss","www.nature.com","needs-review","","zinote-historical-url-snapshot"
"4f8970c1812f94c9","NEUROSCIENCE RESEARCH","https://rss.sciencedirect.com/publication/science/01680102","rss.sciencedirect.com","needs-review","","zinote-historical-url-snapshot"
"5ac83c281d2d947a","Neurotherapeutics","https://rss.sciencedirect.com/publication/science/18787479","rss.sciencedirect.com","needs-review","","zinote-historical-url-snapshot"
"48a184617978e5cf","NEUROTOXICOLOGY","https://rss.sciencedirect.com/publication/science/0161813X","rss.sciencedirect.com","needs-review","","zinote-historical-url-snapshot"
"738153ccd07e7b3f","NEUROTOXICOLOGY AND TERATOLOGY","https://rss.sciencedirect.com/publication/science/08920362","rss.sciencedirect.com","needs-review","","zinote-historical-url-snapshot"
"79afbed1285a5510","NEW ASTRONOMY REVIEWS","https://rss.sciencedirect.com/publication/science/13876473","rss.sciencedirect.com","needs-review","","zinote-historical-url-snapshot"
"30ccffd295e81869","New Contree","https://newcontree.org.za/index.php/nc/gateway/plugin/WebFeedGatewayPlugin/atom","newcontree.org.za","needs-review","","zinote-historical-url-snapshot"
"105bc26d2ea377e2","NEW LEFT REVIEW","https://newleftreview.org/feed","newleftreview.org","needs-review","","zinote-historical-url-snapshot"
"0defaf041dc7a446","NEW MEXICO HISTORICAL REVIEW","https://digitalrepository.unm.edu/nmhr/recent.rss","digitalrepository.unm.edu","needs-review","","zinote-historical-url-snapshot"
"06a9f0d10da784a0","NEW ORLEANS REVIEW","https://www.neworleansreview.org/feed/","www.neworleansreview.org","needs-review","","zinote-historical-url-snapshot"
"f0f16b7af98b9923","NEW ZEALAND JOURNAL OF FORESTRY SCIENCE","https://nzjforestryscience.nz/index.php/nzjfs/gateway/plugin/WebFeedGatewayPlugin/atom","nzjforestryscience.nz","needs-review","","zinote-historical-url-snapshot"
"369b3984062ea1bd","Nexo Revista Cientifica","https://revistas.uni.edu.ni/index.php/Nexo/gateway/plugin/WebFeedGatewayPlugin/atom","revistas.uni.edu.ni","needs-review","","zinote-historical-url-snapshot"
"fc9da691773335a8","NITRIC OXIDE-BIOLOGY AND CHEMISTRY","https://rss.sciencedirect.com/publication/science/10898603","rss.sciencedirect.com","needs-review","","zinote-historical-url-snapshot"
"53e796a53af959dd","Nonlinear Analysis-Hybrid Systems","https://rss.sciencedirect.com/publication/science/1751570X","rss.sciencedirect.com","needs-review","","zinote-historical-url-snapshot"
"4e661ea84d072098","NONLINEAR ANALYSIS-THEORY METHODS & APPLICATIONS","https://rss.sciencedirect.com/publication/science/0362546X","rss.sciencedirect.com","needs-review","","zinote-historical-url-snapshot"
"9bfcba083dafe912","Nordic Journal of Migration Research","https://account.journal-njmr.org/index.php/uh-j-njmr/gateway/plugin/WebFeedGatewayPlugin/atom","account.journal-njmr.org","needs-review","","zinote-historical-url-snapshot"
"d2e2ca5d4639d05c","Nordic Journal of Working Life Studies","https://tidsskrift.dk/njwls/gateway/plugin/WebFeedGatewayPlugin/atom","tidsskrift.dk","needs-review","","zinote-historical-url-snapshot"
"05ab82f98eb38d3a","Nordic Theatre Studies","https://tidsskrift.dk/nts/gateway/plugin/WebFeedGatewayPlugin/atom","tidsskrift.dk","needs-review","","zinote-historical-url-snapshot"
"da8ea0a4c995921d","Nordisk Judaistik-Scandinavian Jewish Studies","https://journal.fi/nj/gateway/plugin/WebFeedGatewayPlugin/atom","journal.fi","needs-review","","zinote-historical-url-snapshot"
"d934e73549f0ba62","Novos Cadernos NAEA","https://www.periodicos.ufpa.br/index.php/ncn/gateway/plugin/WebFeedGatewayPlugin/atom","www.periodicos.ufpa.br","needs-review","","zinote-historical-url-snapshot"
"8434b52c68ac95a8","Novum Jus","https://novumjus.ucatolica.edu.co/gateway/plugin/WebFeedGatewayPlugin/atom","novumjus.ucatolica.edu.co","needs-review","","zinote-historical-url-snapshot"
"54133c3acaf41da2","NPG Asia Materials","https://www.nature.com/am.rss","www.nature.com","needs-review","","zinote-historical-url-snapshot"
"4528f7e5606ae149","npj 2D Materials and Applications","https://www.nature.com/npj2dmaterials.rss","www.nature.com","needs-review","","zinote-historical-url-snapshot"
"c29b321b6a882dec","npj Aging and Mechanisms of Disease","https://www.nature.com/npjamd.rss","www.nature.com","needs-review","","zinote-historical-url-snapshot"
"0dda14abbb13ab4a","npj Biofilms and Microbiomes","https://www.nature.com/npjbiofilms.rss","www.nature.com","needs-review","","zinote-historical-url-snapshot"
"d359b7e2c897b529","npj Breast Cancer","https://www.nature.com/npjbcancer.rss","www.nature.com","needs-review","","zinote-historical-url-snapshot"
"a8dd86d6f0b4e3e5","npj Clean Water","https://www.nature.com/npjcleanwater.rss","www.nature.com","needs-review","","zinote-historical-url-snapshot"
"054bf4015fe5ddb6","npj Climate and Atmospheric Science","https://www.nature.com/npjclimatsci.rss","www.nature.com","needs-review","","zinote-historical-url-snapshot"
"83f64a8e036e2c87","npj Computational Materials","https://www.nature.com/npjcompumats.rss","www.nature.com","needs-review","","zinote-historical-url-snapshot"
"47258164a4471a62","npj Digital Medicine","https://www.nature.com/npjdigitalmed.rss","www.nature.com","needs-review","","zinote-historical-url-snapshot"
"677244168146cda4","npj Flexible Electronics","https://www.nature.com/npjflexelectron.rss","www.nature.com","needs-review","","zinote-historical-url-snapshot"
"da63b457c3aa68ec","npj Genomic Medicine","https://www.nature.com/npjgenmed.rss","www.nature.com","needs-review","","zinote-historical-url-snapshot"
"5ae67949a6853b0b","npj Materials Degradation","https://www.nature.com/npjmatdeg.rss","www.nature.com","needs-review","","zinote-historical-url-snapshot"
"89ae39b875041e10","NPJ Microgravity","https://www.nature.com/npjmgrav.rss","www.nature.com","needs-review","","zinote-historical-url-snapshot"
"a867df5522ec6e52","npj Parkinsons Disease","https://www.nature.com/npjparkd.rss","www.nature.com","needs-review","","zinote-historical-url-snapshot"
"d1960b26afb9780e","npj Precision Oncology","https://www.nature.com/npjprecisiononcology.rss","www.nature.com","needs-review","","zinote-historical-url-snapshot"
"39309f258fa89126","npj Primary Care Respiratory Medicine","https://www.nature.com/npjpcrm.rss","www.nature.com","needs-review","","zinote-historical-url-snapshot"
"1cace853ed0c36ec","npj Quantum Information","https://www.nature.com/npjqi.rss","www.nature.com","needs-review","","zinote-historical-url-snapshot"
"686c7123e572cac6","npj Quantum Materials","https://www.nature.com/npjquantmats.rss","www.nature.com","needs-review","","zinote-historical-url-snapshot"
"fb32343bab038fc4","npj Regenerative Medicine","https://www.nature.com/npjregenmed.rss","www.nature.com","needs-review","","zinote-historical-url-snapshot"
"5be904ddc28a8246","NPJ Schizophrenia","https://www.nature.com/npjschz.rss","www.nature.com","needs-review","","zinote-historical-url-snapshot"
"7fcb381f6a210d76","npj Science of Food","https://www.nature.com/npjscifood.rss","www.nature.com","needs-review","","zinote-historical-url-snapshot"
"a4c58a294afbed87","npj Science of Learning","https://www.nature.com/npjscilearn.rss","www.nature.com","needs-review","","zinote-historical-url-snapshot"
"b4ee4f4d7b98f2de","npj Systems Biology and Applications","https://www.nature.com/npjsba.rss","www.nature.com","needs-review","","zinote-historical-url-snapshot"
"3dfb743c6b9084d0","npj Urban Sustainability","https://www.nature.com/npjurbansustain.rss","www.nature.com","needs-review","","zinote-historical-url-snapshot"
"b37653c82f1c90ca","npj Vaccines","https://www.nature.com/npjvaccines.rss","www.nature.com","needs-review","","zinote-historical-url-snapshot"
"05a53698e598903d","Nuclear Materials and Energy","https://rss.sciencedirect.com/publication/science/23521791","rss.sciencedirect.com","needs-review","","zinote-historical-url-snapshot"
"ff076a15e710bb92","NUCLEAR MEDICINE AND BIOLOGY","https://rss.sciencedirect.com/publication/science/09698051","rss.sciencedirect.com","needs-review","","zinote-historical-url-snapshot"
"d635768167e43534","Nueva Revista Filologia Hispanica","https://nrfh.colmex.mx/index.php/nrfh/gateway/plugin/WebFeedGatewayPlugin/atom","nrfh.colmex.mx","needs-review","","zinote-historical-url-snapshot"
"08924ad4e8a3a806","NURSE EDUCATION TODAY","https://rss.sciencedirect.com/publication/science/02606917","rss.sciencedirect.com","needs-review","","zinote-historical-url-snapshot"
"1b3f2582cab668c1","NURSING CLINICS OF NORTH AMERICA","https://rss.sciencedirect.com/publication/science/00296465","rss.sciencedirect.com","needs-review","","zinote-historical-url-snapshot"
"5b79837e1b770a7d","Nusantara Bioscience","https://smujo.id/nb/gateway/plugin/WebFeedGatewayPlugin/atom","smujo.id","needs-review","","zinote-historical-url-snapshot"
"2f4c41301f951689","Nutrition & Diabetes","https://www.nature.com/nutd.rss","www.nature.com","needs-review","","zinote-historical-url-snapshot"
"8489a970904073eb","Obra Digital-Revista de Comunicacion","https://revistesdigitals.uvic.cat/index.php/obradigital/gateway/plugin/WebFeedGatewayPlugin/atom","revistesdigitals.uvic.cat","needs-review","","zinote-historical-url-snapshot"
"7e60771464f4ec5b","Obstetrics & Gynecology Science","https://www.ogscience.org/journal/rss/xml/feed.xml","www.ogscience.org","needs-review","","zinote-historical-url-snapshot"
"aa8cf0c36df5aa15","OBSTETRICS AND GYNECOLOGY CLINICS OF NORTH AMERICA","https://rss.sciencedirect.com/publication/science/08898545","rss.sciencedirect.com","needs-review","","zinote-historical-url-snapshot"
"62d982b2b4eb3e66","Ocean Engineering","https://rss.sciencedirect.com/publication/science/00298018","rss.sciencedirect.com","needs-review","","zinote-historical-url-snapshot"
"2f6c2ce4a23173da","OCEANOLOGIA","https://rss.sciencedirect.com/publication/science/00783234","rss.sciencedirect.com","needs-review","","zinote-historical-url-snapshot"
"c6527525603856a9","OCEANOLOGICAL AND HYDROBIOLOGICAL STUDIES","https://czasopisma.bg.ug.edu.pl/index.php/oandhs/gateway/plugin/WebFeedGatewayPlugin/atom","czasopisma.bg.ug.edu.pl","needs-review","","zinote-historical-url-snapshot"
"66f286519abd67de","ODONATOLOGICA","https://www.odonatologica.com/feed/","www.odonatologica.com","needs-review","","zinote-historical-url-snapshot"
"9468e8e3b9a33d4d","Oido Pensante","https://revistascientificas.filo.uba.ar/index.php/oidopensante/gateway/plugin/WebFeedGatewayPlugin/atom","revistascientificas.filo.uba.ar","needs-review","","zinote-historical-url-snapshot"
"1c11154a99a56ff0","ONCOGENE","https://www.nature.com/onc.rss","www.nature.com","needs-review","","zinote-historical-url-snapshot"
"d5ba07f3f1961491","Oncogenesis","https://www.nature.com/oncsis.rss","www.nature.com","needs-review","","zinote-historical-url-snapshot"
"ca3c6e99976515ee","Oncology in Clinical Practice","https://journals.viamedica.pl/oncology_in_clinical_practice/gateway/plugin/WebFeedGatewayPlugin/atom","journals.viamedica.pl","needs-review","","zinote-historical-url-snapshot"
"efc816a0fd0150d0","ONCOLOGY NURSING FORUM","https://www.ons.org/rss.xml","www.ons.org","needs-review","","zinote-historical-url-snapshot"
"0b3cefff57f545e4","Oncology Reviews","https://www.frontiersin.org/journals/oncology-reviews/rss","www.frontiersin.org","needs-review","","zinote-historical-url-snapshot"
"455b490444c4773b","ONDERSTEPOORT JOURNAL OF VETERINARY RESEARCH","https://ojvr.org/index.php/ojvr/gateway/plugin/WebFeedGatewayPlugin/atom","ojvr.org","needs-review","","zinote-historical-url-snapshot"
"77a76cef85bf6920","Open Praxis","https://account.openpraxis.org/index.php/up-j-op/gateway/plugin/WebFeedGatewayPlugin/atom","account.openpraxis.org","needs-review","","zinote-historical-url-snapshot"
"47ed20f2d3f6885e","Operations Research for Health Care","https://rss.sciencedirect.com/publication/science/22116923","rss.sciencedirect.com","needs-review","","zinote-historical-url-snapshot"
"c83a9c51eb9c1102","OPERATIONS RESEARCH LETTERS","https://rss.sciencedirect.com/publication/science/01676377","rss.sciencedirect.com","needs-review","","zinote-historical-url-snapshot"
"b49833f78ac381ba","Operations Research Perspectives","https://rss.sciencedirect.com/publication/science/22147160","rss.sciencedirect.com","needs-review","","zinote-historical-url-snapshot"
"41cbb9b34d9c4748","OPERATIVE DENTISTRY","https://jopdent.com/feed/","jopdent.com","needs-review","","zinote-historical-url-snapshot"
"bd54009dcf01f58d","Optical Switching and Networking","https://rss.sciencedirect.com/publication/science/15734277","rss.sciencedirect.com","needs-review","","zinote-historical-url-snapshot"
"ce0006ea6894b3b6","OPTICS AND LASER TECHNOLOGY","https://rss.sciencedirect.com/publication/science/00303992","rss.sciencedirect.com","needs-review","","zinote-historical-url-snapshot"
"0a01a81a3be57a4a","Opuscula Mathematica","https://www.opuscula.agh.edu.pl/rss2","www.opuscula.agh.edu.pl","needs-review","","zinote-historical-url-snapshot"
"4706df4b5a460299","ORGANIC ELECTRONICS","https://rss.sciencedirect.com/publication/science/15661199","rss.sciencedirect.com","needs-review","","zinote-historical-url-snapshot"
"b0913467c6b16dde","ORGANIZATIONAL BEHAVIOR AND HUMAN DECISION PROCESSES","https://rss.sciencedirect.com/publication/science/07495978","rss.sciencedirect.com","needs-review","","zinote-historical-url-snapshot"
"21432cb1633fd8d0","Organon F","https://www.organonf.com/rss.xml","www.organonf.com","needs-review","","zinote-historical-url-snapshot"
"13eeb3af3d653a8d","ORNIS FENNICA","https://ornisfennica.journal.fi/gateway/plugin/AnnouncementFeedGatewayPlugin/atom","ornisfennica.journal.fi","needs-review","","zinote-historical-url-snapshot"
"6fac3f1dc2143bdf","ORNITOLOGIA NEOTROPICAL","https://ornneo.ornitologianeotropical.org/index.php/ornneo/gateway/plugin/WebFeedGatewayPlugin/atom","ornneo.ornitologianeotropical.org","needs-review","","zinote-historical-url-snapshot"
"e75c272f32c6d022","OSGOODE HALL LAW JOURNAL","https://digitalcommons.osgoode.yorku.ca/ohlj/recent.rss","digitalcommons.osgoode.yorku.ca","needs-review","","zinote-historical-url-snapshot"
"d5e2b028fc77b3ce","OTOLARYNGOLOGIC CLINICS OF NORTH AMERICA","https://rss.sciencedirect.com/publication/science/00306665","rss.sciencedirect.com","needs-review","","zinote-historical-url-snapshot"
"32ebcefd02ca5b3e","Otoritas-Jurnal Ilmu Pemerintahan","https://journal.unismuh.ac.id/index.php/Otoritas/gateway/plugin/WebFeedGatewayPlugin/atom","journal.unismuh.ac.id","needs-review","","zinote-historical-url-snapshot"
"ea0099e9297d01f0","Pacific Asia Journal of the Association for Information Systems","https://aisel.aisnet.org/pajais/recent.rss","aisel.aisnet.org","needs-review","","zinote-historical-url-snapshot"
"9e011763f1707007","Pacific Journalism Review","https://ojs.aut.ac.nz/pacific-journalism-review/gateway/plugin/WebFeedGatewayPlugin/atom","ojs.aut.ac.nz","needs-review","","zinote-historical-url-snapshot"
"64ecb7fffc955c40","Paediatric Respiratory Reviews","https://rss.sciencedirect.com/publication/science/15260542","rss.sciencedirect.com","needs-review","","zinote-historical-url-snapshot"
"b04a7099e5b926b8","Paediatrica Indonesiana","https://paediatricaindonesiana.org/index.php/paediatrica-indonesiana/gateway/plugin/WebFeedGatewayPlugin/atom","paediatricaindonesiana.org","needs-review","","zinote-historical-url-snapshot"
"f26a6daff0175296","Pakistan Journal of Medical Sciences","https://www.pjms.org.pk/index.php/pjms/gateway/plugin/WebFeedGatewayPlugin/atom","www.pjms.org.pk","needs-review","","zinote-historical-url-snapshot"
"64e7cb36a567581b","Pakistan Journal of Statistics and Operation Research","https://pjsor.com/pjsor/gateway/plugin/WebFeedGatewayPlugin/atom","pjsor.com","needs-review","","zinote-historical-url-snapshot"
"bcfd95f90b56ef3c","Palaeoentomology","https://www.mapress.com/pe/gateway/plugin/WebFeedGatewayPlugin/atom","www.mapress.com","needs-review","","zinote-historical-url-snapshot"
"2cb02504f4df3e8a","PALAEOGEOGRAPHY PALAEOCLIMATOLOGY PALAEOECOLOGY","https://rss.sciencedirect.com/publication/science/00310182","rss.sciencedirect.com","needs-review","","zinote-historical-url-snapshot"
"4b27e6472e018c5a","PALAEONTOLOGIA ELECTRONICA","https://palaeo-electronica.org/content/?format=feed&type=rss","palaeo-electronica.org","needs-review","","zinote-historical-url-snapshot"
"456966bc14ae6a38","Pancreatology","https://rss.sciencedirect.com/publication/science/14243903","rss.sciencedirect.com","needs-review","","zinote-historical-url-snapshot"
"a864147d78fa70e7","Papers from the Institute of Archaeology","https://student-journals.ucl.ac.uk/pia/feed/","student-journals.ucl.ac.uk","needs-review","","zinote-historical-url-snapshot"
"7978c1d8563d3da7","PAPERS IN REGIONAL SCIENCE","https://rss.sciencedirect.com/publication/science/10568190","rss.sciencedirect.com","needs-review","","zinote-historical-url-snapshot"
"9c9b0a579aa2779b","PARALLEL COMPUTING","https://rss.sciencedirect.com/publication/science/01678191","rss.sciencedirect.com","needs-review","","zinote-historical-url-snapshot"
"208b7eb351bf6c3f","Parasite Epidemiology and Control","https://rss.sciencedirect.com/publication/science/24056731","rss.sciencedirect.com","needs-review","","zinote-historical-url-snapshot"
"205864fc7efe1be9","PARERGON","https://parergon.org/index.php/parergon/gateway/plugin/WebFeedGatewayPlugin/atom","parergon.org","needs-review","","zinote-historical-url-snapshot"
"1b57a1f7155a2ab2","Pasado y Memoria-Revista de Historia Contemporanea","https://pasadoymemoria.ua.es/gateway/plugin/WebFeedGatewayPlugin/atom","pasadoymemoria.ua.es","needs-review","","zinote-historical-url-snapshot"
"cdc9349310dd4a8c","PATHOLOGICA","https://www.pathologica.it/gateway/plugin/WebFeedGatewayPlugin/atom","www.pathologica.it","needs-review","","zinote-historical-url-snapshot"
"fd3cf0d34b6dd7c4","PATHOLOGY & ONCOLOGY RESEARCH","https://www.por-journal.com/journals/pathology-and-oncology-research/rss","www.por-journal.com","needs-review","","zinote-historical-url-snapshot"
"8585098d949c6918","Pathology and Laboratory Medicine International","https://www.dovepress.com/feed.php?journal_id=80","www.dovepress.com","needs-review","","zinote-historical-url-snapshot"
"05c6b796cb8cbf3f","Patient Preference and Adherence","https://www.dovepress.com/feed/journal/20","www.dovepress.com","needs-review","","zinote-historical-url-snapshot"
"f666ea81180c8f47","PATTERN RECOGNITION LETTERS","https://rss.sciencedirect.com/publication/science/01678655","rss.sciencedirect.com","needs-review","","zinote-historical-url-snapshot"
"9e4a0fceb70a3d5c","Pedagogia Social Revista Interuniversitaria","https://www.pedagogiasocialrevista.es/feeds/posts/default","www.pedagogiasocialrevista.es","needs-review","","zinote-historical-url-snapshot"
"6097cb2c679ec7e9","Pedagogy of Physical Culture and Sports","https://sportpedagogy.org.ua/index.php/ppcs/gateway/plugin/WebFeedGatewayPlugin/atom","sportpedagogy.org.ua","needs-review","","zinote-historical-url-snapshot"
"515c4431b6ffcf43","Pediatric Dental Journal","https://rss.sciencedirect.com/publication/science/09172394","rss.sciencedirect.com","needs-review","","zinote-historical-url-snapshot"
"edfc208921baa0d0","PEDIATRIC RESEARCH","https://www.nature.com/pr.rss","www.nature.com","needs-review","","zinote-historical-url-snapshot"
"98a0a9420de4d999","PEDOBIOLOGIA","https://rss.sciencedirect.com/publication/science/00314056","rss.sciencedirect.com","needs-review","","zinote-historical-url-snapshot"
"051b51b09d84ef88","Pennsylvania History-A Journal of Mid-Atlantic Studies","https://journals.psu.edu/phj/gateway/plugin/WebFeedGatewayPlugin/atom","journals.psu.edu","needs-review","","zinote-historical-url-snapshot"
"c9afcc8c005b0077","PENNSYLVANIA MAGAZINE OF HISTORY AND BIOGRAPHY","https://journals.psu.edu/pmhb/gateway/plugin/WebFeedGatewayPlugin/atom","journals.psu.edu","needs-review","","zinote-historical-url-snapshot"
"7a4043c5373a1f4c","Pensando Psicologia","https://revistas.ucc.edu.co/index.php/pe/gateway/plugin/WebFeedGatewayPlugin/atom","revistas.ucc.edu.co","needs-review","","zinote-historical-url-snapshot"
"30b20a3247be549a","PEPTIDES","https://rss.sciencedirect.com/publication/science/01969781","rss.sciencedirect.com","needs-review","","zinote-historical-url-snapshot"
"ffff61983b31a6c9","Perifrasis-Revista de Literatura Teoria y Critica","https://revistas.uniandes.edu.co/index.php/perifrasis/gateway/plugin/WebFeedGatewayPlugin/atom","revistas.uniandes.edu.co","needs-review","","zinote-historical-url-snapshot"
"1f5ef052e8d74875","PERIODICA POLYTECHNICA-CHEMICAL ENGINEERING","https://pp.bme.hu/ch/gateway/plugin/WebFeedGatewayPlugin/atom","pp.bme.hu","needs-review","","zinote-historical-url-snapshot"
"c425535e4d7d311f","Periodica Polytechnica-Civil Engineering","https://pp.bme.hu/ci/gateway/plugin/WebFeedGatewayPlugin/atom","pp.bme.hu","needs-review","","zinote-historical-url-snapshot"
"35f348b0a9f8859b","PERIODICA POLYTECHNICA-MECHANICAL ENGINEERING","https://pp.bme.hu/me/gateway/plugin/WebFeedGatewayPlugin/atom","pp.bme.hu","needs-review","","zinote-historical-url-snapshot"
"bc05884ac40557b5","PERIODICUM BIOLOGORUM","https://ojs.srce.hr/periodicum_biologorum/gateway/plugin/WebFeedGatewayPlugin/atom","ojs.srce.hr","needs-review","","zinote-historical-url-snapshot"
"b78156698ff50cb0","Persian Journal of Acarology","https://www.biotaxa.org/pja/gateway/plugin/AnnouncementFeedGatewayPlugin/atom","www.biotaxa.org","needs-review","","zinote-historical-url-snapshot"
"2262d15a84a86978","Perspectiva Educacional","http://www.perspectivaeducacional.cl/index.php/peducacional/gateway/plugin/AnnouncementFeedGatewayPlugin/atom","www.perspectivaeducacional.cl","needs-review","","zinote-historical-url-snapshot"
"3d0781f212eff220","Perspectiva Teologica","https://www.faje.edu.br/periodicos/index.php/perspectiva/gateway/plugin/WebFeedGatewayPlugin/atom","www.faje.edu.br","needs-review","","zinote-historical-url-snapshot"
"856fbd32236b53c1","PERSPECTIVES IN PLANT ECOLOGY EVOLUTION AND SYSTEMATICS","https://rss.sciencedirect.com/publication/science/14338319","rss.sciencedirect.com","needs-review","","zinote-historical-url-snapshot"
"3c75051ae73d9256","Pesquisa Brasileira em Odontopediatria e Clinica Integrada","https://www.scielo.br/journal/pboci/feed/","www.scielo.br","needs-review","","zinote-historical-url-snapshot"
"d1a9230b71cbfede","PESQUISA VETERINARIA BRASILEIRA","https://www.scielo.br/journal/pvb/feed/","www.scielo.br","needs-review","","zinote-historical-url-snapshot"
"fd1d3ff83aca901e","Pharmaceutical Care Espana","https://www.pharmcareesp.com/index.php/PharmaCARE/gateway/plugin/WebFeedGatewayPlugin/atom","www.pharmcareesp.com","needs-review","","zinote-historical-url-snapshot"
"f3065e548214c7c9","PHARMACOGENOMICS JOURNAL","https://www.nature.com/tpj.rss","www.nature.com","needs-review","","zinote-historical-url-snapshot"
"2de8b18576daa4a1","PHARMACOLOGICAL RESEARCH","https://rss.sciencedirect.com/publication/science/10436618","rss.sciencedirect.com","needs-review","","zinote-historical-url-snapshot"
"2ca0df7446333526","PHARMACOLOGY BIOCHEMISTRY AND BEHAVIOR","https://rss.sciencedirect.com/publication/science/00913057","rss.sciencedirect.com","needs-review","","zinote-historical-url-snapshot"
"8b73b24b17695a72","Pharmacy Practice-Granada","https://scielo.isciii.es/rss.php?pid=1885-642X20210003&lang=en","scielo.isciii.es","needs-review","","zinote-historical-url-snapshot"
"f129a92126cba639","PharmaNutrition","https://rss.sciencedirect.com/publication/science/22134344","rss.sciencedirect.com","needs-review","","zinote-historical-url-snapshot"
"005faf044cff8957","PHARMAZIE","https://api.ingentaconnect.com/content/govi/pharmaz/latest?format=rss","api.ingentaconnect.com","needs-review","","zinote-historical-url-snapshot"
"d2e19fb39c78ffd8","Philosophers Imprint","https://journals.publishing.umich.edu/phimp/feed/","journals.publishing.umich.edu","needs-review","","zinote-historical-url-snapshot"
"88a38b49fd468109","Philosophical Inquiries","https://www.philinq.it/index.php/philinq/gateway/plugin/AnnouncementFeedGatewayPlugin/atom","www.philinq.it","needs-review","","zinote-historical-url-snapshot"
"160d3da23b4b1396","Photoacoustics","https://rss.sciencedirect.com/publication/science/22135979","rss.sciencedirect.com","needs-review","","zinote-historical-url-snapshot"
"fa18fe107e594e9d","Photonics and Nanostructures-Fundamentals and Applications","https://rss.sciencedirect.com/publication/science/15694410","rss.sciencedirect.com","needs-review","","zinote-historical-url-snapshot"
"6187b598f7ca3933","Phronimon","https://unisapressjournals.co.za/index.php/Phronimon/gateway/plugin/WebFeedGatewayPlugin/atom","unisapressjournals.co.za","needs-review","","zinote-historical-url-snapshot"
"71c3deda4c0bc20b","PHYSICA B-CONDENSED MATTER","https://rss.sciencedirect.com/publication/science/09214526","rss.sciencedirect.com","needs-review","","zinote-historical-url-snapshot"
"e197f614269e14b0","PHYSICA C-SUPERCONDUCTIVITY AND ITS APPLICATIONS","https://rss.sciencedirect.com/publication/science/09214534","rss.sciencedirect.com","needs-review","","zinote-historical-url-snapshot"
"5f50ddb99f329a23","PHYSICA D-NONLINEAR PHENOMENA","https://rss.sciencedirect.com/publication/science/01672789","rss.sciencedirect.com","needs-review","","zinote-historical-url-snapshot"
"41f8e3c2f41d45b6","Physical Medicine and Rehabilitation Clinics of North America","https://rss.sciencedirect.com/publication/science/10479651","rss.sciencedirect.com","needs-review","","zinote-historical-url-snapshot"
"e141f18b3079c3e1","Physics & Imaging in Radiation Oncology","https://rss.sciencedirect.com/publication/science/24056316","rss.sciencedirect.com","needs-review","","zinote-historical-url-snapshot"
"4ea227d4c8396512","Physics and Chemistry of Glasses-European Journal of Glass Science and Technology Part B","https://api.ingentaconnect.com/content/sgt/ejgst/latest?format=rss","api.ingentaconnect.com","needs-review","","zinote-historical-url-snapshot"
"09d156a93b84046b","Physics of Life Reviews","https://rss.sciencedirect.com/publication/science/15710645","rss.sciencedirect.com","needs-review","","zinote-historical-url-snapshot"
"7231f3ee856eeb82","PHYSICS OF THE EARTH AND PLANETARY INTERIORS","https://rss.sciencedirect.com/publication/science/00319201","rss.sciencedirect.com","needs-review","","zinote-historical-url-snapshot"
"db21ea20c4e3afe1","PHYSIOLOGICAL AND MOLECULAR PLANT PATHOLOGY","https://rss.sciencedirect.com/publication/science/08855765","rss.sciencedirect.com","needs-review","","zinote-historical-url-snapshot"
"1241e721ce6132bd","Phytochemistry Letters","https://rss.sciencedirect.com/publication/science/18743900","rss.sciencedirect.com","needs-review","","zinote-historical-url-snapshot"
"3321f4594b4018ab","Phytotaxa","https://phytotaxa.mapress.com/pt/gateway/plugin/WebFeedGatewayPlugin/atom","phytotaxa.mapress.com","needs-review","","zinote-historical-url-snapshot"
"591f31c735f31f6a","PLANETARY AND SPACE SCIENCE","https://rss.sciencedirect.com/publication/science/00320633","rss.sciencedirect.com","needs-review","","zinote-historical-url-snapshot"
"7ee457d2ddf33911","Plant Pathology Journal","https://www.ppjonline.org/journal/rss/xml/feed.xml","www.ppjonline.org","needs-review","","zinote-historical-url-snapshot"
"e5373fdbc2dbfaac","Plant Science Today","https://horizonepublishing.com/index.php/PST/gateway/plugin/WebFeedGatewayPlugin/atom","horizonepublishing.com","needs-review","","zinote-historical-url-snapshot"
"48730cf018b610ae","PLASMID","https://rss.sciencedirect.com/publication/science/0147619X","rss.sciencedirect.com","needs-review","","zinote-historical-url-snapshot"
"f5dcbf099d02052c","Plastic Surgery","https://www.plasticsurgery.org/rss/news-rss-feed","www.plasticsurgery.org","needs-review","","zinote-historical-url-snapshot"
"e4ecb636f3375cf6","Plato Journal","https://platosociety.org/comments/feed/","platosociety.org","needs-review","","zinote-historical-url-snapshot"
"daacaa98b46e57dc","PLOS BIOLOGY","https://journals.plos.org/plosbiology/feed/atom","journals.plos.org","needs-review","","zinote-historical-url-snapshot"
"ebacf78ea03bc6fe","PLoS Computational Biology","https://journals.plos.org/ploscompbiol/feed/atom","journals.plos.org","needs-review","","zinote-historical-url-snapshot"
"2056db4228f6f8d1","PLoS Genetics","https://journals.plos.org/plosgenetics/feed/atom","journals.plos.org","needs-review","","zinote-historical-url-snapshot"
"64c6c46705db2d9c","PLOS MEDICINE","https://journals.plos.org/plosmedicine/feed/atom","journals.plos.org","needs-review","","zinote-historical-url-snapshot"
"a998aa0365c30621","PLoS Neglected Tropical Diseases","https://journals.plos.org/plosntds/feed/atom","journals.plos.org","needs-review","","zinote-historical-url-snapshot"
"9723d5e70499932c","PLoS One","https://journals.plos.org/plosone/feed/atom","journals.plos.org","needs-review","","zinote-historical-url-snapshot"
"2a85d9fac4de0238","PLoS Pathogens","https://journals.plos.org/plospathogens/feed/atom","journals.plos.org","needs-review","","zinote-historical-url-snapshot"
"31aa694cfc12ef85","Plura-Revista de Estudos de Religiao","https://revistaplura.emnuvens.com.br/plura/gateway/plugin/WebFeedGatewayPlugin/atom","revistaplura.emnuvens.com.br","needs-review","","zinote-historical-url-snapshot"
"8ce8ee4e772fe62b","Podium-Sport Leisure and Tourism Review","https://periodicos.uninove.br/podium/gateway/plugin/WebFeedGatewayPlugin/atom","periodicos.uninove.br","needs-review","","zinote-historical-url-snapshot"
"0671832470917a1a","Politics and Governance","https://www.cogitatiopress.com/politicsandgovernance/gateway/plugin/WebFeedGatewayPlugin/atom","www.cogitatiopress.com","needs-review","","zinote-historical-url-snapshot"
"ff94132fdb9b7608","Politologicky Casopis-Czech Journal of Political Science","https://czechpolsci.eu/gateway/plugin/WebFeedGatewayPlugin/atom","czechpolsci.eu","needs-review","","zinote-historical-url-snapshot"
"a75b991217bd89e6","POLYHEDRON","https://rss.sciencedirect.com/publication/science/02775387","rss.sciencedirect.com","needs-review","","zinote-historical-url-snapshot"
"c310ff2bccc49b2d","Pomorstvo-Scientific Journal of Maritime Research","https://ojs.srce.hr/pomorstvo/gateway/plugin/WebFeedGatewayPlugin/atom","ojs.srce.hr","needs-review","","zinote-historical-url-snapshot"
"da3e52a20daee2b3","POULTRY SCIENCE","https://rss.sciencedirect.com/publication/science/00325791","rss.sciencedirect.com","needs-review","","zinote-historical-url-snapshot"
"c05600c23b0328d0","Prace Komisji Geografii Przemyslu Polskiego Towarzystwa Geograficznego-Studies of the Industrial Geography Commission of the Polish Geographical Society","https://prace-kgp.uken.krakow.pl/gateway/plugin/WebFeedGatewayPlugin/atom","prace-kgp.uken.krakow.pl","needs-review","","zinote-historical-url-snapshot"
"bcc34b56c9119397","Practical Laboratory Medicine","https://rss.sciencedirect.com/publication/science/23525517","rss.sciencedirect.com","needs-review","","zinote-historical-url-snapshot"
"64282355afa20409","Pratiques Psychologiques","https://rss.sciencedirect.com/publication/science/12691763","rss.sciencedirect.com","needs-review","","zinote-historical-url-snapshot"
"da037fd75bb0747d","Pravni Vjesnik","https://ojs.srce.hr/pravni-vjesnik/gateway/plugin/WebFeedGatewayPlugin/atom","ojs.srce.hr","needs-review","","zinote-historical-url-snapshot"
"258f59f380215275","Presente y Pasado-Revista de Historia","http://erevistas.saber.ula.ve/index.php/presenteypasado/gateway/plugin/WebFeedGatewayPlugin/atom","erevistas.saber.ula.ve","needs-review","","zinote-historical-url-snapshot"
"4dafd699a7da4381","PRESERVATION","https://www.iccrom.org/feed","www.iccrom.org","needs-review","","zinote-historical-url-snapshot"
"645b90b3aad58ba0","Presse Medicale","https://rss.sciencedirect.com/publication/science/07554982","rss.sciencedirect.com","needs-review","","zinote-historical-url-snapshot"
"3b0cd351fa2fd151","Preventive Medicine Reports","https://rss.sciencedirect.com/publication/science/22113355","rss.sciencedirect.com","needs-review","","zinote-historical-url-snapshot"
"0367e1cdfd75877d","Prikladnaya Diskretnaya Matematika","https://www.mathnet.ru/rss/rssLastIssue.phtml?jrnid=pdm&option_lang=eng","www.mathnet.ru","needs-review","","zinote-historical-url-snapshot"
"dcd42d7aba6a3619","Primary Care Diabetes","https://rss.sciencedirect.com/publication/science/17519918","rss.sciencedirect.com","needs-review","","zinote-historical-url-snapshot"
"d98bd7b2cd8fa981","Procesos-Revista Ecuatoriana de Historia","https://revistas.uasb.edu.ec/index.php/procesos/gateway/plugin/WebFeedGatewayPlugin/atom","revistas.uasb.edu.ec","needs-review","","zinote-historical-url-snapshot"
"a3586376adba8fc6","Processes of Petrochemistry and Oil Refining","https://ppor.az/index.php/ppor/gateway/plugin/WebFeedGatewayPlugin/atom","ppor.az","needs-review","","zinote-historical-url-snapshot"
"d0cf388b910ff55d","Processing and Application of Ceramics","http://ojs.tf.uns.ac.rs/index.php/pac/gateway/plugin/WebFeedGatewayPlugin/atom","ojs.tf.uns.ac.rs","needs-review","","zinote-historical-url-snapshot"
"aaf8ba4d0aa293da","PROGRESS IN AEROSPACE SCIENCES","https://rss.sciencedirect.com/publication/science/03760421","rss.sciencedirect.com","needs-review","","zinote-historical-url-snapshot"
"f39e0eeaacd94725","PROGRESS IN CARDIOVASCULAR DISEASES","https://rss.sciencedirect.com/publication/science/00330620","rss.sciencedirect.com","needs-review","","zinote-historical-url-snapshot"
"70e9bfa4e3699455","PROGRESS IN CRYSTAL GROWTH AND CHARACTERIZATION OF MATERIALS","https://rss.sciencedirect.com/publication/science/09608974","rss.sciencedirect.com","needs-review","","zinote-historical-url-snapshot"
"579a57688c179d31","Progress in Disaster Science","https://rss.sciencedirect.com/publication/science/25900617","rss.sciencedirect.com","needs-review","","zinote-historical-url-snapshot"
"e2e5b0abc47d23c4","PROGRESS IN ENERGY AND COMBUSTION SCIENCE","https://rss.sciencedirect.com/publication/science/03601285","rss.sciencedirect.com","needs-review","","zinote-historical-url-snapshot"
"81c38bba35979b97","PROGRESS IN LIPID RESEARCH","https://rss.sciencedirect.com/publication/science/01637827","rss.sciencedirect.com","needs-review","","zinote-historical-url-snapshot"
"bb48c34f7a2424b0","Progress in Natural Science-Materials International","https://rss.sciencedirect.com/publication/science/10020071","rss.sciencedirect.com","needs-review","","zinote-historical-url-snapshot"
"f21df783dd821ec2","PROGRESS IN NEUROBIOLOGY","https://rss.sciencedirect.com/publication/science/03010082","rss.sciencedirect.com","needs-review","","zinote-historical-url-snapshot"
"f7c608187967fb16","PROGRESS IN OCEANOGRAPHY","https://rss.sciencedirect.com/publication/science/00796611","rss.sciencedirect.com","needs-review","","zinote-historical-url-snapshot"
"105fc4353a6b0984","PROGRESS IN PARTICLE AND NUCLEAR PHYSICS","https://rss.sciencedirect.com/publication/science/01466410","rss.sciencedirect.com","needs-review","","zinote-historical-url-snapshot"
"1750af1a74fb2937","PROGRESS IN PLANNING","https://rss.sciencedirect.com/publication/science/03059006","rss.sciencedirect.com","needs-review","","zinote-historical-url-snapshot"
"dc166d350b171ce0","PROGRESS IN POLYMER SCIENCE","https://rss.sciencedirect.com/publication/science/00796700","rss.sciencedirect.com","needs-review","","zinote-historical-url-snapshot"
"efbba4281ed94b93","PROGRESS IN QUANTUM ELECTRONICS","https://rss.sciencedirect.com/publication/science/00796727","rss.sciencedirect.com","needs-review","","zinote-historical-url-snapshot"
"86f5239f0e985913","PROGRESS IN SOLID STATE CHEMISTRY","https://rss.sciencedirect.com/publication/science/00796786","rss.sciencedirect.com","needs-review","","zinote-historical-url-snapshot"
"de0d10c145260a50","PROGRESS IN SURFACE SCIENCE","https://rss.sciencedirect.com/publication/science/00796816","rss.sciencedirect.com","needs-review","","zinote-historical-url-snapshot"
"cca63248e2b4a788","PROSTATE CANCER AND PROSTATIC DISEASES","https://www.nature.com/pcan.rss","www.nature.com","needs-review","","zinote-historical-url-snapshot"
"024cfd566d64007d","Prostate International","https://rss.sciencedirect.com/publication/science/22878882","rss.sciencedirect.com","needs-review","","zinote-historical-url-snapshot"
"e5df56ad9d92bbfa","PROTEIN EXPRESSION AND PURIFICATION","https://rss.sciencedirect.com/publication/science/10465928","rss.sciencedirect.com","needs-review","","zinote-historical-url-snapshot"
"30bdea356847c539","PROTIST","https://rss.sciencedirect.com/publication/science/14344610","rss.sciencedirect.com","needs-review","","zinote-historical-url-snapshot"
"b9b428a8186fb702","PSYCHIATRY RESEARCH","https://rss.sciencedirect.com/publication/science/01651781","rss.sciencedirect.com","needs-review","","zinote-historical-url-snapshot"
"6b57b89887fbb1f9","Psycholinguistics","https://psycholing-journal.com/index.php/journal/gateway/plugin/WebFeedGatewayPlugin/atom","psycholing-journal.com","needs-review","","zinote-historical-url-snapshot"
"46f31932ffd2d5c6","PSYCHOLOGICA BELGICA","https://account.psychologicabelgica.com/index.php/up-j-pb/gateway/plugin/WebFeedGatewayPlugin/atom","account.psychologicabelgica.com","needs-review","","zinote-historical-url-snapshot"
"61ed251f4590c953","Psychology Society & Education","https://journals.uco.es/psye/gateway/plugin/WebFeedGatewayPlugin/atom","journals.uco.es","needs-review","","zinote-historical-url-snapshot"
"90fece218064c22b","Psychology-Journal of the Higher School of Economics","https://psy-journal.hse.ru/en/rss","psy-journal.hse.ru","needs-review","","zinote-historical-url-snapshot"
"16d86ad2f9868250","PSYCHONEUROENDOCRINOLOGY","https://rss.sciencedirect.com/publication/science/03064530","rss.sciencedirect.com","needs-review","","zinote-historical-url-snapshot"
"8158e3fa11b474de","PUBLIC HEALTH REVIEWS","https://www.ssph-journal.org/journals/public-health-reviews/rss","www.ssph-journal.org","needs-review","","zinote-historical-url-snapshot"
"09d3ed20c5fa145d","PULMONARY PHARMACOLOGY & THERAPEUTICS","https://rss.sciencedirect.com/publication/science/10945539","rss.sciencedirect.com","needs-review","","zinote-historical-url-snapshot"
"de4c69005f3c637d","Punto Genero","https://revistapuntogenero.uchile.cl/index.php/RPG/gateway/plugin/WebFeedGatewayPlugin/atom","revistapuntogenero.uchile.cl","needs-review","","zinote-historical-url-snapshot"
"732e7a81639b5f67","QED-A Journal in GLBTQ Worldmaking","https://ojs.msupress.org/index.php/QED/gateway/plugin/WebFeedGatewayPlugin/atom","ojs.msupress.org","needs-review","","zinote-historical-url-snapshot"
"61f6b644644410c2","Quaderns de Psicologia","https://quadernsdepsicologia.cat/gateway/plugin/WebFeedGatewayPlugin/atom","quadernsdepsicologia.cat","needs-review","","zinote-historical-url-snapshot"
"81a00440532f7366","Quaestio Rossica","https://qr.urfu.ru/ojs/index.php/qr/gateway/plugin/WebFeedGatewayPlugin/atom","qr.urfu.ru","needs-review","","zinote-historical-url-snapshot"
"1275aa337c8f1a18","Qualitative Report","https://nsuworks.nova.edu/tqr/recent.rss","nsuworks.nova.edu","needs-review","","zinote-historical-url-snapshot"
"c3bb79f2af4f110a","Quality Assurance and Safety of Crops & Foods","https://qascf.com/index.php/qas/gateway/plugin/WebFeedGatewayPlugin/atom","qascf.com","needs-review","","zinote-historical-url-snapshot"
"db4039303e846f69","Quantitative Imaging in Medicine and Surgery","https://qims.amegroups.org//gateway/plugin/WebFeedGatewayPlugin/atom","qims.amegroups.org","needs-review","","zinote-historical-url-snapshot"
"e21b746c615f0d3a","QUANTUM INFORMATION & COMPUTATION","https://dl.acm.org/action/showFeed?type=etoc&feed=rss&jc=qic","dl.acm.org","needs-review","","zinote-historical-url-snapshot"
"7dcb9374dbe9287f","Quaternary","https://rss.sciencedirect.com/publication/science/10406182","rss.sciencedirect.com","needs-review","","zinote-historical-url-snapshot"
"cccb9c8a1b660a5b","Quaternary Geochronology","https://rss.sciencedirect.com/publication/science/18711014","rss.sciencedirect.com","needs-review","","zinote-historical-url-snapshot"
"d97d24bd485d36e5","Quaternary Science Advances","https://rss.sciencedirect.com/publication/science/26660334","rss.sciencedirect.com","needs-review","","zinote-historical-url-snapshot"
"61d431ebc49f82b2","RADIATION MEASUREMENTS","https://rss.sciencedirect.com/publication/science/13504487","rss.sciencedirect.com","needs-review","","zinote-historical-url-snapshot"
"872ef0d143e35bdf","RADICAL PHILOSOPHY","https://www.radicalphilosophy.com/comments/feed","www.radicalphilosophy.com","needs-review","","zinote-historical-url-snapshot"
"773b17241f1407fc","Radical Teacher","https://radicalteacher.library.pitt.edu/ojs/radicalteacher/gateway/plugin/WebFeedGatewayPlugin/atom","radicalteacher.library.pitt.edu","needs-review","","zinote-historical-url-snapshot"
"3999057a61d86e8c","Range Management and Agroforestry","https://publications.rmsi.in/index.php/rma/gateway/plugin/WebFeedGatewayPlugin/atom","publications.rmsi.in","needs-review","","zinote-historical-url-snapshot"
"47ddef1d813db1f4","Rational Pharmacotherapy in Cardiology","https://www.rpcardio.online/jour/gateway/plugin/WebFeedGatewayPlugin/atom","www.rpcardio.online","needs-review","","zinote-historical-url-snapshot"
"b6086c76ffe3fe13","Raumforschung und Raumordnung-Spatial Research and Planning","https://rur.oekom.de/index.php/rur/gateway/plugin/AnnouncementFeedGatewayPlugin/atom","rur.oekom.de","needs-review","","zinote-historical-url-snapshot"
"d04f06d0a20b30f4","RED-Revista de Educacion a Distancia","https://revistas.um.es/red/gateway/plugin/WebFeedGatewayPlugin/atom","revistas.um.es","needs-review","","zinote-historical-url-snapshot"
"271f349d2912f8a4","REGIONAL SCIENCE AND URBAN ECONOMICS","https://rss.sciencedirect.com/publication/science/01660462","rss.sciencedirect.com","needs-review","","zinote-historical-url-snapshot"
"f4ab548b21c6049d","Regional Science Policy and Practice","https://rss.sciencedirect.com/publication/science/17577802","rss.sciencedirect.com","needs-review","","zinote-historical-url-snapshot"
"c96e8c6c331261f1","Regional Studies in Marine Science","https://rss.sciencedirect.com/publication/science/23524855","rss.sciencedirect.com","needs-review","","zinote-historical-url-snapshot"
"1f80a6b162060e6c","Regional Sustainability","https://rss.sciencedirect.com/publication/science/2666660X","rss.sciencedirect.com","needs-review","","zinote-historical-url-snapshot"
"8d7baee7a3b3fc3e","Regulatory Mechanisms in Biosystems","https://medicine.dp.ua/index.php/med/gateway/plugin/WebFeedGatewayPlugin/atom","medicine.dp.ua","needs-review","","zinote-historical-url-snapshot"
"beb3ba1f770884a0","RELIGION","https://www.religion-online.org/feed/","www.religion-online.org","needs-review","","zinote-historical-url-snapshot"
"46fbc55261561ffc","Remate de Males","https://periodicos.sbu.unicamp.br/ojs/index.php/remate/gateway/plugin/AnnouncementFeedGatewayPlugin/atom","periodicos.sbu.unicamp.br","needs-review","","zinote-historical-url-snapshot"
"7f9ede7876d8a933","REMEA-Revista Eletronica do Mestrado em Educacao Ambiental","https://periodicos.furg.br/remea/gateway/plugin/WebFeedGatewayPlugin/atom","periodicos.furg.br","needs-review","","zinote-historical-url-snapshot"
"3f943f5078b5046e","Remote Sensing Applications-Society and Environment","https://rss.sciencedirect.com/publication/science/23529385","rss.sciencedirect.com","needs-review","","zinote-historical-url-snapshot"
"eb1100225a4832da","RENAISSANCE AND REFORMATION","https://jps.library.utoronto.ca/index.php/renref/gateway/plugin/WebFeedGatewayPlugin/atom","jps.library.utoronto.ca","needs-review","","zinote-historical-url-snapshot"
"f8e5ad41b705caff","Reports of Practical Oncology and Radiotherapy","https://journals.viamedica.pl/rpor/gateway/plugin/WebFeedGatewayPlugin/atom","journals.viamedica.pl","needs-review","","zinote-historical-url-snapshot"
"7bac94e71ac79161","Research in Cold and Arid Regions","https://rss.sciencedirect.com/publication/science/20971583","rss.sciencedirect.com","needs-review","","zinote-historical-url-snapshot"
"460ca31e69d4a93c","Research in Economics","https://rss.sciencedirect.com/publication/science/10909443","rss.sciencedirect.com","needs-review","","zinote-historical-url-snapshot"
"4293db8455a58a7d","Research in Learning Technology","https://journal.alt.ac.uk/index.php/rlt/gateway/plugin/AnnouncementFeedGatewayPlugin/atom","journal.alt.ac.uk","needs-review","","zinote-historical-url-snapshot"
"2e361af32057946d","Research in Organizational Behavior","https://rss.sciencedirect.com/publication/science/01913085","rss.sciencedirect.com","needs-review","","zinote-historical-url-snapshot"
"e67656d96f975917","Research in Social Stratification and Mobility","https://rss.sciencedirect.com/publication/science/02765624","rss.sciencedirect.com","needs-review","","zinote-historical-url-snapshot"
"e47ec86c5008a8ac","Research Reports in Clinical Cardiology","https://www.dovepress.com/feed/journal/96","www.dovepress.com","needs-review","","zinote-historical-url-snapshot"
"a395df2e03b4c128","RESOURCE AND ENERGY ECONOMICS","https://rss.sciencedirect.com/publication/science/09287655","rss.sciencedirect.com","needs-review","","zinote-historical-url-snapshot"
"553ca123d135aa40","Resources Policy","https://rss.sciencedirect.com/publication/science/03014207","rss.sciencedirect.com","needs-review","","zinote-historical-url-snapshot"
"81a8887d3cab9c29","Respiratory Medicine and Research","https://rss.sciencedirect.com/publication/science/25900412","rss.sciencedirect.com","needs-review","","zinote-historical-url-snapshot"
"dc99b5924982bbef","Resuscitation Plus","https://rss.sciencedirect.com/publication/science/26665204","rss.sciencedirect.com","needs-review","","zinote-historical-url-snapshot"
"26d4a92b71c2c261","Reumatismo","https://www.reumatismo.org/reuma/gateway/plugin/WebFeedGatewayPlugin/atom","www.reumatismo.org","needs-review","","zinote-historical-url-snapshot"
"95a1b8e90f0852db","REUNIR-Revista de Administracao Contabilidade e Sustentabilidade","https://reunir.revistas.ufcg.edu.br/index.php/uacc/gateway/plugin/AnnouncementFeedGatewayPlugin/atom","reunir.revistas.ufcg.edu.br","needs-review","","zinote-historical-url-snapshot"
"2e0a06a3e36900ea","Review of Economic Analysis","https://openjournals.uwaterloo.ca/index.php/rofea/gateway/plugin/WebFeedGatewayPlugin/atom","openjournals.uwaterloo.ca","needs-review","","zinote-historical-url-snapshot"
"fac40d64da211787","REVIEW OF ECONOMIC DYNAMICS","https://rss.sciencedirect.com/publication/science/10942025","rss.sciencedirect.com","needs-review","","zinote-historical-url-snapshot"
"76ddc18fcbf6b889","Review of European and Comparative Law","https://czasopisma.kul.pl/index.php/recl/gateway/plugin/WebFeedGatewayPlugin/atom","czasopisma.kul.pl","needs-review","","zinote-historical-url-snapshot"
"7e5cad5c2650a2d7","Revista Argentina de Historiografia Linguistica","https://www.rahl.ar/index.php/rahl/gateway/plugin/WebFeedGatewayPlugin/atom","www.rahl.ar","needs-review","","zinote-historical-url-snapshot"
"58235e0423731972","Revista Biblica","https://www.revistabiblica.com/ojs/index.php/RB/gateway/plugin/WebFeedGatewayPlugin/atom","www.revistabiblica.com","needs-review","","zinote-historical-url-snapshot"
"c5662296acc958c9","Revista Brasileira de Ciencias Ambientais","https://www.rbciamb.com.br/Publicacoes_RBCIAMB/gateway/plugin/WebFeedGatewayPlugin/atom","www.rbciamb.com.br","needs-review","","zinote-historical-url-snapshot"
"d9d773d0249391c1","Revista Brasileira de Direito Processual Penal","https://revista.ibraspp.com.br/RBDPP/gateway/plugin/WebFeedGatewayPlugin/atom","revista.ibraspp.com.br","needs-review","","zinote-historical-url-snapshot"
"7049486e4b65d36d","Revista Brasileira de Engenharia Agricola e Ambiental","https://www.scielo.br/journal/rbeaa/feed/","www.scielo.br","needs-review","","zinote-historical-url-snapshot"
"cde9f286962a0043","REVISTA BRASILEIRA DE ENTOMOLOGIA","https://www.scielo.br/journal/rbent/feed/","www.scielo.br","needs-review","","zinote-historical-url-snapshot"
"2bd4b86cc27d449e","Revista Brasileira de Estudos Politicos","https://pos.direito.ufmg.br/rbep/index.php/rbep/gateway/plugin/AnnouncementFeedGatewayPlugin/atom","pos.direito.ufmg.br","needs-review","","zinote-historical-url-snapshot"
"2bda978d9a1dd710","Revista Brasileira de Fruticultura","https://www.scielo.br/journal/rbf/feed/","www.scielo.br","needs-review","","zinote-historical-url-snapshot"
"3bf27c14641bf8cc","Revista Brasileira de Geomorfologia","https://rbgeomorfologia.org.br/rbg/gateway/plugin/WebFeedGatewayPlugin/atom","rbgeomorfologia.org.br","needs-review","","zinote-historical-url-snapshot"
"89de2f81509c4e61","Revista Brasileira de Historia","https://www.scielo.br/journal/rbh/feed/","www.scielo.br","needs-review","","zinote-historical-url-snapshot"
"7ccc251ee9ef51d4","Revista Brasileira de Inovacao","https://www.scielo.br/journal/rbi/feed/","www.scielo.br","needs-review","","zinote-historical-url-snapshot"
"c37c1f0d023393c3","Revista Brasileira de Marketing","https://periodicos.uninove.br/remark/gateway/plugin/WebFeedGatewayPlugin/atom","periodicos.uninove.br","needs-review","","zinote-historical-url-snapshot"
"66192e68417efc1a","Revista CES Derecho","https://revistas.ces.edu.co/index.php/derecho/gateway/plugin/WebFeedGatewayPlugin/atom","revistas.ces.edu.co","needs-review","","zinote-historical-url-snapshot"
"d81580c7f2d57dc8","Revista Chilena de Derecho","https://revistachilenadederecho.uc.cl/index.php/Rchd/gateway/plugin/WebFeedGatewayPlugin/atom","revistachilenadederecho.uc.cl","needs-review","","zinote-historical-url-snapshot"
"04fa569e309cde0e","Revista Chilena de Infectologia","https://revinf.cl/index.php/revinf/gateway/plugin/WebFeedGatewayPlugin/atom","revinf.cl","needs-review","","zinote-historical-url-snapshot"
"6058076f8c14b8df","REVISTA CHILENA DE LITERATURA","https://revistaliteratura.uchile.cl/index.php/RCL/gateway/plugin/WebFeedGatewayPlugin/atom","revistaliteratura.uchile.cl","needs-review","","zinote-historical-url-snapshot"
"6a2e2c02ea8521db","Revista Chilena de Nutricion","http://www.scielo.cl/rss.php?pid=0717-751820260001&lang=es","www.scielo.cl","needs-review","","zinote-historical-url-snapshot"
"cb82b1a62b824761","Revista Ciencias Administrativas","https://revistas.unlp.edu.ar/CADM/gateway/plugin/WebFeedGatewayPlugin/atom","revistas.unlp.edu.ar","needs-review","","zinote-historical-url-snapshot"
"36e0f6a1093b5e01","Revista Cientifica da Faculdade de Educacao e Meio Ambiente","https://revista.faema.edu.br/index.php/Revista-FAEMA/gateway/plugin/AnnouncementFeedGatewayPlugin/rss2","revista.faema.edu.br","needs-review","","zinote-historical-url-snapshot"
"598439474f6e288f","Revista Colombiana de Cancerologia","https://www.revistacancercol.org/index.php/cancer/gateway/plugin/WebFeedGatewayPlugin/atom","www.revistacancercol.org","needs-review","","zinote-historical-url-snapshot"
"56e98fc243f1ac92","Revista Colombiana de Investigaciones Agroindustriales","https://revistas.sena.edu.co/index.php/recia/gateway/plugin/AnnouncementFeedGatewayPlugin/atom","revistas.sena.edu.co","needs-review","","zinote-historical-url-snapshot"
"6da0be33b35e4fed","Revista Conrado","https://conrado.ucf.edu.cu/index.php/conrado/gateway/plugin/WebFeedGatewayPlugin/atom","conrado.ucf.edu.cu","needs-review","","zinote-historical-url-snapshot"
"01634727ef64952b","Revista Contemporanea de Educacao","https://revistas.ufrj.br/index.php/rce/gateway/plugin/WebFeedGatewayPlugin/atom","revistas.ufrj.br","needs-review","","zinote-historical-url-snapshot"
"5564cc00fa822593","Revista Criminalidad","https://revistacriminalidad.policia.gov.co:8000/index.php/revcriminalidad/gateway/plugin/WebFeedGatewayPlugin/atom","revistacriminalidad.policia.gov.co","needs-review","","zinote-historical-url-snapshot"
"606b8a2bb4cb45dc","Revista Cubana de Fisica","https://www.revistacubanadefisica.org/index.php/rcf/gateway/plugin/WebFeedGatewayPlugin/atom","www.revistacubanadefisica.org","needs-review","","zinote-historical-url-snapshot"
"dfbe0357e46dbc4a","Revista Cuidarte","https://revistas.unam.mx/index.php/cuidarte/gateway/plugin/WebFeedGatewayPlugin/atom","revistas.unam.mx","needs-review","","zinote-historical-url-snapshot"
"35806fa1198789e4","Revista da Associacao Medica Brasileira","https://www.scielo.br/journal/ramb/feed/","www.scielo.br","needs-review","","zinote-historical-url-snapshot"
"b1ff608f44a7bcaa","Revista da Escola de Enfermagem da USP","https://revistas.usp.br/reeusp/en/gateway/plugin/WebFeedGatewayPlugin/atom","revistas.usp.br","needs-review","","zinote-historical-url-snapshot"
"e176b77296e5f1a2","Revista da Sociedade Brasileira de Medicina Tropical","https://www.scielo.br/journal/rsbmt/feed/","www.scielo.br","needs-review","","zinote-historical-url-snapshot"
"4db138e2854056ec","Revista de Arquitectura-Bogota","https://revistadearquitectura.ucatolica.edu.co/gateway/plugin/WebFeedGatewayPlugin/atom","revistadearquitectura.ucatolica.edu.co","needs-review","","zinote-historical-url-snapshot"
"3434c93559fc4d0f","REVISTA DE BIOLOGIA TROPICAL","http://www.scielo.sa.cr/rss.php?pid=0034-774420250002&lang=en","www.scielo.sa.cr","needs-review","","zinote-historical-url-snapshot"
"c0eb2d06c5e363ce","Revista de Cancioneros Impresos y Manuscritos","https://rcim.ua.es/gateway/plugin/WebFeedGatewayPlugin/atom","rcim.ua.es","needs-review","","zinote-historical-url-snapshot"
"3657245cf121f09f","Revista de Comunicacion-Peru","https://revistadecomunicacion.com/es/gateway/plugin/WebFeedGatewayPlugin/atom","revistadecomunicacion.com","needs-review","","zinote-historical-url-snapshot"
"329bfc7503b9d1ee","Revista de Contabilidad-Spanish Accounting Review","https://revistas.um.es/rcsar/gateway/plugin/WebFeedGatewayPlugin/atom","revistas.um.es","needs-review","","zinote-historical-url-snapshot"
"39a8c920d4308834","Revista de Derecho Privado","https://revistas.juridicas.unam.mx/index.php/derecho-privado/gateway/plugin/WebFeedGatewayPlugin/atom","revistas.juridicas.unam.mx","needs-review","","zinote-historical-url-snapshot"
"5726dbcfb79ba4a1","Revista de Direito da Cidade-City Law","https://www.e-publicacoes.uerj.br/rdc/gateway/plugin/WebFeedGatewayPlugin/atom","www.e-publicacoes.uerj.br","needs-review","","zinote-historical-url-snapshot"
"85b8f5f8f36e0c00","Revista de Ensino de Bioquimica","https://www.bioquimica.org.br/index.php/REB/gateway/plugin/AnnouncementFeedGatewayPlugin/atom","www.bioquimica.org.br","needs-review","","zinote-historical-url-snapshot"
"bfd2bdc135872187","Revista de Estudios en Seguridad Internacional-RESI","http://seguridadinternacional.es/resi/index.php/revista/gateway/plugin/WebFeedGatewayPlugin/atom","seguridadinternacional.es","needs-review","","zinote-historical-url-snapshot"
"6cf0bba14164b593","Revista de Estudios Sociales","https://revistas.uniandes.edu.co/index.php/res/gateway/plugin/WebFeedGatewayPlugin/atom","revistas.uniandes.edu.co","needs-review","","zinote-historical-url-snapshot"
"d705b7a906cbf931","Revista de Estudos da Linguagem","http://periodicos.letras.ufmg.br/index.php/relin/gateway/plugin/WebFeedGatewayPlugin/atom","periodicos.letras.ufmg.br","needs-review","","zinote-historical-url-snapshot"
"63b44d43d006dee9","Revista de Filosofia Aurora","https://periodicos.pucpr.br/aurora/gateway/plugin/WebFeedGatewayPlugin/atom","periodicos.pucpr.br","needs-review","","zinote-historical-url-snapshot"
"4f281bea3e6d6b49","Revista de Filosofia La Plata","https://www.rdf.fahce.unlp.edu.ar/gateway/plugin/WebFeedGatewayPlugin/atom","www.rdf.fahce.unlp.edu.ar","needs-review","","zinote-historical-url-snapshot"
"9119be9157371a0a","Revista de Gestao Financas e Contabilidade","https://revistas.uneb.br/financ/gateway/plugin/WebFeedGatewayPlugin/atom","revistas.uneb.br","needs-review","","zinote-historical-url-snapshot"
"720ba1807b35189d","Revista de Gestion Publica","https://revistaschilenas.uchile.cl/feed/rss_1.0/2250/165470","revistaschilenas.uchile.cl","needs-review","","zinote-historical-url-snapshot"
"2bc38dd6580d7b13","Revista de Historia da Sociedade e da Cultura","https://impactum-journals.uc.pt/rhsc/gateway/plugin/WebFeedGatewayPlugin/atom","impactum-journals.uc.pt","needs-review","","zinote-historical-url-snapshot"
"8981043784ec92a7","Revista de Historia das Ideias","https://impactum-journals.uc.pt/rhi/gateway/plugin/WebFeedGatewayPlugin/atom","impactum-journals.uc.pt","needs-review","","zinote-historical-url-snapshot"
"65242fa2df742208","Revista de Historia Moderna-Anales de la Universidad de Alicante","https://revistahistoriamoderna.ua.es/gateway/plugin/WebFeedGatewayPlugin/atom","revistahistoriamoderna.ua.es","needs-review","","zinote-historical-url-snapshot"
"62243b413a0ce3dc","Revista de Historia-Sao Paulo","https://www.scielo.br/journal/rh/feed/","www.scielo.br","needs-review","","zinote-historical-url-snapshot"
"329ed3ba282ec32f","Revista de Investigacion Linguistica","https://revistas.um.es/ril/gateway/plugin/WebFeedGatewayPlugin/atom","revistas.um.es","needs-review","","zinote-historical-url-snapshot"
"5dad90a754355d4a","Revista de Investigaciones Veterinarias del Peru","http://www.scielo.org.pe/rss.php?pid=1609-911720250006&lang=es","www.scielo.org.pe","needs-review","","zinote-historical-url-snapshot"
"9d4321f818cd0e08","Revista de Investigaciones-Universidad del Quindio","https://ojs.uniquindio.edu.co/ojs/index.php/riuq/gateway/plugin/WebFeedGatewayPlugin/atom","ojs.uniquindio.edu.co","needs-review","","zinote-historical-url-snapshot"
"6b4772f19192cef4","Revista de la Federacion Argentina de Cardiologia","https://revistafac.org.ar/ojs/index.php/revistafac/gateway/plugin/WebFeedGatewayPlugin/atom","revistafac.org.ar","needs-review","","zinote-historical-url-snapshot"
"50e2e7eaec7f31ec","REVISTA DE LA SOCIEDAD ENTOMOLOGICA ARGENTINA","https://www.biotaxa.org/RSEA/gateway/plugin/WebFeedGatewayPlugin/atom","www.biotaxa.org","needs-review","","zinote-historical-url-snapshot"
"d63f16ac363ae221","Revista de la Universidad del Zulia","https://produccioncientificaluz.org/index.php/rluz/gateway/plugin/WebFeedGatewayPlugin/atom","produccioncientificaluz.org","needs-review","","zinote-historical-url-snapshot"
"2b53eb98e9aa7499","Revista de Llengua i Dret-Journal of Language and Law","https://revistes.eapc.gencat.cat/index.php/rld/gateway/plugin/WebFeedGatewayPlugin/atom","revistes.eapc.gencat.cat","needs-review","","zinote-historical-url-snapshot"
"a0d0c8c1d13bc3dd","Revista de Pedagogia Universitaria y Didactica del Derecho","https://pedagogiaderecho.uchile.cl/index.php/RPUD/gateway/plugin/WebFeedGatewayPlugin/atom","pedagogiaderecho.uchile.cl","needs-review","","zinote-historical-url-snapshot"
"87904d2d0156af16","Revista de Psicologia PUCP","https://revistas.pucp.edu.pe/index.php/psicologia/gateway/plugin/WebFeedGatewayPlugin/atom","revistas.pucp.edu.pe","needs-review","","zinote-historical-url-snapshot"
"708c821c504dfe88","Revista de Senologia y Patologia Mamaria","https://rss.sciencedirect.com/publication/science/02141582","rss.sciencedirect.com","needs-review","","zinote-historical-url-snapshot"
"520a68cbc5644d2e","Revista de Transporte y Territorio","https://revistascientificas.filo.uba.ar/index.php/rtt/gateway/plugin/WebFeedGatewayPlugin/atom","revistascientificas.filo.uba.ar","needs-review","","zinote-historical-url-snapshot"
"9a4902c8ad405fe9","Revista de Urbanismo","https://revistaurbanismo.uchile.cl/index.php/RU/gateway/plugin/WebFeedGatewayPlugin/atom","revistaurbanismo.uchile.cl","needs-review","","zinote-historical-url-snapshot"
"c6b365621abdb421","Revista do Curso de Direito do UNIFOR","https://revistas.uniformg.edu.br/cursodireitouniformg/gateway/plugin/WebFeedGatewayPlugin/atom","revistas.uniformg.edu.br","needs-review","","zinote-historical-url-snapshot"
"74d19cbce756649d","REVISTA DO INSTITUTO DE MEDICINA TROPICAL DE SAO PAULO","https://revistas.usp.br/rimtsp/en/gateway/plugin/WebFeedGatewayPlugin/atom","revistas.usp.br","needs-review","","zinote-historical-url-snapshot"
"d3d9e7c4c003976b","Revista do Servico Publico","https://revista.enap.gov.br/index.php/RSP/gateway/plugin/AnnouncementFeedGatewayPlugin/atom","revista.enap.gov.br","needs-review","","zinote-historical-url-snapshot"
"2e705d64aca7777c","Revista Educacion en Ingenieria","https://educacioneningenieria.org/index.php/edi/gateway/plugin/WebFeedGatewayPlugin/atom","educacioneningenieria.org","needs-review","","zinote-historical-url-snapshot"
"f50373d0b7d765d1","Revista Electronica Educare","http://www.scielo.sa.cr/rss.php?pid=1409-425820250001&lang=en","www.scielo.sa.cr","needs-review","","zinote-historical-url-snapshot"
"c357b74630529fce","Revista Electronica Interuniversitaria de Formacion del Profesorado","https://revistas.um.es/reifop/gateway/plugin/WebFeedGatewayPlugin/atom","revistas.um.es","needs-review","","zinote-historical-url-snapshot"
"dc3c72e8da87d23c","Revista Eletronica em Gestao Educacao e Tecnologia Ambiental","https://periodicos.ufsm.br/reget/gateway/plugin/WebFeedGatewayPlugin/atom","periodicos.ufsm.br","needs-review","","zinote-historical-url-snapshot"
"319289408e8e1f3e","Revista Eletronica Pesquiseduca","https://periodicos.unisantos.br/pesquiseduca/gateway/plugin/WebFeedGatewayPlugin/atom","periodicos.unisantos.br","needs-review","","zinote-historical-url-snapshot"
"5c85f8218b532683","Revista Empresa y Humanismo","https://revistas.unav.edu/index.php/empresa-y-humanismo/gateway/plugin/WebFeedGatewayPlugin/atom","revistas.unav.edu","needs-review","","zinote-historical-url-snapshot"
"c75efdbc8849080f","Revista Espanola de Comunicacion en Salud","https://e-revistas.uc3m.es/index.php/RECS/es/gateway/plugin/WebFeedGatewayPlugin/atom","e-revistas.uc3m.es","needs-review","","zinote-historical-url-snapshot"
"82c675a31fb19ea6","Revista Espanola de Discapacidad-REDIS","https://redis.cedid.es/index.php/redis/gateway/plugin/WebFeedGatewayPlugin/atom","redis.cedid.es","needs-review","","zinote-historical-url-snapshot"
"6245793705954ec2","Revista Espanola de Nutricion Humana y Dietetica","https://www.renhyd.org/renhyd/gateway/plugin/WebFeedGatewayPlugin/atom","www.renhyd.org","needs-review","","zinote-historical-url-snapshot"
"e6f3df0f91ab432c","Revista Espanola de Pedagogia","https://revistas.unir.net/index.php/rep/gateway/plugin/WebFeedGatewayPlugin/atom","revistas.unir.net","needs-review","","zinote-historical-url-snapshot"
"d25408290cbf4dc4","Revista Espanola de Salud Publica","https://www.scielosp.org/journal/resp/feed/","www.scielosp.org","needs-review","","zinote-historical-url-snapshot"
"f13e43036ab83359","Revista Estudos Institucionais-Journal of Institutional Studies","https://estudosinstitucionais.com/REI/gateway/plugin/AnnouncementFeedGatewayPlugin/atom","estudosinstitucionais.com","needs-review","","zinote-historical-url-snapshot"
"0f43b7cce3a38182","Revista Eureka sobre Ensenanza y Divulgacion de las Ciencias","https://revistas.uca.es/index.php/eureka/gateway/plugin/WebFeedGatewayPlugin/atom","revistas.uca.es","needs-review","","zinote-historical-url-snapshot"
"20367ec9812ada7f","Revista Facultad de Ingenieria-Universidad de Antioquia","https://revistas.udea.edu.co/index.php/ingenieria/gateway/plugin/WebFeedGatewayPlugin/atom","revistas.udea.edu.co","needs-review","","zinote-historical-url-snapshot"
"41e0175875c59053","Revista Finanzas y Politica Economica","https://revfinypolecon.ucatolica.edu.co/gateway/plugin/WebFeedGatewayPlugin/atom","revfinypolecon.ucatolica.edu.co","needs-review","","zinote-historical-url-snapshot"
"e8d60015bb2f47de","Revista Fitotecnia Mexicana","https://revfitotecnia.mx/index.php/RFM/gateway/plugin/WebFeedGatewayPlugin/atom","revfitotecnia.mx","needs-review","","zinote-historical-url-snapshot"
"f57fff54b99e8a16","Revista Forestal Mesoamerica Kuru-RFMK","http://www.scielo.sa.cr/rss.php?pid=2215-250420250002&lang=en","www.scielo.sa.cr","needs-review","","zinote-historical-url-snapshot"
"ae5d0688a0385108","Revista Geografica Venezolana","http://erevistas.saber.ula.ve/index.php/regeoven/gateway/plugin/WebFeedGatewayPlugin/atom","erevistas.saber.ula.ve","needs-review","","zinote-historical-url-snapshot"
"a4449fd87dfde5b4","Revista Gestao Organizacional","https://pegasus.unochapeco.edu.br/revistas/index.php/rgo/gateway/plugin/AnnouncementFeedGatewayPlugin/atom","pegasus.unochapeco.edu.br","needs-review","","zinote-historical-url-snapshot"
"1aa1bffe62f7fdbc","Revista Habitat Sustentable","http://www.scielo.cl/rss.php?pid=0719-070020250001&lang=en","www.scielo.cl","needs-review","","zinote-historical-url-snapshot"
"8343faf233ca5277","Revista Ibero-Americana de Ciencia da Informacao","https://periodicos.unb.br/index.php/RICI/gateway/plugin/AnnouncementFeedGatewayPlugin/atom","periodicos.unb.br","needs-review","","zinote-historical-url-snapshot"
"e18a56922e5f535c","Revista Ibero-Americana de Estudos em Educacao","https://periodicos.fclar.unesp.br/iberoamericana/gateway/plugin/AnnouncementFeedGatewayPlugin/atom","periodicos.fclar.unesp.br","needs-review","","zinote-historical-url-snapshot"
"88f3a23f6a93a6ee","Revista Icono 14-Revista Cientifica de Comunicacion y Tecnologias","https://icono14.net/ojs/index.php/icono14/gateway/plugin/WebFeedGatewayPlugin/atom","icono14.net","needs-review","","zinote-historical-url-snapshot"
"6432291030632904","Revista Ingenieria de Construccion","http://www.scielo.cl/rss.php?pid=0718-507320250004&lang=en","www.scielo.cl","needs-review","","zinote-historical-url-snapshot"
"4b484e81fdb6244a","Revista Innovaciencia","https://revistas.udes.edu.co/innovaciencia/gateway/plugin/AnnouncementFeedGatewayPlugin/atom","revistas.udes.edu.co","needs-review","","zinote-historical-url-snapshot"
"1989c7e4329ef33f","Revista Internacional de Contaminacion Ambiental","https://www.revistascca.unam.mx/rica/index.php/rica/gateway/plugin/WebFeedGatewayPlugin/atom","www.revistascca.unam.mx","needs-review","","zinote-historical-url-snapshot"
"f4a0bf5c2d713daa","Revista Internacional de Educacion Musical","https://revistaeducacionmusical.org/index.php/rem1/gateway/plugin/WebFeedGatewayPlugin/atom","revistaeducacionmusical.org","needs-review","","zinote-historical-url-snapshot"
"cc60d6b0267927db","Revista Internacional de Relaciones Publicas","https://revistarelacionespublicas.uma.es/index.php/revrrpp/gateway/plugin/WebFeedGatewayPlugin/atom","revistarelacionespublicas.uma.es","needs-review","","zinote-historical-url-snapshot"
"c03770615b251739","Revista Investigaciones Altoandinas-Journal of High Andean Research","https://huajsapata.unap.edu.pe/index.php/ria/gateway/plugin/WebFeedGatewayPlugin/atom","huajsapata.unap.edu.pe","needs-review","","zinote-historical-url-snapshot"
"3d228679987f570d","Revista INVI","https://revistainvi.uchile.cl/index.php/INVI/gateway/plugin/WebFeedGatewayPlugin/atom","revistainvi.uchile.cl","needs-review","","zinote-historical-url-snapshot"
"22fa6c80138ffdf8","Revista Juridica Portucalense","https://revistas.rcaap.pt/juridica/gateway/plugin/WebFeedGatewayPlugin/atom","revistas.rcaap.pt","needs-review","","zinote-historical-url-snapshot"
"91abe7839055eba7","Revista Latina de Comunicacion Social","https://nuevaepoca.revistalatinacs.org/index.php/revista/gateway/plugin/WebFeedGatewayPlugin/atom","nuevaepoca.revistalatinacs.org","needs-review","","zinote-historical-url-snapshot"
"94389d9741311848","Revista Latinoamericana de Derecho Social","https://revistas.juridicas.unam.mx/index.php/derecho-social/gateway/plugin/WebFeedGatewayPlugin/atom","revistas.juridicas.unam.mx","needs-review","","zinote-historical-url-snapshot"
"2b36d90863f788ed","Revista Latinoamericana de Estudios de Familia","https://revistasojs.ucaldas.edu.co/index.php/revlatinofamilia/gateway/plugin/WebFeedGatewayPlugin/atom","revistasojs.ucaldas.edu.co","needs-review","","zinote-historical-url-snapshot"
"1274c5c04a1ba2b5","Revista Latinoamericana de Estudios sobre Cuerpos Emociones y Sociedad","http://www.relaces.com.ar/index.php?journal=relaces&page=gateway&op=plugin&path[]=WebFeedGatewayPlugin&path[]=atom","www.relaces.com.ar","needs-review","","zinote-historical-url-snapshot"
"32dcedaa04fdb91e","Revista Latinoamericana de Hipertension","https://saber.ucv.ve/ojs/index.php/rev_lh/gateway/plugin/WebFeedGatewayPlugin/atom","saber.ucv.ve","needs-review","","zinote-historical-url-snapshot"
"d8ceab36fd80ecf6","Revista Latinoamericana de la Papa","https://papaslatinas.org/index.php/rev-alap/gateway/plugin/WebFeedGatewayPlugin/atom","papaslatinas.org","needs-review","","zinote-historical-url-snapshot"
"0a135eaf6b16c12b","Revista Latinoamericana de Metodologia de la Investigacion Social","http://www.relmis.com.ar/ojs/index.php?journal=relmis&page=gateway&op=plugin&path[]=WebFeedGatewayPlugin&path[]=atom","www.relmis.com.ar","needs-review","","zinote-historical-url-snapshot"
"e23c04020fc8bd06","Revista Latinoamericana de Metodologia de las Ciencias Sociales","https://www.relmecs.fahce.unlp.edu.ar/gateway/plugin/AnnouncementFeedGatewayPlugin/atom","www.relmecs.fahce.unlp.edu.ar","needs-review","","zinote-historical-url-snapshot"
"df832587498eb3f3","Revista Mediacao","https://revista.fumec.br/index.php/mediacao/gateway/plugin/WebFeedGatewayPlugin/atom","revista.fumec.br","needs-review","","zinote-historical-url-snapshot"
"40ba6c041fd68810","REVISTA MEDICA DE CHILE","https://www.revistamedicadechile.cl/index.php/rmedica/gateway/plugin/WebFeedGatewayPlugin/atom","www.revistamedicadechile.cl","needs-review","","zinote-historical-url-snapshot"
"bb3a2a0f4a88bc5d","Revista Medica de Rosario","https://www.revistamedicaderosario.org/index.php/rm/gateway/plugin/WebFeedGatewayPlugin/atom","www.revistamedicaderosario.org","needs-review","","zinote-historical-url-snapshot"
"5746a1ed602f49ed","Revista Mexicana de Analisis Politico y Administracion Publica","https://www.remap.ugto.mx/index.php/remap/gateway/plugin/WebFeedGatewayPlugin/atom","www.remap.ugto.mx","needs-review","","zinote-historical-url-snapshot"
"bd26c52fd787ff7e","Revista Mexicana de Biodiversidad","https://revista.ib.unam.mx/index.php/bio/gateway/plugin/WebFeedGatewayPlugin/atom","revista.ib.unam.mx","needs-review","","zinote-historical-url-snapshot"
"ff1d765ccf2c66f1","REVISTA MEXICANA DE CIENCIAS GEOLOGICAS","https://www.rmcg.unam.mx/index.php/rmcg/gateway/plugin/WebFeedGatewayPlugin/atom","www.rmcg.unam.mx","needs-review","","zinote-historical-url-snapshot"
"bfe9d0212acdfaa8","Revista Mexicana de Ciencias Politicas y Sociales","https://www.revistas.unam.mx/index.php/rmcpys/gateway/plugin/WebFeedGatewayPlugin/rss","www.revistas.unam.mx","needs-review","","zinote-historical-url-snapshot"
"ccc4a7c0a65ec62e","Revista Musical Chilena","https://revistamusicalchilena.uchile.cl/index.php/RMCH/gateway/plugin/WebFeedGatewayPlugin/atom","revistamusicalchilena.uchile.cl","needs-review","","zinote-historical-url-snapshot"
"a0490ac43a464813","Revista on Line de Politica e Gestao Educacional","https://periodicos.fclar.unesp.br/rpge/gateway/plugin/AnnouncementFeedGatewayPlugin/atom","periodicos.fclar.unesp.br","needs-review","","zinote-historical-url-snapshot"
"673c34ed525093b0","REVISTA PANAMERICANA DE SALUD PUBLICA-PAN AMERICAN JOURNAL OF PUBLIC HEALTH","https://journal.paho.org/en/rss.xml","journal.paho.org","needs-review","","zinote-historical-url-snapshot"
"bae8f39f9b770df4","Revista Perspectiva Empresarial","https://revistas.ceipa.edu.co/index.php/perspectiva-empresarial/gateway/plugin/WebFeedGatewayPlugin/atom","revistas.ceipa.edu.co","needs-review","","zinote-historical-url-snapshot"
"e9dfd5983025c5e1","Revista Peruana de Investigacion Educativa","https://revistas.siep.org.pe/index.php/RPIE/gateway/plugin/WebFeedGatewayPlugin/atom","revistas.siep.org.pe","needs-review","","zinote-historical-url-snapshot"
"0ad9eab96afa4451","Revista Pistis & Praxis-Teologia e Pastoral","https://periodicos.pucpr.br/pistispraxis/gateway/plugin/WebFeedGatewayPlugin/atom","periodicos.pucpr.br","needs-review","","zinote-historical-url-snapshot"
"d7b9666f312d2cf0","Revista Portuguesa de Historia","https://impactum-journals.uc.pt/rph/gateway/plugin/WebFeedGatewayPlugin/atom","impactum-journals.uc.pt","needs-review","","zinote-historical-url-snapshot"
"efe300ac4174b9ff","Revista Ra Ximhai","https://raximhai.uaim.edu.mx/index.php/rx/gateway/plugin/WebFeedGatewayPlugin/atom","raximhai.uaim.edu.mx","needs-review","","zinote-historical-url-snapshot"
"0179cd86a5497216","Revista Rupturas","https://revistarupturas.com/feed/","revistarupturas.com","needs-review","","zinote-historical-url-snapshot"
"d98d179b6b55387d","Revista San Gregorio","http://scielo.senescyt.gob.ec/rss.php?pid=2528-790720250004&lang=en","scielo.senescyt.gob.ec","needs-review","","zinote-historical-url-snapshot"
"5f8845483597088e","Revista Signos","https://revistasignos.cl/index.php/signos/gateway/plugin/WebFeedGatewayPlugin/atom","revistasignos.cl","needs-review","","zinote-historical-url-snapshot"
"dd44f05ad6c58084","Revista Univap","https://revista.univap.br/index.php/revistaunivap/gateway/plugin/AnnouncementFeedGatewayPlugin/atom","revista.univap.br","needs-review","","zinote-historical-url-snapshot"
"5060ea050f9891b8","Revista Universidad y Sociedad","https://rus.ucf.edu.cu/index.php/rus/gateway/plugin/WebFeedGatewayPlugin/atom","rus.ucf.edu.cu","needs-review","","zinote-historical-url-snapshot"
"f5b764765cd6db5c","Revista Uruguaya de Historia Economica","https://www.audhe.org.uy/publicaciones/index.php/RUHE/gateway/plugin/WebFeedGatewayPlugin/atom","www.audhe.org.uy","needs-review","","zinote-historical-url-snapshot"
"0aa89bb0af8eddb2","REVSTAT-Statistical Journal","https://revstat.ine.pt/index.php/REVSTAT/gateway/plugin/WebFeedGatewayPlugin/atom","revstat.ine.pt","needs-review","","zinote-historical-url-snapshot"
"27a2d97fedb88fde","REVUE DE MEDECINE INTERNE","https://rss.sciencedirect.com/publication/science/02488663","rss.sciencedirect.com","needs-review","","zinote-historical-url-snapshot"
"05e22b453a30a3e5","Revue Francaise d Allergologie","https://rss.sciencedirect.com/publication/science/18770320","rss.sciencedirect.com","needs-review","","zinote-historical-url-snapshot"
"867db3053104a0d9","Revue Internationale PME","https://revueinternationalepme.com/index.php/1/gateway/plugin/WebFeedGatewayPlugin/atom","revueinternationalepme.com","needs-review","","zinote-historical-url-snapshot"
"c095caffc9fb5050","REVUE NEUROLOGIQUE","https://rss.sciencedirect.com/publication/science/00353787","rss.sciencedirect.com","needs-review","","zinote-historical-url-snapshot"
"1896bba9affe4aad","REVUE ROUMAINE DE CHIMIE","https://revroum.lew.ro/feed/","revroum.lew.ro","needs-review","","zinote-historical-url-snapshot"
"9249462f9b02b59c","Rhetoric & Public Affairs","https://ojs.msupress.org/index.php/RPA/gateway/plugin/WebFeedGatewayPlugin/atom","ojs.msupress.org","needs-review","","zinote-historical-url-snapshot"
"b24204374d45889b","RILCE-Revista de Filologia Hispanica","https://revistas.unav.edu/index.php/rilce/gateway/plugin/WebFeedGatewayPlugin/atom","revistas.unav.edu","needs-review","","zinote-historical-url-snapshot"
"90400ed02a81d393","Riset Geologi dan Pertambangan","https://jrisetgeotam.brin.go.id/index.php/jrisgeotam/gateway/plugin/WebFeedGatewayPlugin/atom","jrisetgeotam.brin.go.id","needs-review","","zinote-historical-url-snapshot"
"1e5bf04f06fa50d4","Risk Management and Healthcare Policy","https://www.dovepress.com/feed/journal/56","www.dovepress.com","needs-review","","zinote-historical-url-snapshot"
"23da7e5b226f792a","RIVAR-Revista Iberoamericana de Viticultura Agroindustria y Ruralidad","https://revistaschilenas.uchile.cl/feed/rss_1.0/2250/24018","revistaschilenas.uchile.cl","needs-review","","zinote-historical-url-snapshot"
"911aee6d83b1122b","RIVISTA ITALIANA DI MUSICOLOGIA","https://www.sidm.it/ojs/index.php/ridm/gateway/plugin/WebFeedGatewayPlugin/atom","www.sidm.it","needs-review","","zinote-historical-url-snapshot"
"4c23f6dc1427a61f","RLA-Revista de Linguistica Teorica y Aplicada","https://revistaschilenas.uchile.cl/feed/rss_1.0/2250/20335","revistaschilenas.uchile.cl","needs-review","","zinote-historical-url-snapshot"
"75d4aa0605f16bf6","RNA","https://rnajournal.cshlp.org/rss/current.xml","rnajournal.cshlp.org","needs-review","","zinote-historical-url-snapshot"
"5e6ecac0e6f6b686","Roads and Bridges-Drogi i Mosty","https://rabdim.pl/index.php/rb/gateway/plugin/WebFeedGatewayPlugin/atom","rabdim.pl","needs-review","","zinote-historical-url-snapshot"
"d15efef9e58894a8","ROBOTICS AND AUTONOMOUS SYSTEMS","https://rss.sciencedirect.com/publication/science/09218890","rss.sciencedirect.com","needs-review","","zinote-historical-url-snapshot"
"5ea6f5bc743f414b","Roczniki Humanistyczne","https://repozytorium.kul.pl/server/opensearch/search?format=atom&scope=0cc3bb3d-07be-4d86-a81f-f26f20ca085f&query=*","repozytorium.kul.pl","needs-review","","zinote-historical-url-snapshot"
"c96a62d294d1649b","Rudarsko-Geolosko-Naftni Zbornik","https://ojs.srce.hr/rgn/gateway/plugin/WebFeedGatewayPlugin/atom","ojs.srce.hr","needs-review","","zinote-historical-url-snapshot"
"169349f36b13b9fa","Rudn Journal of Russian History","https://journals.rudn.ru/russian-history/gateway/plugin/AnnouncementFeedGatewayPlugin/atom","journals.rudn.ru","needs-review","","zinote-historical-url-snapshot"
"6d928d0befa3f3cc","Russian Journal of Earth Sciences","https://journals.rcsi.science/1681-1208/gateway/plugin/WebFeedGatewayPlugin/atom","journals.rcsi.science","needs-review","","zinote-historical-url-snapshot"
"64bafa0bd1088cab","RUSSIAN JOURNAL OF HERPETOLOGY","http://rjh.folium.ru/index.php/rjh/gateway/plugin/WebFeedGatewayPlugin/atom","rjh.folium.ru","needs-review","","zinote-historical-url-snapshot"
"980530bb79b0c0ed","Russian Journal of Linguistics","https://journals.rudn.ru/linguistics/gateway/plugin/AnnouncementFeedGatewayPlugin/atom","journals.rudn.ru","needs-review","","zinote-historical-url-snapshot"
"a2ce870b3d1e3693","Russian Journal of Vietnamese Studies-Vyetnamskiye issledovaniya","https://vietnamjournal.ru/2618-9453/gateway/plugin/WebFeedGatewayPlugin/atom","vietnamjournal.ru","needs-review","","zinote-historical-url-snapshot"
"b82252e8d67e440e","SA Journal of Human Resource Management","https://sajhrm.co.za/index.php/sajhrm/gateway/plugin/WebFeedGatewayPlugin/atom","sajhrm.co.za","needs-review","","zinote-historical-url-snapshot"
"89f6827a7040d1ad","SA Journal of Industrial Psychology","https://sajip.co.za/index.php/sajip/gateway/plugin/WebFeedGatewayPlugin/atom","sajip.co.za","needs-review","","zinote-historical-url-snapshot"
"ad1cf5567e0896b2","Safety and Health at Work","https://rss.sciencedirect.com/publication/science/20937911","rss.sciencedirect.com","needs-review","","zinote-historical-url-snapshot"
"8bcb6afb1484a105","SAGVNTVM-Papeles del Laboratorio de Arqueologia de Valencia","https://ojs.uv.es/index.php/saguntum/gateway/plugin/WebFeedGatewayPlugin/atom","ojs.uv.es","needs-review","","zinote-historical-url-snapshot"
"7c76a3fc4af5c941","SAINS TANAH","https://jurnal.uns.ac.id/tanah/gateway/plugin/WebFeedGatewayPlugin/atom","jurnal.uns.ac.id","needs-review","","zinote-historical-url-snapshot"
"6c88632f93dcf42b","Sala Preta","https://revistas.usp.br/salapreta/pt_BR/gateway/plugin/AnnouncementFeedGatewayPlugin/atom","revistas.usp.br","needs-review","","zinote-historical-url-snapshot"
"6ad4449a639d3984","Salud Colectiva","https://www.scielosp.org/journal/scol/feed/","www.scielosp.org","needs-review","","zinote-historical-url-snapshot"
"869b5fc58af5883b","SARE-Southeast Asian Review of English","https://sare.um.edu.my/index.php/SARE/gateway/plugin/AnnouncementFeedGatewayPlugin/atom","sare.um.edu.my","needs-review","","zinote-historical-url-snapshot"
"18b850b7b73c4c7a","Saude e Sociedade","https://revistas.usp.br/sausoc/en/gateway/plugin/WebFeedGatewayPlugin/atom","revistas.usp.br","needs-review","","zinote-historical-url-snapshot"
"09f743e4716864b1","SAUDI PHARMACEUTICAL JOURNAL","https://rss.sciencedirect.com/publication/science/13190164","rss.sciencedirect.com","needs-review","","zinote-historical-url-snapshot"
"8b73b5f1de9c21d0","Scalable Computing-Practice and Experience","https://www.scpe.org/index.php/scpe/gateway/plugin/WebFeedGatewayPlugin/atom","www.scpe.org","needs-review","","zinote-historical-url-snapshot"
"a02c05845fe51c01","Scandinavian Journal of Disability Research","https://account.sjdr.se/index.php/su-j-sjdr/gateway/plugin/WebFeedGatewayPlugin/atom","account.sjdr.se","needs-review","","zinote-historical-url-snapshot"
"04c3a463f97f9c61","Schizophrenia Research","https://rss.sciencedirect.com/publication/science/09209964","rss.sciencedirect.com","needs-review","","zinote-historical-url-snapshot"
"b7b2cec82d5ebbac","Science","https://www.science.org/action/showFeed?type=etoc&feed=rss&jc=science","www.science.org","needs-review","","zinote-historical-url-snapshot"
"8858a8b7297cbb99","Science and Technology Studies","https://sciencetechnologystudies.journal.fi/gateway/plugin/WebFeedGatewayPlugin/atom","sciencetechnologystudies.journal.fi","needs-review","","zinote-historical-url-snapshot"
"3593fc0efc26d7f3","Science of Gymnastics Journal","https://journals.uni-lj.si/sgj/gateway/plugin/WebFeedGatewayPlugin/atom","journals.uni-lj.si","needs-review","","zinote-historical-url-snapshot"
"6a0c0b6ef3c79c8e","Science of Remote Sensing","https://rss.sciencedirect.com/publication/science/26660172","rss.sciencedirect.com","needs-review","","zinote-historical-url-snapshot"
"15d9a73ca59b7951","SCIENTIA AGRICOLA","https://www.scielo.br/journal/sa/feed/","www.scielo.br","needs-review","","zinote-historical-url-snapshot"
"cbc0fc8a6abbb7f8","SCIENTIFIC AMERICAN","https://www.scientificamerican.com/platform/syndication/rss/","www.scientificamerican.com","needs-review","","zinote-historical-url-snapshot"
"d2b9fc493a58b47c","Scientific Data","https://www.nature.com/sdata.rss","www.nature.com","needs-review","","zinote-historical-url-snapshot"
"bbe1a176b71635c8","Scientific Reports","https://www.nature.com/srep.rss","www.nature.com","needs-review","","zinote-historical-url-snapshot"
"228bc5af3843543d","SCIRES-IT-SCIentific RESearch and Information Technology","http://www.sciresit.it//gateway/plugin/WebFeedGatewayPlugin/atom","www.sciresit.it","needs-review","","zinote-historical-url-snapshot"
"ae5e0f81e0856f6b","SCRIPTA MATERIALIA","https://rss.sciencedirect.com/publication/science/13596462","rss.sciencedirect.com","needs-review","","zinote-historical-url-snapshot"
"c366354db9c9345b","Scripta Theologica","https://revistas.unav.edu/index.php/scripta-theologica/gateway/plugin/WebFeedGatewayPlugin/atom","revistas.unav.edu","needs-review","","zinote-historical-url-snapshot"
"d9d04e9cea7c76f9","SEA TECHNOLOGY","https://sea-technology.com/feed","sea-technology.com","needs-review","","zinote-historical-url-snapshot"
"9434d2ed6e2c93e7","Secularism & Nonreligion","https://account.secularismandnonreligion.org/index.php/up-j-sn/gateway/plugin/WebFeedGatewayPlugin/atom","account.secularismandnonreligion.org","needs-review","","zinote-historical-url-snapshot"
"b4860e941c761996","SEDIMENTARY GEOLOGY","https://rss.sciencedirect.com/publication/science/00370738","rss.sciencedirect.com","needs-review","","zinote-historical-url-snapshot"
"2ff2406088e82e15","SEIZURE-EUROPEAN JOURNAL OF EPILEPSY","https://rss.sciencedirect.com/publication/science/10591311","rss.sciencedirect.com","needs-review","","zinote-historical-url-snapshot"
"232cf64dffd62629","Semantics & Pragmatics","https://semprag.org/index.php/sp/gateway/plugin/WebFeedGatewayPlugin/atom","semprag.org","needs-review","","zinote-historical-url-snapshot"
"b3d90b03730081b8","SEMINARS IN ARTHRITIS AND RHEUMATISM","https://rss.sciencedirect.com/publication/science/00490172","rss.sciencedirect.com","needs-review","","zinote-historical-url-snapshot"
"2aa1ebf8d4ff3435","SEMINARS IN CANCER BIOLOGY","https://rss.sciencedirect.com/publication/science/1044579X","rss.sciencedirect.com","needs-review","","zinote-historical-url-snapshot"
"8bcd2785bce7414a","SEMINARS IN CELL & DEVELOPMENTAL BIOLOGY","https://rss.sciencedirect.com/publication/science/10849521","rss.sciencedirect.com","needs-review","","zinote-historical-url-snapshot"
"6ffceb26ab95bfaa","SEMINARS IN DIAGNOSTIC PATHOLOGY","https://rss.sciencedirect.com/publication/science/07402570","rss.sciencedirect.com","needs-review","","zinote-historical-url-snapshot"
"f6b19eacffd934d0","SEMINARS IN ONCOLOGY","https://rss.sciencedirect.com/publication/science/00937754","rss.sciencedirect.com","needs-review","","zinote-historical-url-snapshot"
"1152c22627745a80","SEMINARS IN RADIATION ONCOLOGY","https://rss.sciencedirect.com/publication/science/10534296","rss.sciencedirect.com","needs-review","","zinote-historical-url-snapshot"
"89cf0b98bc40ea05","SEMINARS IN ULTRASOUND CT AND MRI","https://rss.sciencedirect.com/publication/science/08872171","rss.sciencedirect.com","needs-review","","zinote-historical-url-snapshot"
"03a82ce9f3556aa8","Sexual Health","https://www.worldsexualhealth.net/blog-feed.xml","www.worldsexualhealth.net","needs-review","","zinote-historical-url-snapshot"
"20f2845844baa23a","SHENANDOAH","https://www.shenandoahband.com/blog-feed.xml","www.shenandoahband.com","needs-review","","zinote-historical-url-snapshot"
"c4d520edf42e4726","SHILAP-REVISTA DE LEPIDOPTEROLOGIA","https://shilap.org/revista/gateway/plugin/WebFeedGatewayPlugin/atom","shilap.org","needs-review","","zinote-historical-url-snapshot"
"2b358aa8ce56741b","Signal Transduction and Targeted Therapy","https://www.nature.com/sigtrans.rss","www.nature.com","needs-review","","zinote-historical-url-snapshot"
"ab07f4c1c1fb1120","Skhidnoievropeiskyi Istorychnyi Visnyk-East European Historical Bulletin","https://eehb.dspu.edu.ua/gateway/plugin/WebFeedGatewayPlugin/atom","eehb.dspu.edu.ua","needs-review","","zinote-historical-url-snapshot"
"71d8eccdc085fc22","Slovene-International Journal of Slavic Studies","https://slovene.ru/ojs/index.php/slovene/gateway/plugin/AnnouncementFeedGatewayPlugin/atom","slovene.ru","needs-review","","zinote-historical-url-snapshot"
"25e12b63839cc40c","Slovenska Archeologia","https://archeol.sav.sk/index.php/sk/comments/feed/","archeol.sav.sk","needs-review","","zinote-historical-url-snapshot"
"785fbf37285b8186","Slovo","https://student-journals.ucl.ac.uk/slovo/feed/","student-journals.ucl.ac.uk","needs-review","","zinote-historical-url-snapshot"
"42f1209204e6d786","Social Inclusion","https://www.cogitatiopress.com/socialinclusion/gateway/plugin/WebFeedGatewayPlugin/atom","www.cogitatiopress.com","needs-review","","zinote-historical-url-snapshot"
"60ee5fbb6bb72dd2","SOCIOLOGISK FORSKNING","https://sociologiskforskning.se/sf/gateway/plugin/WebFeedGatewayPlugin/atom","sociologiskforskning.se","needs-review","","zinote-historical-url-snapshot"
"c69829b310375982","Solid Earth Sciences","https://rss.sciencedirect.com/publication/science/2451912X","rss.sciencedirect.com","needs-review","","zinote-historical-url-snapshot"
"bc32fab85eea056f","SOLID STATE IONICS","https://rss.sciencedirect.com/publication/science/01672738","rss.sciencedirect.com","needs-review","","zinote-historical-url-snapshot"
"35a47ad32515db40","SOLID STATE NUCLEAR MAGNETIC RESONANCE","https://rss.sciencedirect.com/publication/science/09262040","rss.sciencedirect.com","needs-review","","zinote-historical-url-snapshot"
"4ce25ad89a8a41da","SOLID-STATE ELECTRONICS","https://rss.sciencedirect.com/publication/science/00381101","rss.sciencedirect.com","needs-review","","zinote-historical-url-snapshot"
"75bd6b2fbbc261c4","SORT-Statistics and Operations Research Transactions","https://upcommons.upc.edu/server/opensearch/search?format=atom&scope=36fcb668-1a8f-4f77-b79a-23bc9f4c4d1a&query=*","upcommons.upc.edu","needs-review","","zinote-historical-url-snapshot"
"f819f6a6a80cebc1","South African Journal of Art History","https://sajournalofarthistory.org.za/?feed=rss2","sajournalofarthistory.org.za","needs-review","","zinote-historical-url-snapshot"
"0238e2e6ff7f6efe","SOUTH AFRICAN JOURNAL OF BOTANY","https://rss.sciencedirect.com/publication/science/02546299","rss.sciencedirect.com","needs-review","","zinote-historical-url-snapshot"
"63d04efe91a97596","South African Journal of Economic and Management Sciences","https://sajems.org/index.php/sajems/gateway/plugin/AnnouncementFeedGatewayPlugin/atom","sajems.org","needs-review","","zinote-historical-url-snapshot"
"fe477e693699224b","South African Journal of Higher Education","https://www.journals.ac.za/index.php/sajhe/gateway/plugin/AnnouncementFeedGatewayPlugin/atom","www.journals.ac.za","needs-review","","zinote-historical-url-snapshot"
"3b984537abe31243","South African Journal of Industrial Engineering","http://sajie.journals.ac.za/pub/gateway/plugin/WebFeedGatewayPlugin/atom","sajie.journals.ac.za","needs-review","","zinote-historical-url-snapshot"
"e8f8de03977464fd","South African Journal of Information Management","https://sajim.co.za/index.php/sajim/gateway/plugin/WebFeedGatewayPlugin/atom","sajim.co.za","needs-review","","zinote-historical-url-snapshot"
"4bf0352df340749e","South African Journal of Libraries and Information Science","https://sajlis.journals.ac.za/pub/gateway/plugin/WebFeedGatewayPlugin/atom","sajlis.journals.ac.za","needs-review","","zinote-historical-url-snapshot"
"ba315142c800a7d5","South African Journal of Physiotherapy","https://sajp.co.za/index.php/sajp/gateway/plugin/WebFeedGatewayPlugin/atom","sajp.co.za","needs-review","","zinote-historical-url-snapshot"
"43b08d90bfb0e628","South African Journal of Psychiatry","https://sajp.org.za/index.php/sajp/gateway/plugin/AnnouncementFeedGatewayPlugin/atom","sajp.org.za","needs-review","","zinote-historical-url-snapshot"
"62e6e3b04f0db2d2","SOUTH AFRICAN JOURNAL OF SCIENCE","https://sajs.co.za/gateway/plugin/WebFeedGatewayPlugin/atom","sajs.co.za","needs-review","","zinote-historical-url-snapshot"
"0186f21417b1acff","South East Asian Journal of Management","https://scholarhub.ui.ac.id/seam/recent.rss","scholarhub.ui.ac.id","needs-review","","zinote-historical-url-snapshot"
"728bce476e855ccb","South East European Journal of Economics and Business","https://journal.efsa.unsa.ba/index.php/see/gateway/plugin/WebFeedGatewayPlugin/atom","journal.efsa.unsa.ba","needs-review","","zinote-historical-url-snapshot"
"ac8bee501026ebfd","SOUTHEAST ASIAN JOURNAL OF TROPICAL MEDICINE AND PUBLIC HEALTH","https://journal.seameotropmednetwork.org/index.php/jtropmed/gateway/plugin/AnnouncementFeedGatewayPlugin/rss","journal.seameotropmednetwork.org","needs-review","","zinote-historical-url-snapshot"
"d3ffb21e156036c2","Southeastern Geographer","https://sedaag.org/comments/feed/","sedaag.org","needs-review","","zinote-historical-url-snapshot"
"ded586e54f6b5c34","Southern African Humanities","https://www.sahumanities.org/index.php/sah/gateway/plugin/WebFeedGatewayPlugin/atom","www.sahumanities.org","needs-review","","zinote-historical-url-snapshot"
"8398075ba8e02611","Southern African Journal of Anaesthesia and Analgesia","https://sajaa.co.za/index.php/sajaa/gateway/plugin/WebFeedGatewayPlugin/atom","sajaa.co.za","needs-review","","zinote-historical-url-snapshot"
"e1de9e39e6443f7b","SOUTHERN AFRICAN JOURNAL OF HIV MEDICINE","https://sajhivmed.org.za/index.php/hivmed/gateway/plugin/WebFeedGatewayPlugin/atom","sajhivmed.org.za","needs-review","","zinote-historical-url-snapshot"
"05f60fb8c2a458d6","Southern African Journal of Infectious Diseases","https://sajid.co.za/index.php/sajid/gateway/plugin/WebFeedGatewayPlugin/atom","sajid.co.za","needs-review","","zinote-historical-url-snapshot"
"b55214438c83ca27","Spanish Journal of Soil Science","https://www.frontierspartnerships.org/journals/spanish-journal-of-soil-science/rss","www.frontierspartnerships.org","needs-review","","zinote-historical-url-snapshot"
"da38486e6466ed93","Spatial and Spatio-Temporal Epidemiology","https://rss.sciencedirect.com/publication/science/18775845","rss.sciencedirect.com","needs-review","","zinote-historical-url-snapshot"
"ddf2dd2809dbbbbe","SPECTROCHIMICA ACTA PART A-MOLECULAR AND BIOMOLECULAR SPECTROSCOPY","https://rss.sciencedirect.com/publication/science/13861425","rss.sciencedirect.com","needs-review","","zinote-historical-url-snapshot"
"eabc94bfb59f6340","SPEECH COMMUNICATION","https://rss.sciencedirect.com/publication/science/01676393","rss.sciencedirect.com","needs-review","","zinote-historical-url-snapshot"
"b2f6ea57931ac364","SPINAL CORD","https://www.nature.com/sc.rss","www.nature.com","needs-review","","zinote-historical-url-snapshot"
"095a151f5e24095f","Spinal Cord Series and Cases","https://www.nature.com/scsandc.rss","www.nature.com","needs-review","","zinote-historical-url-snapshot"
"c0586cf213fb0b7b","Spontaneous Generations-Journal for the History and Philosophy of Science","https://spontaneousgenerations.library.utoronto.ca/index.php/SpontaneousGenerations/gateway/plugin/WebFeedGatewayPlugin/atom","spontaneousgenerations.library.utoronto.ca","needs-review","","zinote-historical-url-snapshot"
"536bff817f770d34","Sportis-Scientific Technical Journal of School Sport Physical Education and Psychomotricity","https://revistas.udc.gal/index.php/SPORTIS/gateway/plugin/WebFeedGatewayPlugin/atom","revistas.udc.gal","needs-review","","zinote-historical-url-snapshot"
"7c77f0265b21377e","Sri Lanka Journal of Social Sciences","https://account.sljss.sljol.info/index.php/sljo-j-sljss/gateway/plugin/WebFeedGatewayPlugin/atom","account.sljss.sljol.info","needs-review","","zinote-historical-url-snapshot"
"52f63d4732f5cdef","Sri Lankan Journal of Anaesthesiology","https://account.slja.sljol.info/index.php/sljo-j-slja/gateway/plugin/WebFeedGatewayPlugin/atom","account.slja.sljol.info","needs-review","","zinote-historical-url-snapshot"
"31ca12b8a02469ea","SSM-Population Health","https://rss.sciencedirect.com/publication/science/23528273","rss.sciencedirect.com","needs-review","","zinote-historical-url-snapshot"
"965533827b8fc3ce","St Petersburg Mathematical Journal","https://www.ams.org/rss/spmj.rss","www.ams.org","needs-review","","zinote-historical-url-snapshot"
"77934be3c8ce8004","Stellenbosch Theological Journal","https://ojs.reformedjournals.co.za/index.php/stj/gateway/plugin/WebFeedGatewayPlugin/atom","ojs.reformedjournals.co.za","needs-review","","zinote-historical-url-snapshot"
"2067de422ed39e78","STEROIDS","https://rss.sciencedirect.com/publication/science/0039128X","rss.sciencedirect.com","needs-review","","zinote-historical-url-snapshot"
"d69ed9ac6388fb06","Stratum Plus","https://www.e-anthropology.com/rss_en.xml","www.e-anthropology.com","needs-review","","zinote-historical-url-snapshot"
"2586dff7ea7f1d9b","STRUCTURAL SAFETY","https://rss.sciencedirect.com/publication/science/01674730","rss.sciencedirect.com","needs-review","","zinote-historical-url-snapshot"
"b671b3aa34732d35","Structures","https://rss.sciencedirect.com/publication/science/23520124","rss.sciencedirect.com","needs-review","","zinote-historical-url-snapshot"
"bd63aeadc8f270a2","Studi e Saggi Linguistici","https://www.studiesaggilinguistici.it/index.php/ssl/gateway/plugin/WebFeedGatewayPlugin/atom","www.studiesaggilinguistici.it","needs-review","","zinote-historical-url-snapshot"
"3f018aa7bc4ff996","Studi Slavistici","https://oaj.fupress.net/index.php/ss/gateway/plugin/WebFeedGatewayPlugin/atom","oaj.fupress.net","needs-review","","zinote-historical-url-snapshot"
"b9f17606e074b39d","Studia Prawnicze KUL","https://czasopisma.kul.pl/index.php/sp/gateway/plugin/WebFeedGatewayPlugin/atom","czasopisma.kul.pl","needs-review","","zinote-historical-url-snapshot"
"449c105acbacbb93","Studia Universitatis Babes-Bolyai Mathematica","https://www.cs.ubbcluj.ro/journal/studia-mathematica/journal/gateway/plugin/WebFeedGatewayPlugin/atom","www.cs.ubbcluj.ro","needs-review","","zinote-historical-url-snapshot"
"54d21cff699cedf4","Studia Warminskie","https://czasopisma.uwm.edu.pl/index.php/sw/gateway/plugin/WebFeedGatewayPlugin/atom","czasopisma.uwm.edu.pl","needs-review","","zinote-historical-url-snapshot"
"2bb93b7548f0e77f","Studies in Social Justice","https://journals.library.brocku.ca/index.php/SSJ/gateway/plugin/WebFeedGatewayPlugin/atom","journals.library.brocku.ca","needs-review","","zinote-historical-url-snapshot"
"5eaa1112b08000a2","Superconductivity","https://rss.sciencedirect.com/publication/science/27728307","rss.sciencedirect.com","needs-review","","zinote-historical-url-snapshot"
"5403cafbda695c95","SURFACE COATINGS INTERNATIONAL","https://rss.sciencedirect.com/publication/science/02578972","rss.sciencedirect.com","needs-review","","zinote-historical-url-snapshot"
"410bff78685141ba","SURFACE SCIENCE REPORTS","https://rss.sciencedirect.com/publication/science/01675729","rss.sciencedirect.com","needs-review","","zinote-historical-url-snapshot"
"21e81abf8d126d77","Surfaces and Interfaces","https://rss.sciencedirect.com/publication/science/24680230","rss.sciencedirect.com","needs-review","","zinote-historical-url-snapshot"
"880ebbebab3862f7","SURGICAL CLINICS OF NORTH AMERICA","https://rss.sciencedirect.com/publication/science/00396109","rss.sciencedirect.com","needs-review","","zinote-historical-url-snapshot"
"4b89b88e6475cca1","Sustainable Chemistry and Pharmacy","https://rss.sciencedirect.com/publication/science/23525541","rss.sciencedirect.com","needs-review","","zinote-historical-url-snapshot"
"4b45c1ef7f9380e5","Sustainable Energy Grids & Networks","https://rss.sciencedirect.com/publication/science/23524677","rss.sciencedirect.com","needs-review","","zinote-historical-url-snapshot"
"42a2cd5d872a2a4f","SYSTEMATIC AND APPLIED MICROBIOLOGY","https://rss.sciencedirect.com/publication/science/07232020","rss.sciencedirect.com","needs-review","","zinote-historical-url-snapshot"
"bf3e4638c8cbac32","SYSTEMS & CONTROL LETTERS","https://rss.sciencedirect.com/publication/science/01676911","rss.sciencedirect.com","needs-review","","zinote-historical-url-snapshot"
"8c538ff868e5d62c","TALANTA","https://rss.sciencedirect.com/publication/science/00399140","rss.sciencedirect.com","needs-review","","zinote-historical-url-snapshot"
"484d3c803902bf01","Talia Dixit-Revista Interdisciplinar de Retorica e Historiografia","https://revista-taliadixit.unex.es/index.php/TD/gateway/plugin/WebFeedGatewayPlugin/atom","revista-taliadixit.unex.es","needs-review","","zinote-historical-url-snapshot"
"c57c0f42ac1535d1","Taller de Letras","https://tallerdeletras.letras.uc.cl/index.php/TL/gateway/plugin/WebFeedGatewayPlugin/atom","tallerdeletras.letras.uc.cl","needs-review","","zinote-historical-url-snapshot"
"dad8853d6c50dccd","TD-The Journal for Transdisciplinary Research in Southern Africa","https://td-sa.net/index.php/td/gateway/plugin/WebFeedGatewayPlugin/atom","td-sa.net","needs-review","","zinote-historical-url-snapshot"
"aaf8364cffb009f0","Technoetic Arts","https://ta.pubpub.org/rss.xml","ta.pubpub.org","needs-review","","zinote-historical-url-snapshot"
"f1644d02db8dea24","TECHNOLOGICAL FORECASTING AND SOCIAL CHANGE","https://rss.sciencedirect.com/publication/science/00401625","rss.sciencedirect.com","needs-review","","zinote-historical-url-snapshot"
"57dae852a2d46268","Tecnologia en Marcha","http://www.scielo.sa.cr/rss.php?pid=0379-398220240004&lang=en","www.scielo.sa.cr","needs-review","","zinote-historical-url-snapshot"
"aa9a4377e6cc84c8","Tecnologia y Ciencias del Agua","https://www.revistatyca.org.mx/index.php/tyca/gateway/plugin/WebFeedGatewayPlugin/atom","www.revistatyca.org.mx","needs-review","","zinote-historical-url-snapshot"
"08f3482fd8f8c703","TECTONOPHYSICS","https://rss.sciencedirect.com/publication/science/00401951","rss.sciencedirect.com","needs-review","","zinote-historical-url-snapshot"
"1fd3f8657c2c6b0b","TELECOMMUNICATIONS POLICY","https://rss.sciencedirect.com/publication/science/03085961","rss.sciencedirect.com","needs-review","","zinote-historical-url-snapshot"
"7d6c361c6bd94870","TERAPEVTICHESKII ARKHIV","https://ter-arkhiv.ru/0040-3660/gateway/plugin/WebFeedGatewayPlugin/atom","ter-arkhiv.ru","needs-review","","zinote-historical-url-snapshot"
"24539437d63f127f","Terapia Psicologica","http://www.scielo.cl/rss.php?pid=0718-480820250003&lang=en","www.scielo.cl","needs-review","","zinote-historical-url-snapshot"
"3ed7ce928eaba475","Terra Latinoamericana","https://www.terralatinoamericana.org.mx/index.php/terra/gateway/plugin/WebFeedGatewayPlugin/atom","www.terralatinoamericana.org.mx","needs-review","","zinote-historical-url-snapshot"
"041c07988e57d447","Tethys-Journal of Mediterranean Meteorology & Climatology","https://www.tethys.cat/index.php/en/rss.xml","www.tethys.cat","needs-review","","zinote-historical-url-snapshot"
"e8cb53c20384ca76","TETRAHEDRON LETTERS","https://rss.sciencedirect.com/publication/science/00404039","rss.sciencedirect.com","needs-review","","zinote-historical-url-snapshot"
"385ae182b284c410","Thai Journal of Veterinary Medicine","https://digital.car.chula.ac.th/tjvm/recent.rss","digital.car.chula.ac.th","needs-review","","zinote-historical-url-snapshot"
"2a4ea8661b13ba20","Thailand Statistician","https://ph02.tci-thaijo.org/index.php/thaistat/gateway/plugin/WebFeedGatewayPlugin/atom","ph02.tci-thaijo.org","needs-review","","zinote-historical-url-snapshot"
"1a5006cfb12ff838","THEATER","https://www.broadway.com/feeds/buzz/latest","www.broadway.com","needs-review","","zinote-historical-url-snapshot"
"c2a5e01db1f3d0b5","THEATRE NOTEBOOK","https://www.str.org.uk/feed/","www.str.org.uk","needs-review","","zinote-historical-url-snapshot"
"8c03300561445444","Theoretical Economics","https://econtheory.org/ojs/rss/article.rss","econtheory.org","needs-review","","zinote-historical-url-snapshot"
"a1f425ceb94dad18","THEORETICAL POPULATION BIOLOGY","https://rss.sciencedirect.com/publication/science/00405809","rss.sciencedirect.com","needs-review","","zinote-historical-url-snapshot"
"28fb07798c4b6761","Therapeutic Recreation Journal","https://js.sagamorepub.com/index.php/trj/gateway/plugin/WebFeedGatewayPlugin/atom","js.sagamorepub.com","needs-review","","zinote-historical-url-snapshot"
"8f4e39207f75ecac","Thermal Science and Engineering Progress","https://rss.sciencedirect.com/publication/science/24519049","rss.sciencedirect.com","needs-review","","zinote-historical-url-snapshot"
"d425c5898e3ce2c2","THERMOCHIMICA ACTA","https://rss.sciencedirect.com/publication/science/00406031","rss.sciencedirect.com","needs-review","","zinote-historical-url-snapshot"
"42c1ceebc2b407a5","Thesis Eleven","https://thesiseleven.com/feed/","thesiseleven.com","needs-review","","zinote-historical-url-snapshot"
"dc88576266e18dbf","THIN-WALLED STRUCTURES","https://rss.sciencedirect.com/publication/science/02638231","rss.sciencedirect.com","needs-review","","zinote-historical-url-snapshot"
"63fa1e3b6af8d9ab","Ticks and Tick-Borne Diseases","https://rss.sciencedirect.com/publication/science/1877959X","rss.sciencedirect.com","needs-review","","zinote-historical-url-snapshot"
"19066f6d199820d6","TISSUE & CELL","https://rss.sciencedirect.com/publication/science/00408166","rss.sciencedirect.com","needs-review","","zinote-historical-url-snapshot"
"5f57b00d09d36667","TOPOLOGY AND ITS APPLICATIONS","https://rss.sciencedirect.com/publication/science/01668641","rss.sciencedirect.com","needs-review","","zinote-historical-url-snapshot"
"0821dc9728196597","Torre del Virrey-Revista de Estudios Culturales","https://revista.latorredelvirrey.es/LTV/gateway/plugin/WebFeedGatewayPlugin/atom","revista.latorredelvirrey.es","needs-review","","zinote-historical-url-snapshot"
"27f721eb062d72e7","Tourism & Management Studies","https://www.tmstudies.net/index.php/ectms/gateway/plugin/AnnouncementFeedGatewayPlugin/atom","www.tmstudies.net","needs-review","","zinote-historical-url-snapshot"
"d1d5c01c14b7a36a","Tourism Management Perspectives","https://rss.sciencedirect.com/publication/science/22119736","rss.sciencedirect.com","needs-review","","zinote-historical-url-snapshot"
"dba6f9ea51d5e58a","TOXICON","https://rss.sciencedirect.com/publication/science/00410101","rss.sciencedirect.com","needs-review","","zinote-historical-url-snapshot"
"bdb7897963d82114","Trans-Form-Acao","https://revistas.marilia.unesp.br/index.php/transformacao/gateway/plugin/AnnouncementFeedGatewayPlugin/atom","revistas.marilia.unesp.br","needs-review","","zinote-historical-url-snapshot"
"5aca078ee327d1f4","TRANSACTIONS OF NONFERROUS METALS SOCIETY OF CHINA","https://rss.sciencedirect.com/publication/science/10036326","rss.sciencedirect.com","needs-review","","zinote-historical-url-snapshot"
"5b50f1861b364656","Transactions of the Association for Computational Linguistics","https://transacl.org/ojs/index.php/tacl/gateway/plugin/AnnouncementFeedGatewayPlugin/atom","transacl.org","needs-review","","zinote-historical-url-snapshot"
"8d12e8dbe476087e","Translational Andrology and Urology","https://tau.amegroups.org//gateway/plugin/WebFeedGatewayPlugin/atom","tau.amegroups.org","needs-review","","zinote-historical-url-snapshot"
"c44ea375328b6912","Translational Gastroenterology and Hepatology","https://tgh.amegroups.org//gateway/plugin/WebFeedGatewayPlugin/atom","tgh.amegroups.org","needs-review","","zinote-historical-url-snapshot"
"fa34f2949c93cff0","Translational Pediatrics","https://tp.amegroups.org//gateway/plugin/WebFeedGatewayPlugin/atom","tp.amegroups.org","needs-review","","zinote-historical-url-snapshot"
"8ef559517b3df55d","Translational Psychiatry","https://www.nature.com/tp.rss","www.nature.com","needs-review","","zinote-historical-url-snapshot"
"ecff0c24fd35885c","Transplantation and Cellular Therapy","https://rss.sciencedirect.com/publication/science/26666367","rss.sciencedirect.com","needs-review","","zinote-historical-url-snapshot"
"3a986fa6edae87c0","TRANSPORTATION RESEARCH PART B-METHODOLOGICAL","https://rss.sciencedirect.com/publication/science/01912615","rss.sciencedirect.com","needs-review","","zinote-historical-url-snapshot"
"18b26be90ff2f25d","TRANSPORTATION RESEARCH PART E-LOGISTICS AND TRANSPORTATION REVIEW","https://rss.sciencedirect.com/publication/science/13665545","rss.sciencedirect.com","needs-review","","zinote-historical-url-snapshot"
"23da5024e3de52ee","Transylvanian Review of Administrative Sciences","https://www.rtsa.ro/tras/index.php/tras/gateway/plugin/WebFeedGatewayPlugin/atom","www.rtsa.ro","needs-review","","zinote-historical-url-snapshot"
"ef8aa5ccc51fa55c","Trauma-England","https://www.england.nhs.uk/feed/","www.england.nhs.uk","needs-review","","zinote-historical-url-snapshot"
"d30ad39d847764b6","Travail Genre et Societes","https://www.travail-genre-societes.com/feed/","www.travail-genre-societes.com","needs-review","","zinote-historical-url-snapshot"
"304d9a765fc23bff","Trees Forests and People","https://rss.sciencedirect.com/publication/science/26667193","rss.sciencedirect.com","needs-review","","zinote-historical-url-snapshot"
"22bc1e915d5bc280","Trends in Anaesthesia and Critical Care","https://rss.sciencedirect.com/publication/science/22108440","rss.sciencedirect.com","needs-review","","zinote-historical-url-snapshot"
"8438f5dbdda9b103","TRENDS IN FOOD SCIENCE & TECHNOLOGY","https://rss.sciencedirect.com/publication/science/09242244","rss.sciencedirect.com","needs-review","","zinote-historical-url-snapshot"
"2f7800faee5eb882","Trends in Neuroscience and Education","https://rss.sciencedirect.com/publication/science/22119493","rss.sciencedirect.com","needs-review","","zinote-historical-url-snapshot"
"540666e5475227e7","Tropical Grasslands-Forrajes Tropicales","https://www.tropicalgrasslands.info/index.php/tgft/gateway/plugin/WebFeedGatewayPlugin/atom","www.tropicalgrasslands.info","needs-review","","zinote-historical-url-snapshot"
"e6bb38ef2d432246","Tuberculosis and Respiratory Diseases","https://www.e-trd.org/journal/rss/xml/feed.xml","www.e-trd.org","needs-review","","zinote-historical-url-snapshot"
"d27120b8d4e7baff","Tumour Virus Research","https://rss.sciencedirect.com/publication/science/26666790","rss.sciencedirect.com","needs-review","","zinote-historical-url-snapshot"
"dd2c1be1d96e46bd","Tuning Journal for Higher Education","https://tuningjournal.org/gateway/plugin/WebFeedGatewayPlugin/atom","tuningjournal.org","needs-review","","zinote-historical-url-snapshot"
"cfaa620fadc0ceab","Turczaninowia","https://turczaninowia.asu.ru/gateway/plugin/WebFeedGatewayPlugin/atom","turczaninowia.asu.ru","needs-review","","zinote-historical-url-snapshot"
"718a34eec3424516","Turkish Archives of Pediatrics","https://www.turkarchpediatr.org/index.php/pub/gateway/plugin/WebFeedGatewayPlugin/atom","www.turkarchpediatr.org","needs-review","","zinote-historical-url-snapshot"
"d59b273003ec44f8","Turkish Journal of Agriculture and Forestry","https://journals.tubitak.gov.tr/agriculture/recent.rss","journals.tubitak.gov.tr","needs-review","","zinote-historical-url-snapshot"
"b4ff3be5c988d55b","TURKISH JOURNAL OF BIOLOGY","https://journals.tubitak.gov.tr/biology/recent.rss","journals.tubitak.gov.tr","needs-review","","zinote-historical-url-snapshot"
"af013fac9a11783b","TURKISH JOURNAL OF BOTANY","https://journals.tubitak.gov.tr/botany/recent.rss","journals.tubitak.gov.tr","needs-review","","zinote-historical-url-snapshot"
"8a2bbe9570127d03","TURKISH JOURNAL OF CHEMISTRY","https://journals.tubitak.gov.tr/chem/recent.rss","journals.tubitak.gov.tr","needs-review","","zinote-historical-url-snapshot"
"c09254b65dacdb13","TURKISH JOURNAL OF EARTH SCIENCES","https://journals.tubitak.gov.tr/earth/recent.rss","journals.tubitak.gov.tr","needs-review","","zinote-historical-url-snapshot"
"cb9fc2e34a3f5e8e","Turkish Journal of Electrical Engineering and Computer Sciences","https://journals.tubitak.gov.tr/elektrik/recent.rss","journals.tubitak.gov.tr","needs-review","","zinote-historical-url-snapshot"
"e5c5833592d46c04","Turkish Journal of Gastroenterology","https://turkjgastroenterol.org/index.php/tjg/gateway/plugin/WebFeedGatewayPlugin/atom","turkjgastroenterol.org","needs-review","","zinote-historical-url-snapshot"
"7c54a9192c9bb178","Turkish Journal of Mathematics","https://journals.tubitak.gov.tr/math/recent.rss","journals.tubitak.gov.tr","needs-review","","zinote-historical-url-snapshot"
"f5cd6caa9b04a2c9","Turkish Journal Of Medical Sciences","https://journals.tubitak.gov.tr/medical/recent.rss","journals.tubitak.gov.tr","needs-review","","zinote-historical-url-snapshot"
"b9811aa285d0abdd","Turkish Journal of Nephrology","https://turkjnephrol.org/index.php/pub/gateway/plugin/WebFeedGatewayPlugin/atom","turkjnephrol.org","needs-review","","zinote-historical-url-snapshot"
"7b84a859ac884a10","TURKISH JOURNAL OF PEDIATRICS","https://turkjpediatr.org/gateway/plugin/WebFeedGatewayPlugin/atom","turkjpediatr.org","needs-review","","zinote-historical-url-snapshot"
"96179ab0f549ce17","Turkish Journal of Physics","https://journals.tubitak.gov.tr/physics/recent.rss","journals.tubitak.gov.tr","needs-review","","zinote-historical-url-snapshot"
"fa6fb4f43980670b","TURKISH JOURNAL OF VETERINARY & ANIMAL SCIENCES","https://journals.tubitak.gov.tr/veterinary/recent.rss","journals.tubitak.gov.tr","needs-review","","zinote-historical-url-snapshot"
"003df025c4d5c182","TURKISH JOURNAL OF ZOOLOGY","https://journals.tubitak.gov.tr/zoology/recent.rss","journals.tubitak.gov.tr","needs-review","","zinote-historical-url-snapshot"
"d4ba5eb87f2c3dad","Tydskrif vir letterkunde","https://letterkunde.africa/gateway/plugin/WebFeedGatewayPlugin/atom","letterkunde.africa","needs-review","","zinote-historical-url-snapshot"
"f7feef8bd73010cb","Tzintzun-Revista de Estudios Historicos","https://www.tzintzun.umich.mx/TZN/es/gateway/plugin/WebFeedGatewayPlugin/atom","www.tzintzun.umich.mx","needs-review","","zinote-historical-url-snapshot"
"9316efcc706736b1","Ukrainian Metrological Journal","http://umj.metrology.kharkov.ua/gateway/plugin/WebFeedGatewayPlugin/atom","umj.metrology.kharkov.ua","needs-review","","zinote-historical-url-snapshot"
"f4b82309c17bccd5","ULTRASONICS","https://rss.sciencedirect.com/publication/science/0041624X","rss.sciencedirect.com","needs-review","","zinote-historical-url-snapshot"
"c944a9ba8add8198","ULTRASONICS SONOCHEMISTRY","https://rss.sciencedirect.com/publication/science/13504177","rss.sciencedirect.com","needs-review","","zinote-historical-url-snapshot"
"fa1ed2c4ca602490","ULTRASOUND IN MEDICINE AND BIOLOGY","https://rss.sciencedirect.com/publication/science/03015629","rss.sciencedirect.com","needs-review","","zinote-historical-url-snapshot"
"60c7bb50e25b7fdc","Universa Medicina","https://univmed.org/ejurnal/index.php/medicina/gateway/plugin/WebFeedGatewayPlugin/atom","univmed.org","needs-review","","zinote-historical-url-snapshot"
"7871d4761d171ffd","Universitas-Revista de Ciencias Sociales y Humanas","http://scielo.senescyt.gob.ec/rss.php?pid=1390-863420250002&lang=es","scielo.senescyt.gob.ec","needs-review","","zinote-historical-url-snapshot"
"08e1265a08b76115","University of Bologna Law Review","https://bolognalawreview.unibo.it/gateway/plugin/WebFeedGatewayPlugin/atom","bolognalawreview.unibo.it","needs-review","","zinote-historical-url-snapshot"
"1867880aa98e6044","University of Toronto Medical Journal","https://jps.library.utoronto.ca/index.php/utmj/gateway/plugin/WebFeedGatewayPlugin/atom","jps.library.utoronto.ca","needs-review","","zinote-historical-url-snapshot"
"f5773ecb0c52e22d","URBAN MORPHOLOGY","https://journal.urbanform.org/index.php/jum/gateway/plugin/WebFeedGatewayPlugin/atom","journal.urbanform.org","needs-review","","zinote-historical-url-snapshot"
"e7edf092114e3694","UROLOGIC ONCOLOGY-SEMINARS AND ORIGINAL INVESTIGATIONS","https://rss.sciencedirect.com/publication/science/10781439","rss.sciencedirect.com","needs-review","","zinote-historical-url-snapshot"
"218730f30eb50e1b","Utilities Policy","https://rss.sciencedirect.com/publication/science/09571787","rss.sciencedirect.com","needs-review","","zinote-historical-url-snapshot"
"d23f3dedc257e0f0","Vascular Health and Risk Management","https://www.dovepress.com/feed/journal/2","www.dovepress.com","needs-review","","zinote-historical-url-snapshot"
"7f70fed03fcf85fb","Vegueta-Anuario de la Facultad de Geografia e Historia","https://revistavegueta.ulpgc.es/ojs/index.php/revistavegueta/gateway/plugin/WebFeedGatewayPlugin/atom","revistavegueta.ulpgc.es","needs-review","","zinote-historical-url-snapshot"
"014985bddf9685cc","Vehicular Communications","https://rss.sciencedirect.com/publication/science/22142096","rss.sciencedirect.com","needs-review","","zinote-historical-url-snapshot"
"83ea3d5489420994","Veredas-Revista da Associacao Internacional de Lusitanistas","https://revistaveredas.org/index.php/ver/gateway/plugin/AnnouncementFeedGatewayPlugin/rss2","revistaveredas.org","needs-review","","zinote-historical-url-snapshot"
"95a3ca0d6f39ba5d","Vestnik Mezhdunarodnykh Organizatsii-International Organisations Research Journal","https://iorj.hse.ru/en/rss","iorj.hse.ru","needs-review","","zinote-historical-url-snapshot"
"9bcbd996192fa84d","Vestnik Sankt-Peterburgskogo Universiteta Seriya 10 Prikladnaya Matematika Informatika Protsessy Upravleniya","https://www.mathnet.ru/rss/rssLastIssue.phtml?jrnid=vspui&option_lang=eng","www.mathnet.ru","needs-review","","zinote-historical-url-snapshot"
"b2211e8de47a53c1","VETERINARY CLINICS OF NORTH AMERICA-FOOD ANIMAL PRACTICE","https://rss.sciencedirect.com/publication/science/07490720","rss.sciencedirect.com","needs-review","","zinote-historical-url-snapshot"
"81ba916e7a4b1829","VETERINARY IMMUNOLOGY AND IMMUNOPATHOLOGY","https://rss.sciencedirect.com/publication/science/01652427","rss.sciencedirect.com","needs-review","","zinote-historical-url-snapshot"
"c6a6e10ec0921060","Veterinary Medicine-Research and Reports","https://www.dovepress.com/feed/journal/108","www.dovepress.com","needs-review","","zinote-historical-url-snapshot"
"f4646267ebf534b9","VETERINARY PARASITOLOGY","https://rss.sciencedirect.com/publication/science/03044017","rss.sciencedirect.com","needs-review","","zinote-historical-url-snapshot"
"46ea0b6771e326ed","Video-Assisted Thoracic Surgery","https://vats.amegroups.org//gateway/plugin/WebFeedGatewayPlugin/atom","vats.amegroups.org","needs-review","","zinote-historical-url-snapshot"
"6a31cd476cf4d9ec","Vietnam Journal of Earth Sciences","http://vjs.ac.vn/jse/gateway/plugin/AnnouncementFeedGatewayPlugin/atom","vjs.ac.vn","needs-review","","zinote-historical-url-snapshot"
"32c5b547cdded990","Vinculos de Historia","http://vinculosdehistoria.com/index.php/vinculos/gateway/plugin/WebFeedGatewayPlugin/atom","vinculosdehistoria.com","needs-review","","zinote-historical-url-snapshot"
"a23194c6652a26bc","Virajes-Revista de Antropologia y Sociologia","https://revistasojs.ucaldas.edu.co/index.php/virajes/gateway/plugin/WebFeedGatewayPlugin/atom","revistasojs.ucaldas.edu.co","needs-review","","zinote-historical-url-snapshot"
"ce09912915ef1f2d","VIREF-Revista de Educacion Fisica","https://revistas.udea.edu.co/index.php/viref/gateway/plugin/WebFeedGatewayPlugin/atom","revistas.udea.edu.co","needs-review","","zinote-historical-url-snapshot"
"c77d87119ab0644a","VIROLOGY","https://rss.sciencedirect.com/publication/science/00426822","rss.sciencedirect.com","needs-review","","zinote-historical-url-snapshot"
"811ed7ff45a34746","VISION RESEARCH","https://rss.sciencedirect.com/publication/science/00426989","rss.sciencedirect.com","needs-review","","zinote-historical-url-snapshot"
"8a3cf36562dfbec2","Visnyk NTUU KPI Seriia-Radiotekhnika Radioaparatobuduvannia","https://radap.kpi.ua/radiotechnique/gateway/plugin/WebFeedGatewayPlugin/atom","radap.kpi.ua","needs-review","","zinote-historical-url-snapshot"
"23a870df41d84bf7","VISUAL COMPUTER","https://rss.sciencedirect.com/publication/science/00104485","rss.sciencedirect.com","needs-review","","zinote-historical-url-snapshot"
"726b11651cc5ff2e","Visual Informatics","https://rss.sciencedirect.com/publication/science/2468502X","rss.sciencedirect.com","needs-review","","zinote-historical-url-snapshot"
"09cdf3749df1c53d","Vox Patrum","https://czasopisma.kul.pl/index.php/vp/gateway/plugin/WebFeedGatewayPlugin/atom","czasopisma.kul.pl","needs-review","","zinote-historical-url-snapshot"
"7e3ec924eb969cbf","Wacana-Jurnal Ilmu Pengetahuan Budaya-Journal of the Humanities of Indonesia","https://scholarhub.ui.ac.id/wacana/recent.rss","scholarhub.ui.ac.id","needs-review","","zinote-historical-url-snapshot"
"13dad2c59971d4d4","Washington International Law Journal","https://digitalcommons.law.uw.edu/wilj/recent.rss","digitalcommons.law.uw.edu","needs-review","","zinote-historical-url-snapshot"
"341bca5d43f51134","Water Research X","https://rss.sciencedirect.com/publication/science/25899147","rss.sciencedirect.com","needs-review","","zinote-historical-url-snapshot"
"40833cb714ddeeb4","WATER SA","https://watersa.net/gateway/plugin/WebFeedGatewayPlugin/atom","watersa.net","needs-review","","zinote-historical-url-snapshot"
"8e0a6d2d62bdaa6e","WELSH HISTORY REVIEW","https://api.ingentaconnect.com/content/uwp/whis/latest?format=rss","api.ingentaconnect.com","needs-review","","zinote-historical-url-snapshot"
"f17b81fd428b1e83","WESTERN NORTH AMERICAN NATURALIST","https://scholarsarchive.byu.edu/wnan/recent.rss","scholarsarchive.byu.edu","needs-review","","zinote-historical-url-snapshot"
"a045947361cf1b7b","Wilson Journal of Ornithology","https://wilsonsociety.org/comments/feed/","wilsonsociety.org","needs-review","","zinote-historical-url-snapshot"
"7358635c90aa9506","WOOD AND FIBER SCIENCE","https://wfs.swst.org/index.php/wfs/gateway/plugin/WebFeedGatewayPlugin/atom","wfs.swst.org","needs-review","","zinote-historical-url-snapshot"
"ff1e2cfe0b270feb","Workplace-A Journal for Academic Labor","https://ices.library.ubc.ca/index.php/workplace/gateway/plugin/WebFeedGatewayPlugin/atom","ices.library.ubc.ca","needs-review","","zinote-historical-url-snapshot"
"caa011835bb622d3","World of Music-New Series","https://wom-journal.org/wom/gateway/plugin/WebFeedGatewayPlugin/atom","wom-journal.org","needs-review","","zinote-historical-url-snapshot"
"0c2d53ac8e02c88d","World Review of Political Economy","https://wrpe.org.uk/feed/","wrpe.org.uk","needs-review","","zinote-historical-url-snapshot"
"3b03091597f68ba5","Zaporozhye Medical Journal","https://zmj.zsmu.edu.ua/gateway/plugin/WebFeedGatewayPlugin/atom","zmj.zsmu.edu.ua","needs-review","","zinote-historical-url-snapshot"
"427dc818903fc2d9","Zbornik Matice Srpske za Likovne Umetnosti-Matica Srpska Journal for Fine Arts","https://www.maticasrpska.org.rs/comments/feed/","www.maticasrpska.org.rs","needs-review","","zinote-historical-url-snapshot"
"77601e9ba5295703","Zbornik Matice Srpske za Slavistiku-Matica Srpska Journal of Slavic Studies","https://www.maticasrpska.org.rs/en/comments/feed/","www.maticasrpska.org.rs","needs-review","","zinote-historical-url-snapshot"
"369c3ed07fe064fa","ZEITSCHRIFT FUR ETHNOLOGIE - Journal of Social and Cultural Anthropology","https://zfejsca.org/ojs/index.php/jsca/gateway/plugin/WebFeedGatewayPlugin/atom","zfejsca.org","needs-review","","zinote-historical-url-snapshot"
"431cec236360b107","Zeitschrift fur Katalanistik","https://ojs.ub.rub.de/index.php/ZfK/gateway/plugin/WebFeedGatewayPlugin/atom","ojs.ub.rub.de","needs-review","","zinote-historical-url-snapshot"
"de442bd3cece6b7f","Zhurnal Frontirnykh Issledovanii-Journal of Frontier Studies","https://jfs.today/index.php/jfs/gateway/plugin/WebFeedGatewayPlugin/atom","jfs.today","needs-review","","zinote-historical-url-snapshot"
"4a7f930511c05666","Zootaxa","https://www.mapress.com/zt/gateway/plugin/WebFeedGatewayPlugin/atom","www.mapress.com","needs-review","","zinote-historical-url-snapshot"
